timestamp,packet_size,direction
1479772906.050678,75,1
1479772906.072456,529,0
1479772906.074974,90,1
1479772906.349581,90,0
1479772911.050134,42,1
1479772911.050197,42,0
1479772943.903745,113,1
1479772975.251311,172,1
1479772975.396009,135,0
1479772975.653624,135,0
1479772975.659355,66,1
1479772980.400248,42,0
1479772980.401396,42,1
1479773211.435728,172,1
1479773211.580434,135,0
1479773211.837648,135,0
1479773211.838484,66,1
1479773216.590244,42,0
1479773216.591078,42,1
1479773447.620262,172,1
1479773447.764890,135,0
1479773448.021641,135,0
1479773448.022530,66,1
1479773452.770246,42,0
1479773452.771335,42,1
1479773543.911996,113,1
1479773683.804644,172,1
1479773683.949431,135,0
1479773684.201696,135,0
1479773684.202613,66,1
1479773688.950230,42,0
1479773688.951428,42,1
1479773919.989115,172,1
1479773920.133774,135,0
1479773920.136335,66,1
1479773925.140244,42,0
1479773925.141023,42,1
1479774143.963837,113,1
1479774156.161505,172,1
1479774156.306283,135,0
1479774156.561743,135,0
1479774156.582119,66,1
1479774161.310230,42,0
1479774161.313086,42,1
1479774392.345947,172,1
1479774392.490584,135,0
1479774392.749749,135,0
1479774392.750588,66,1
1479774397.500249,42,0
1479774397.503955,42,1
1479774628.530907,172,1
1479774628.675598,135,0
1479774628.678139,66,1
1479774633.680237,42,0
1479774633.680998,42,1
1479774743.945876,113,1
1479774864.506757,172,1
1479774864.651584,135,0
1479774864.909880,135,0
1479774864.911037,66,1
1479774869.660224,42,0
1479774869.661023,42,1
1479775100.691185,172,1
1479775100.837181,135,0
1479775100.838656,66,1
1479775105.840245,42,0
1479775105.841028,42,1
1479775336.667455,172,1
1479775336.812288,135,0
1479775336.814790,66,1
1479775341.820240,42,0
1479775341.821057,42,1
1479775343.926982,113,1
1479775572.643855,172,1
1479775572.789630,135,0
1479775572.792291,66,1
1479775577.790261,42,0
1479775577.791068,42,1
1479775808.620227,172,1
1479775808.765144,135,0
1479775808.767754,66,1
1479775813.770241,42,0
1479775813.771029,42,1
1479775943.904282,113,1
1479776044.778270,172,1
1479776044.923373,135,0
1479776044.925880,66,1
1479776049.930238,42,0
1479776049.931050,42,1
1479776280.753077,172,1
1479776281.456123,172,1
1479776282.864133,172,1
1479776285.681253,172,1
1479776285.954654,103,1
1479776287.864095,42,1
1479776287.864137,42,0
1479776291.313471,172,1
1479776301.657000,80,1
1479776301.677993,418,0
1479776301.680510,74,1
1479776301.824718,74,0
1479776301.826754,66,1
1479776301.827708,281,1
1479776301.972009,66,0
1479776301.975057,1514,0
1479776301.975173,1514,0
1479776301.975256,743,0
1479776301.976889,66,1
1479776301.977258,66,1
1479776301.977349,66,1
1479776302.066325,200,1
1479776302.211325,300,0
1479776302.215769,66,1
1479776302.282260,620,1
1479776302.443546,167,0
1479776302.484117,66,1
1479776302.577250,172,1
1479776302.593360,284,1
1479776302.744530,135,0
1479776302.800244,66,1
1479776306.680247,42,0
1479776306.681034,42,1
1479776325.105508,172,1
1479776330.104182,42,1
1479776330.104224,42,0
1479776370.161681,172,1
1479776375.160305,42,1
1479776375.160346,42,0
1479776460.272481,172,1
1479776465.272431,42,1
1479776465.272468,42,0
1479776508.757161,75,1
1479776508.778804,541,0
1479776508.780355,90,1
1479776509.046695,90,0
1479776513.757029,42,1
1479776513.757091,42,0
1479776538.669551,172,1
1479776538.813992,135,0
1479776538.815468,66,1
1479776543.820245,42,0
1479776543.821214,42,1
1479776543.903426,113,1
1479776774.646013,172,1
1479776774.790345,135,0
1479776775.029040,172,1
1479776775.126255,135,0
1479776775.127089,66,1
1479776775.173003,78,0
1479776779.800243,42,0
1479776779.802583,42,1
1479777010.934395,172,1
1479777011.078388,66,0
1479777011.078801,135,0
1479777011.088258,66,1
1479777016.080246,42,0
1479777016.081001,42,1
1479777143.928147,113,1
1479777246.911880,172,1
1479777247.056207,135,0
1479777247.058775,66,1
1479777252.060239,42,0
1479777252.061016,42,1
1479777482.887155,172,1
1479777483.031587,135,0
1479777483.033143,66,1
1479777488.040231,42,0
1479777488.040974,42,1
1479777718.863676,172,1
1479777719.007977,135,0
1479777719.010473,66,1
1479777724.010236,42,0
1479777724.011582,42,1
1479777743.915828,113,1
1479777954.900242,172,1
1479777955.044594,135,0
1479777955.046963,66,1
1479777960.050245,42,0
1479777960.051075,42,1
1479778190.876686,172,1
1479778191.021121,135,0
1479778191.023624,66,1
1479778196.030231,42,0
1479778196.031097,42,1
1479778343.934624,113,1
1479778426.853169,172,1
1479778426.997685,135,0
1479778427.000115,66,1
1479778432.000242,42,0
1479778432.001027,42,1
1479778662.829742,172,1
1479778662.974296,135,0
1479778663.234351,135,0
1479778663.235375,66,1
1479778667.980241,42,0
1479778667.981002,42,1
1479778899.018254,172,1
1479778899.163697,135,0
1479778899.422417,135,0
1479778899.423248,66,1
1479778904.170239,42,0
1479778904.170998,42,1
1479778943.927547,113,1
1479779135.198642,172,1
1479779135.343357,135,0
1479779135.345842,66,1
1479779140.350248,42,0
1479779140.351051,42,1
1479779371.175234,172,1
1479779371.319680,135,0
1479779371.322667,66,1
1479779376.320235,42,0
1479779376.321003,42,1
1479779543.966316,113,1
1479779607.152813,172,1
1479779607.297320,135,0
1479779607.301186,66,1
1479779612.300242,42,0
1479779612.301029,42,1
1479779843.204291,172,1
1479779843.348781,135,0
1479779843.357083,66,1
1479779848.350254,42,0
1479779848.351029,42,1
1479780079.183278,172,1
1479780079.327801,135,0
1479780079.330249,66,1
1479780084.330240,42,0
1479780084.330998,42,1
1479780111.456394,75,1
1479780111.477649,533,0
1479780111.480071,90,1
1479780116.459251,42,1
1479780116.459308,42,0
1479780116.496547,90,1
1479780121.495999,90,1
1479780121.772818,90,0
1479780126.780239,42,0
1479780126.785520,42,1
1479780143.956942,113,1
1479780315.157302,172,1
1479780315.301957,135,0
1479780315.304505,66,1
1479780320.310232,42,0
1479780320.311568,42,1
1479780551.133851,172,1
1479780551.663362,172,1
1479780552.716854,172,1
1479780554.828854,172,1
1479780556.335389,103,1
1479780559.052856,172,1
1479780561.332826,42,1
1479780561.332865,42,0
1479780562.335939,42,1
1479780562.335980,42,0
1479780567.500920,172,1
1479780574.117676,80,1
1479780574.126689,418,0
1479780574.147268,74,1
1479780574.381230,74,0
1479780574.382038,66,1
1479780574.383006,281,1
1479780574.616991,66,0
1479780574.620308,1514,0
1479780574.620426,1514,0
1479780574.620509,743,0
1479780574.624904,66,1
1479780574.625028,66,1
1479780574.625096,66,1
1479780574.713490,200,1
1479780574.948168,300,0
1479780574.950483,66,1
1479780575.055010,620,1
1479780575.328183,66,0
1479780575.410304,167,0
1479780575.449471,66,1
1479780575.574040,284,1
1479780575.807940,66,0
1479780575.814950,135,0
1479780575.884945,66,1
1479780579.130242,42,0
1479780579.131023,42,1
1479780584.396950,172,1
1479780618.189024,172,1
1479780623.188943,42,1
1479780623.188987,42,0
1479780685.773162,172,1
1479780690.773080,42,1
1479780690.773123,42,0
1479780743.951599,113,1
1479780811.758381,172,1
1479780811.997978,135,0
1479780812.377537,172,1
1479780812.564152,135,0
1479780812.565299,66,1
1479780812.616551,78,0
1479780817.000240,42,0
1479780817.001036,42,1
1479780893.965610,42,1
1479780894.001261,126,0
1479781046.178698,172,1
1479781046.412405,66,0
1479781046.413469,135,0
1479781046.415447,66,1
1479781051.420241,42,0
1479781051.421076,42,1
1479781282.256771,172,1
1479781282.496316,135,0
1479781282.498768,66,1
1479781287.500251,42,0
1479781287.501026,42,1
1479781343.950739,113,1
1479781518.335795,172,1
1479781518.569994,135,0
1479781518.572471,66,1
1479781523.570243,42,0
1479781523.571033,42,1
1479781754.522332,172,1
1479781754.756525,135,0
1479781754.759083,66,1
1479781759.760242,42,0
1479781759.761609,42,1
1479781943.964775,113,1
1479781990.492718,172,1
1479781990.727671,135,0
1479781990.730113,66,1
1479781995.730236,42,0
1479781995.731039,42,1
1479782226.573180,172,1
1479782226.807452,135,0
1479782226.809839,66,1
1479782231.810244,42,0
1479782231.811042,42,1
1479782462.553633,172,1
1479782462.793344,135,0
1479782462.796134,66,1
1479782467.800238,42,0
1479782467.801103,42,1
1479782543.966063,113,1
1479782698.630065,172,1
1479782698.864883,135,0
1479782698.866373,66,1
1479782703.870241,42,0
1479782703.884582,42,1
1479782934.710446,172,1
1479782935.353526,172,1
1479782936.641512,172,1
1479782939.217528,172,1
1479782939.709455,42,1
1479782939.709498,42,0
1479782939.912050,103,1
1479782944.369538,172,1
1479782952.494377,80,1
1479782952.503384,418,0
1479782952.504532,74,1
1479782952.648333,74,0
1479782952.649275,66,1
1479782952.650188,281,1
1479782952.794054,66,0
1479782952.797208,1514,0
1479782952.797320,1514,0
1479782952.797404,743,0
1479782952.798691,66,1
1479782952.799338,66,1
1479782952.799732,66,1
1479782952.888979,200,1
1479782953.033473,300,0
1479782953.035758,66,1
1479782953.122359,620,1
1479782953.280937,167,0
1479782953.321498,66,1
1479782953.430932,284,1
1479782953.581212,135,0
1479782953.637601,66,1
1479782954.673562,172,1
1479782957.510232,42,0
1479782957.511012,42,1
1479782975.281627,172,1
1479783016.497728,172,1
1479783021.497956,42,1
1479783021.497997,42,0
1479783098.929863,172,1
1479783103.929780,42,1
1479783103.929821,42,0
1479783143.979189,113,1
1479783189.506917,172,1
1479783189.651512,135,0
1479783189.653944,66,1
1479783194.660229,42,0
1479783194.660999,42,1
1479783425.535372,172,1
1479783425.679994,135,0
1479783425.682530,66,1
1479783430.680243,42,0
1479783430.681009,42,1
1479783661.511734,172,1
1479783661.656361,135,0
1479783661.878790,172,1
1479783661.971089,135,0
1479783661.973949,66,1
1479783662.022278,78,0
1479783666.660233,42,0
1479783666.662263,42,1
1479783724.179400,75,1
1479783724.200614,525,0
1479783729.178861,42,1
1479783729.178919,42,0
1479783734.194188,75,1
1479783734.194538,139,0
1479783734.195625,90,1
1479783739.200233,42,0
1479783739.202907,90,1
1479783739.203742,42,1
1479783739.468684,90,0
1479783743.968915,113,1
1479783897.800178,172,1
1479783897.943702,66,0
1479783897.944829,135,0
1479783897.946434,66,1
1479783902.950242,42,0
1479783902.951195,42,1
1479784133.776514,172,1
1479784133.921158,135,0
1479784133.923640,66,1
1479784138.930238,42,0
1479784138.933766,42,1
1479784343.976138,113,1
1479784369.648900,172,1
1479784369.793512,135,0
1479784370.066854,135,0
1479784370.067732,66,1
1479784374.800231,42,0
1479784374.801043,42,1
1479784605.937509,172,1
1479784606.082186,135,0
1479784606.085432,66,1
1479784611.090236,42,0
1479784611.091036,42,1
1479784841.915178,172,1
1479784842.060354,135,0
1479784842.326687,135,0
1479784842.327604,66,1
1479784847.070247,42,0
1479784847.071006,42,1
1479784943.988758,113,1
1479785078.098510,172,1
1479785078.243110,135,0
1479785078.245668,66,1
1479785083.250254,42,0
1479785083.251036,42,1
1479785314.158355,172,1
1479785314.302976,135,0
1479785314.305573,66,1
1479785319.310281,42,0
1479785319.314344,42,1
1479785536.108218,590,1
1479785536.111310,342,0
1479785541.108240,42,1
1479785541.108296,42,0
1479785543.982394,113,1
1479785550.134701,172,1
1479785550.279350,135,0
1479785550.538747,135,0
1479785550.539604,66,1
1479785555.280228,42,0
1479785555.285423,42,1
1479785786.323650,172,1
1479785786.468285,135,0
1479785786.726423,135,0
1479785786.727251,66,1
1479785791.470229,42,0
1479785791.475155,42,1
1479786022.507450,172,1
1479786022.652491,135,0
1479786022.654907,66,1
1479786027.660238,42,0
1479786027.661004,42,1
1479786143.989522,113,1
1479786258.483893,172,1
1479786258.628468,135,0
1479786258.886384,135,0
1479786258.892341,66,1
1479786263.630229,42,0
1479786263.631020,42,1
1479786494.668497,172,1
1479786494.813083,135,0
1479786494.814595,66,1
1479786499.820243,42,0
1479786499.820997,42,1
1479786730.644781,172,1
1479786730.789358,135,0
1479786730.793597,66,1
1479786735.790232,42,0
1479786735.791196,42,1
1479786743.994207,113,1
1479786966.622116,172,1
1479786966.766775,135,0
1479786966.775753,66,1
1479786971.770231,42,0
1479786971.771518,42,1
1479787202.741661,172,1
1479787202.886378,135,0
1479787202.891084,66,1
1479787207.890245,42,0
1479787207.900696,42,1
1479787341.873475,75,1
1479787341.894696,529,0
1479787341.896216,90,1
1479787342.191680,90,0
1479787344.006288,113,1
1479787346.889031,42,1
1479787346.889085,42,0
1479787438.720762,172,1
1479787438.865619,135,0
1479787438.868066,66,1
1479787443.870243,42,0
1479787443.871003,42,1
1479787674.694544,172,1
1479787674.839198,135,0
1479787675.098442,135,0
1479787675.099679,66,1
1479787679.840238,42,0
1479787679.842690,42,1
1479787910.879008,172,1
1479787911.023651,135,0
1479787911.026263,66,1
1479787916.030242,42,0
1479787916.033518,42,1
1479787944.032702,113,1
1479788146.863399,172,1
1479788147.008014,135,0
1479788147.010393,66,1
1479788152.010235,42,0
1479788152.011047,42,1
1479788382.831870,172,1
1479788382.976470,135,0
1479788383.230431,135,0
1479788383.231630,66,1
1479788387.980244,42,0
1479788387.981007,42,1
1479788544.011182,113,1
1479788619.016132,172,1
1479788619.161517,135,0
1479788619.414383,135,0
1479788619.418478,66,1
1479788624.170231,42,0
1479788624.172342,42,1
1479788855.200746,172,1
1479788855.345712,135,0
1479788855.350994,66,1
1479788860.350242,42,0
1479788860.352589,42,1
1479789091.324886,172,1
1479789092.104211,172,1
1479789093.664224,172,1
1479789096.324169,42,1
1479789096.324208,42,0
1479789096.526576,103,1
1479789096.787166,172,1
1479789103.024233,172,1
1479789115.504275,172,1
1479789116.389041,80,1
1479789116.398074,418,0
1479789121.400230,42,0
1479789121.401452,42,1
1479789126.405591,80,1
1479789126.414545,418,0
1479789126.415659,74,1
1479789126.559516,74,0
1479789126.560336,66,1
1479789126.561295,281,1
1479789126.705191,66,0
1479789126.708960,1514,0
1479789126.709079,1514,0
1479789126.709162,743,0
1479789126.712886,66,1
1479789126.712999,66,1
1479789126.713064,66,1
1479789126.800962,200,1
1479789126.949639,300,0
1479789126.951963,66,1
1479789126.998419,620,1
1479789127.160606,167,0
1479789127.200233,66,1
1479789127.310675,284,1
1479789127.462014,135,0
1479789127.516810,66,1
1479789140.464184,172,1
1479789144.023111,113,1
1479789190.384433,172,1
1479789195.384343,42,1
1479789195.384384,42,0
1479789290.225702,172,1
1479789295.224516,42,1
1479789295.224556,42,0
1479789296.224525,42,1
1479789296.224568,42,0
1479789363.391195,172,1
1479789363.535803,135,0
1479789363.541005,66,1
1479789368.540241,42,0
1479789368.544522,42,1
1479789599.366038,172,1
1479789599.510623,135,0
1479789599.511456,66,1
1479789604.520247,42,0
1479789604.520976,42,1
1479789744.021797,113,1
1479789835.342418,172,1
1479789835.487076,135,0
1479789835.717375,172,1
1479789835.806138,135,0
1479789835.806984,66,1
1479789835.860842,78,0
1479789840.490233,42,0
1479789840.491018,42,1
1479790071.630849,172,1
1479790071.774337,66,0
1479790071.775477,135,0
1479790071.782282,66,1
1479790076.780246,42,0
1479790076.785100,42,1
1479790307.613548,172,1
1479790307.759128,135,0
1479790307.763611,66,1
1479790312.760242,42,0
1479790312.781423,42,1
1479790344.018957,113,1
1479790543.583689,172,1
1479790543.728313,135,0
1479790544.010092,135,0
1479790544.010972,66,1
1479790548.730250,42,0
1479790548.741749,42,1
1479790779.872289,172,1
1479790780.016921,135,0
1479790780.019481,66,1
1479790785.020244,42,0
1479790785.021007,42,1
1479790944.020939,113,1
1479790944.600603,75,1
1479790944.808353,541,0
1479790944.810858,90,1
1479790945.082621,90,0
1479790949.599605,42,1
1479790949.599666,42,0
1479791016.036743,172,1
1479791016.181391,135,0
1479791016.182244,66,1
1479791021.190231,42,0
1479791021.190994,42,1
1479791252.014095,172,1
1479791252.158715,135,0
1479791252.422356,135,0
1479791252.423187,66,1
1479791257.160240,42,0
1479791257.161008,42,1
1479791488.197747,172,1
1479791488.342346,135,0
1479791488.598418,135,0
1479791488.599298,66,1
1479791493.350242,42,0
1479791493.350777,42,1
1479791544.040592,113,1
1479791724.382241,172,1
1479791724.526828,135,0
1479791724.529268,66,1
1479791729.530241,42,0
1479791729.532195,42,1
1479791960.358814,172,1
1479791960.503433,135,0
1479791960.507494,66,1
1479791965.510252,42,0
1479791965.511586,42,1
1479792144.052675,113,1
1479792196.338436,172,1
1479792196.483055,135,0
1479792196.485591,66,1
1479792201.490242,42,0
1479792201.497243,42,1
1479792432.317639,172,1
1479792432.462288,135,0
1479792432.718566,135,0
1479792432.720396,66,1
1479792437.470242,42,0
1479792437.470998,42,1
1479792668.496176,172,1
1479792668.640741,135,0
1479792668.899091,135,0
1479792668.908114,66,1
1479792673.650243,42,0
1479792673.651011,42,1
1479792744.044592,113,1
1479792904.764690,172,1
1479792904.909319,135,0
1479792904.910780,66,1
1479792909.910246,42,0
1479792909.911018,42,1
1479793140.741117,172,1
1479793140.885740,135,0
1479793140.888416,66,1
1479793145.890241,42,0
1479793145.891000,42,1
1479793344.039499,113,1
1479793376.717573,172,1
1479793376.862356,135,0
1479793376.864808,66,1
1479793381.870240,42,0
1479793381.872794,42,1
1479793612.698542,172,1
1479793612.843152,135,0
1479793612.845621,66,1
1479793617.850252,42,0
1479793617.851011,42,1
1479793848.674982,172,1
1479793848.819630,135,0
1479793848.822205,66,1
1479793853.820241,42,0
1479793853.821018,42,1
1479793944.040534,113,1
1479794084.653874,172,1
1479794084.798465,135,0
1479794085.054268,135,0
1479794085.055884,66,1
1479794089.800239,42,0
1479794089.801026,42,1
1479794320.835470,172,1
1479794320.980135,135,0
1479794321.234213,135,0
1479794321.235056,66,1
1479794325.980234,42,0
1479794325.980990,42,1
1479794544.066173,113,1
1479794547.493040,75,1
1479794547.703697,529,0
1479794547.710516,90,1
1479794547.998292,90,0
1479794552.490945,42,1
1479794552.491006,42,0
1479794557.091930,172,1
1479794557.236542,135,0
1479794557.238659,66,1
1479794562.240230,42,0
1479794562.243981,42,1
1479794793.091887,172,1
1479794793.236525,135,0
1479794793.238983,66,1
1479794798.240246,42,0
1479794798.249834,42,1
1479795029.045080,172,1
1479795029.189858,135,0
1479795029.192989,66,1
1479795034.190243,42,0
1479795034.219979,42,1
1479795144.049955,113,1
1479795265.021697,172,1
1479795265.735485,172,1
1479795267.156671,172,1
1479795270.009657,172,1
1479795270.020597,42,1
1479795270.020636,42,0
1479795270.223983,103,1
1479795275.700690,172,1
1479795286.965506,80,1
1479795286.974343,418,0
1479795286.979438,74,1
1479795287.092737,172,1
1479795287.123525,74,0
1479795287.124339,66,1
1479795287.125342,281,1
1479795287.269489,66,0
1479795287.272632,1514,0
1479795287.272747,1514,0
1479795287.272830,743,0
1479795287.273901,66,1
1479795287.274458,66,1
1479795287.275496,66,1
1479795287.366115,200,1
1479795287.510939,300,0
1479795287.513267,66,1
1479795287.592454,620,1
1479795287.754838,167,0
1479795287.792670,66,1
1479795287.901914,284,1
1479795288.052077,135,0
1479795288.108822,66,1
1479795291.980229,42,0
1479795291.980989,42,1
1479795309.876801,172,1
1479795355.444929,172,1
1479795360.444845,42,1
1479795360.444887,42,0
1479795446.582803,172,1
1479795451.581058,42,1
1479795451.581098,42,0
1479795523.982218,172,1
1479795524.126371,135,0
1479795524.128970,66,1
1479795529.130234,42,0
1479795529.139483,42,1
1479795744.064816,113,1
1479795759.960065,172,1
1479795760.104378,135,0
1479795760.105848,66,1
1479795765.110250,42,0
1479795765.111029,42,1
1479795995.935340,172,1
1479795996.080918,135,0
1479795996.083972,66,1
1479796001.090249,42,0
1479796001.091029,42,1
1479796231.911877,172,1
1479796232.056531,135,0
1479796232.059056,66,1
1479796237.060244,42,0
1479796237.062270,42,1
1479796344.062051,113,1
1479796467.973670,172,1
1479796468.118193,135,0
1479796468.327734,172,1
1479796468.402996,135,0
1479796468.432033,66,1
1479796468.471875,78,0
1479796473.120242,42,0
1479796473.121054,42,1
1479796704.249015,172,1
1479796704.393154,66,0
1479796704.393505,135,0
1479796704.395788,66,1
1479796709.400233,42,0
1479796709.402324,42,1
1479796940.225515,172,1
1479796940.370979,135,0
1479796940.374090,66,1
1479796944.065164,113,1
1479796945.380231,42,0
1479796945.381030,42,1
1479797176.202116,172,1
1479797176.346588,135,0
1479797176.615278,135,0
1479797176.616117,66,1
1479797181.350227,42,0
1479797181.355310,42,1
1479797412.386634,172,1
1479797412.531125,135,0
1479797412.533754,66,1
1479797417.540234,42,0
1479797417.541018,42,1
1479797544.065431,113,1
1479797648.363188,172,1
1479797648.507690,135,0
1479797648.509167,66,1
1479797653.510239,42,0
1479797653.513534,42,1
1479797884.339752,172,1
1479797884.484219,135,0
1479797884.747545,135,0
1479797884.748375,66,1
1479797889.490242,42,0
1479797889.491614,42,1
1479798120.524281,172,1
1479798120.668774,135,0
1479798120.671382,66,1
1479798125.670243,42,0
1479798125.671026,42,1
1479798144.073354,113,1
1479798150.407910,75,1
1479798150.412236,545,0
1479798150.414687,90,1
1479798150.741262,90,0
1479798356.576872,172,1
1479798356.721352,135,0
1479798356.723946,66,1
1479798361.730241,42,0
1479798361.731021,42,1
1479798592.553362,172,1
1479798592.697839,135,0
1479798592.700429,66,1
1479798597.700246,42,0
1479798597.701093,42,1
1479798744.067914,113,1
1479798828.529907,172,1
1479798828.674342,135,0
1479798828.675816,66,1
1479798833.680240,42,0
1479798833.681479,42,1
1479799064.506471,172,1
1479799064.650958,135,0
1479799064.652423,66,1
1479799069.660230,42,0
1479799069.662502,42,1
1479799300.378952,172,1
1479799300.523421,135,0
1479799300.779901,135,0
1479799300.780731,66,1
1479799305.530242,42,0
1479799305.531025,42,1
1479799344.094035,113,1
1479799536.563472,172,1
1479799536.707984,135,0
1479799536.712499,66,1
1479799541.710242,42,0
1479799541.711046,42,1
1479799772.540512,172,1
1479799772.685079,135,0
1479799772.687618,66,1
1479799777.690237,42,0
1479799777.691019,42,1
1479799944.102145,113,1
1479800008.516452,172,1
1479800008.662194,135,0
1479800008.920048,135,0
1479800008.920906,66,1
1479800013.670234,42,0
1479800013.671046,42,1
1479800244.677017,172,1
1479800244.821536,135,0
1479800244.823915,66,1
1479800249.830240,42,0
1479800249.831022,42,1
1479800480.653494,172,1
1479800480.797999,135,0
1479800480.800566,66,1
1479800485.800229,42,0
1479800485.804112,42,1
1479800544.102725,113,1
1479800716.526043,172,1
1479800716.670609,135,0
1479800716.673715,66,1
1479800721.680238,42,0
1479800721.681279,42,1
1479800952.398523,172,1
1479800952.543003,135,0
1479800952.545536,66,1
1479800957.550238,42,0
1479800957.551021,42,1
1479801144.101613,113,1
1479801188.375050,172,1
1479801188.519685,135,0
1479801188.776265,135,0
1479801188.864704,66,1
1479801193.520242,42,0
1479801193.523366,42,1
1479801424.663612,172,1
1479801425.422645,172,1
1479801426.944858,172,1
1479801429.664279,42,1
1479801429.664321,42,0
1479801429.869981,103,1
1479801429.982643,172,1
1479801436.062667,172,1
1479801448.222729,172,1
1479801448.687461,80,1
1479801448.696261,418,0
1479801448.698715,74,1
1479801448.842936,74,0
1479801448.844160,66,1
1479801448.845112,281,1
1479801448.989421,66,0
1479801448.992449,1514,0
1479801448.992556,1514,0
1479801448.992623,743,0
1479801448.995072,66,1
1479801448.995300,66,1
1479801448.995398,66,1
1479801449.087462,200,1
1479801449.232411,300,0
1479801449.235196,66,1
1479801449.312793,620,1
1479801449.469168,167,0
1479801449.506634,66,1
1479801449.624081,284,1
1479801449.777842,135,0
1479801449.831861,66,1
1479801453.700230,42,0
1479801453.704605,42,1
1479801472.546178,172,1
1479801521.186402,172,1
1479801526.182845,42,1
1479801526.182888,42,0
1479801618.467225,172,1
1479801623.463054,42,1
1479801623.463095,42,0
1479801685.706809,172,1
1479801685.851129,135,0
1479801685.853588,66,1
1479801690.860240,42,0
1479801690.865418,42,1
1479801744.100580,113,1
1479801753.147885,75,1
1479801753.168786,529,0
1479801753.174071,90,1
1479801753.505966,90,0
1479801758.147329,42,1
1479801758.147387,42,0
1479801921.682179,172,1
1479801921.826557,135,0
1479801922.063749,172,1
1479801922.164478,135,0
1479801922.165348,66,1
1479801922.207746,78,0
1479801926.830231,42,0
1479801926.831021,42,1
1479802155.929201,172,1
1479802156.073188,66,0
1479802156.073523,135,0
1479802156.075839,66,1
1479802161.080251,42,0
1479802161.081040,42,1
1479802344.098274,113,1
1479802391.905931,172,1
1479802392.050267,135,0
1479802392.055617,66,1
1479802397.060230,42,0
1479802397.061048,42,1
1479802627.882305,172,1
1479802628.026646,135,0
1479802628.029726,66,1
1479802633.030229,42,0
1479802633.031379,42,1
1479802863.858783,172,1
1479802864.003110,135,0
1479802864.284656,135,0
1479802864.285521,66,1
1479802869.010249,42,0
1479802869.011013,42,1
1479802944.104014,113,1
1479803100.147363,172,1
1479803100.291705,135,0
1479803100.560707,135,0
1479803100.561552,66,1
1479803105.300235,42,0
1479803105.301019,42,1
1479803336.331869,172,1
1479803336.476201,135,0
1479803336.478687,66,1
1479803341.480228,42,0
1479803341.481037,42,1
1479803544.104774,113,1
1479803572.308588,172,1
1479803572.452906,135,0
1479803572.716803,135,0
1479803572.717655,66,1
1479803577.460236,42,0
1479803577.461017,42,1
1479803808.495692,172,1
1479803808.639995,135,0
1479803808.896869,135,0
1479803808.899903,66,1
1479803813.640230,42,0
1479803813.641222,42,1
1479804044.857409,172,1
1479804045.001706,135,0
1479804045.004142,66,1
1479804050.010241,42,0
1479804050.011004,42,1
1479804144.113747,113,1
1479804280.729967,172,1
1479804280.874124,135,0
1479804280.876584,66,1
1479804285.880249,42,0
1479804285.881145,42,1
1479804516.602526,172,1
1479804516.746703,135,0
1479804516.749082,66,1
1479804521.750240,42,0
1479804521.751020,42,1
1479804744.109915,113,1
1479804752.579019,172,1
1479804752.723213,135,0
1479804752.725656,66,1
1479804757.730236,42,0
1479804757.731015,42,1
1479804988.557471,172,1
1479804988.701592,135,0
1479804988.960966,135,0
1479804988.961805,66,1
1479804993.710241,42,0
1479804993.711019,42,1
1479805224.740478,172,1
1479805224.884664,135,0
1479805225.141017,135,0
1479805225.141853,66,1
1479805229.890235,42,0
1479805229.891032,42,1
1479805344.120518,113,1
1479805355.915927,75,1
1479805355.937394,545,0
1479805355.940042,90,1
1479805356.271818,90,0
1479805360.915414,42,1
1479805360.915474,42,0
1479805460.924616,172,1
1479805461.068750,135,0
1479805461.325116,135,0
1479805461.328431,66,1
1479805466.070233,42,0
1479805466.071005,42,1
1479805697.109195,172,1
1479805697.253337,135,0
1479805697.255854,66,1
1479805702.260243,42,0
1479805702.263085,42,1
1479805933.169705,172,1
1479805933.313818,135,0
1479805933.316404,66,1
1479805938.320233,42,0
1479805938.321075,42,1
1479805944.123055,113,1
1479806169.146281,172,1
1479806169.290415,135,0
1479806169.292829,66,1
1479806174.300229,42,0
1479806174.301009,42,1
1479806405.122802,172,1
1479806405.266943,135,0
1479806405.521342,135,0
1479806405.522212,66,1
1479806410.270249,42,0
1479806410.271004,42,1
1479806544.125301,113,1
1479806641.307334,172,1
1479806641.451473,135,0
1479806641.454018,66,1
1479806646.460229,42,0
1479806646.461286,42,1
1479806877.283923,172,1
1479806877.428066,135,0
1479806877.429530,66,1
1479806882.430239,42,0
1479806882.433223,42,1
1479807113.260415,172,1
1479807113.404572,135,0
1479807113.406922,66,1
1479807118.410233,42,0
1479807118.410992,42,1
1479807136.691784,590,1
1479807136.694506,342,0
1479807142.003547,42,1
1479807142.003588,42,0
1479807144.127372,113,1
1479807349.237035,172,1
1479807349.381212,135,0
1479807349.384182,66,1
1479807354.390236,42,0
1479807354.391021,42,1
1479807585.241467,172,1
1479807585.936532,172,1
1479807587.328523,172,1
1479807590.112532,172,1
1479807590.240491,42,1
1479807590.240533,42,0
1479807590.442899,103,1
1479807595.680555,172,1
1479807603.025359,80,1
1479807603.034571,418,0
1479807603.037005,74,1
1479807603.280452,74,0
1479807603.281302,66,1
1479807603.282263,281,1
1479807603.525805,66,0
1479807603.528864,1514,0
1479807603.528986,1514,0
1479807603.529075,743,0
1479807603.531990,66,1
1479807603.532379,66,1
1479807603.532472,66,1
1479807603.618385,200,1
1479807603.862582,300,0
1479807603.864963,66,1
1479807603.962653,620,1
1479807604.218954,167,0
1479807604.256508,66,1
1479807604.380909,284,1
1479807604.631508,135,0
1479807604.689064,66,1
1479807606.816565,172,1
1479807608.040232,42,0
1479807608.040989,42,1
1479807629.088443,172,1
1479807673.632726,172,1
1479807678.632721,42,1
1479807678.632761,42,0
1479807744.124179,113,1
1479807762.720925,172,1
1479807767.729273,42,1
1479807767.729316,42,0
1479807840.561971,172,1
1479807840.806209,135,0
1479807840.809236,66,1
1479807845.810239,42,0
1479807845.811022,42,1
1479808076.638960,172,1
1479808076.883296,135,0
1479808076.885914,66,1
1479808081.890242,42,0
1479808081.895821,42,1
1479808312.718829,172,1
1479808312.963133,135,0
1479808312.965596,66,1
1479808317.970243,42,0
1479808317.971010,42,1
1479808344.158474,113,1
1479808548.799320,172,1
1479808549.043606,135,0
1479808549.046176,66,1
1479808554.050243,42,0
1479808554.051028,42,1
1479808784.879731,172,1
1479808785.124072,135,0
1479808785.126647,66,1
1479808790.130232,42,0
1479808790.130995,42,1
1479808944.161690,113,1
1479808958.684565,75,1
1479808958.857452,525,0
1479808958.860259,90,1
1479808959.127347,90,0
1479808963.680251,42,1
1479808963.680307,42,0
1479809020.960610,172,1
1479809021.204907,135,0
1479809021.207427,66,1
1479809026.210242,42,0
1479809026.211000,42,1
1479809257.040736,172,1
1479809257.285049,135,0
1479809257.291036,66,1
1479809262.290239,42,0
1479809262.291012,42,1
1479809493.357173,172,1
1479809493.601460,135,0
1479809493.824218,172,1
1479809493.985809,135,0
1479809493.990604,66,1
1479809494.067375,78,0
1479809498.610232,42,0
1479809498.610998,42,1
1479809544.136105,113,1
1479809729.853683,172,1
1479809730.096830,66,0
1479809730.098039,135,0
1479809730.099492,66,1
1479809735.100247,42,0
1479809735.101029,42,1
1479809965.934122,172,1
1479809966.178593,135,0
1479809966.181125,66,1
1479809971.180240,42,0
1479809971.181018,42,1
1479810144.168346,113,1
1479810202.014596,172,1
1479810202.259473,135,0
1479810202.625407,135,0
1479810202.626567,66,1
1479810207.260244,42,0
1479810207.262431,42,1
1479810438.407135,172,1
1479810438.652036,135,0
1479810438.654575,66,1
1479810443.660234,42,0
1479810443.660986,42,1
1479810674.487528,172,1
1479810674.732398,135,0
1479810674.740249,66,1
1479810679.740255,42,0
1479810679.741011,42,1
1479810744.161739,113,1
1479810910.568539,172,1
1479810910.813428,135,0
1479810910.816611,66,1
1479810915.820233,42,0
1479810915.825459,42,1
1479811146.648620,172,1
1479811146.893543,135,0
1479811147.253138,135,0
1479811147.253973,66,1
1479811151.900236,42,0
1479811151.901404,42,1
1479811344.152576,113,1
1479811380.949099,172,1
1479811381.193996,135,0
1479811381.196724,66,1
1479811386.200240,42,0
1479811386.201024,42,1
1479811616.925803,172,1
1479811617.170737,135,0
1479811617.173223,66,1
1479811622.180244,42,0
1479811622.181014,42,1
1479811853.006958,172,1
1479811853.894275,172,1
1479811855.669395,172,1
1479811858.005089,42,1
1479811858.005132,42,0
1479811858.207477,103,1
1479811859.221112,172,1
1479811866.325669,172,1
1479811872.876630,80,1
1479811872.885841,418,0
1479811877.890244,42,0
1479811877.891992,42,1
1479811880.533150,172,1
1479811882.881312,80,1
1479811882.881690,220,0
1479811882.882784,74,1
1479811883.026547,74,0
1479811883.027406,66,1
1479811883.028364,281,1
1479811883.172222,66,0
1479811883.175302,1514,0
1479811883.175415,1514,0
1479811883.175500,743,0
1479811883.176904,66,1
1479811883.177010,66,1
1479811883.177075,66,1
1479811883.265909,200,1
1479811883.410390,300,0
1479811883.413182,66,1
1479811883.479242,620,1
1479811883.641362,167,0
1479811883.681097,66,1
1479811883.790339,284,1
1479811883.947925,135,0
1479811883.997218,66,1
1479811908.949220,172,1
1479811944.163812,113,1
1479811965.781354,172,1
1479811970.781260,42,1
1479811970.781302,42,0
1479812079.445545,172,1
1479812084.445455,42,1
1479812084.445496,42,0
1479812085.445446,42,1
1479812085.445487,42,0
1479812119.870474,172,1
1479812120.015138,135,0
1479812120.017710,66,1
1479812125.020330,42,0
1479812125.021120,42,1
1479812355.847727,172,1
1479812355.992377,135,0
1479812356.225984,172,1
1479812356.336299,135,0
1479812356.337123,66,1
1479812356.369446,78,0
1479812361.000238,42,0
1479812361.004194,42,1
1479812544.162924,113,1
1479812561.534834,75,1
1479812562.557807,545,0
1479812566.534282,42,1
1479812566.534343,42,0
1479812571.546479,75,1
1479812571.555690,139,0
1479812571.556781,90,1
1479812571.837913,90,0
1479812576.560243,42,0
1479812576.561013,42,1
1479812592.135319,172,1
1479812592.278824,66,0
1479812592.279977,135,0
1479812592.283083,66,1
1479812828.111885,172,1
1479812828.256548,135,0
1479812828.259045,66,1
1479812833.260230,42,0
1479812833.262074,42,1
1479813064.088152,172,1
1479813064.232886,135,0
1479813064.237084,66,1
1479813069.240229,42,0
1479813069.240985,42,1
1479813144.168837,113,1
1479813300.141812,172,1
1479813300.287641,135,0
1479813300.290034,66,1
1479813305.290240,42,0
1479813305.291008,42,1
1479813536.117040,172,1
1479813536.261665,135,0
1479813536.264101,66,1
1479813541.270241,42,0
1479813541.271006,42,1
1479813744.170012,113,1
1479813772.093416,172,1
1479813772.238035,135,0
1479813772.241112,66,1
1479813777.240252,42,0
1479813777.242680,42,1
1479814008.069921,172,1
1479814008.214594,135,0
1479814008.216948,66,1
1479814013.220232,42,0
1479814013.221000,42,1
1479814244.046308,172,1
1479814244.191146,135,0
1479814244.194138,66,1
1479814249.200234,42,0
1479814249.201049,42,1
1479814344.197620,113,1
1479814480.022811,172,1
1479814480.167486,135,0
1479814480.170010,66,1
1479814485.170240,42,0
1479814485.171020,42,1
1479814715.999212,172,1
1479814716.143913,135,0
1479814716.390286,172,1
1479814716.400699,135,0
1479814716.401510,66,1
1479814716.533785,78,0
1479814721.150242,42,0
1479814721.151026,42,1
1479814944.182999,113,1
1479814952.183669,172,1
1479814952.327166,66,0
1479814952.328321,135,0
1479814952.330440,66,1
1479814957.330239,42,0
1479814957.331025,42,1
1479815188.256174,172,1
1479815188.400834,135,0
1479815188.403313,66,1
1479815193.410231,42,0
1479815193.411027,42,1
1479815236.711529,590,1
1479815236.714191,342,0
1479815241.713407,42,1
1479815241.713468,42,0
1479815424.234117,172,1
1479815424.380065,135,0
1479815424.384780,66,1
1479815429.380233,42,0
1479815429.383226,42,1
1479815544.198083,113,1
1479815660.205086,172,1
1479815660.349712,135,0
1479815660.608878,135,0
1479815660.609730,66,1
1479815665.350241,42,0
1479815665.351025,42,1
1479815896.389480,172,1
1479815896.535152,135,0
1479815896.792832,135,0
1479815896.793682,66,1
1479815901.540241,42,0
1479815901.554450,42,1
1479816132.573773,172,1
1479816132.718432,135,0
1479816132.720867,66,1
1479816137.720233,42,0
1479816137.721032,42,1
1479816144.185544,113,1
1479816174.245673,75,1
1479816174.269011,529,0
1479816174.271404,90,1
1479816174.552318,90,0
1479816179.245093,42,1
1479816179.245154,42,0
1479816368.553747,172,1
1479816368.698383,135,0
1479816368.700874,66,1
1479816373.700232,42,0
1479816373.701011,42,1
1479816604.527346,172,1
1479816604.673364,135,0
1479816604.675802,66,1
1479816609.680241,42,0
1479816609.681004,42,1
1479816744.189936,113,1
1479816840.503588,172,1
1479816840.648259,135,0
1479816840.651581,66,1
1479816845.650237,42,0
1479816845.651018,42,1
1479817076.636334,172,1
1479817076.780988,135,0
1479817076.783570,66,1
1479817081.790234,42,0
1479817081.791051,42,1
1479817312.612627,172,1
1479817312.757342,135,0
1479817312.763249,66,1
1479817317.760243,42,0
1479817317.762138,42,1
1479817344.207796,113,1
1479817548.589278,172,1
1479817548.733911,135,0
1479817548.736615,66,1
1479817553.740230,42,0
1479817553.741019,42,1
1479817784.565691,172,1
1479817785.091657,172,1
1479817786.112761,172,1
1479817788.176776,172,1
1479817789.564756,42,1
1479817789.564799,42,0
1479817789.767139,103,1
1479817792.304787,172,1
1479817800.560821,172,1
1479817804.429599,80,1
1479817804.438568,418,0
1479817804.441207,74,1
1479817804.675009,74,0
1479817804.676875,66,1
1479817804.678099,281,1
1479817804.912359,66,0
1479817804.915407,1514,0
1479817804.915521,1514,0
1479817804.915603,743,0
1479817804.917031,66,1
1479817804.917203,66,1
1479817804.917291,66,1
1479817805.009513,200,1
1479817805.244096,300,0
1479817805.246361,66,1
1479817805.262929,620,1
1479817805.516845,167,0
1479817805.556753,66,1
1479817805.678403,284,1
1479817805.920800,135,0
1479817805.960751,66,1
1479817809.440229,42,0
1479817809.447163,42,1
1479817817.072874,172,1
1479817850.096950,172,1
1479817855.096889,42,1
1479817855.096930,42,0
1479817916.145105,172,1
1479817921.145010,42,1
1479817921.145054,42,0
1479817922.145016,42,1
1479817922.145058,42,0
1479817944.193534,113,1
1479818041.862319,172,1
1479818042.096778,135,0
1479818042.099320,66,1
1479818047.100240,42,0
1479818047.101025,42,1
1479818277.945313,172,1
1479818278.180162,135,0
1479818278.489928,172,1
1479818278.680955,135,0
1479818278.683405,66,1
1479818278.724052,78,0
1479818283.180240,42,0
1479818283.181075,42,1
1479818514.543328,172,1
1479818514.776676,66,0
1479818514.777844,135,0
1479818514.779421,66,1
1479818519.780246,42,0
1479818519.781083,42,1
1479818544.195871,113,1
1479818750.723843,172,1
1479818750.958464,135,0
1479818751.393168,135,0
1479818751.394025,66,1
1479818755.960274,42,0
1479818755.961072,42,1
1479818985.036408,172,1
1479818985.270931,135,0
1479818985.274905,66,1
1479818990.280242,42,0
1479818990.281035,42,1
1479819144.218954,113,1
1479819221.116926,172,1
1479819221.351659,135,0
1479819221.353152,66,1
1479819226.360228,42,0
1479819226.361020,42,1
1479819457.197407,172,1
1479819457.431720,135,0
1479819457.434759,66,1
1479819462.440241,42,0
1479819462.442030,42,1
1479819692.157934,172,1
1479819692.392512,135,0
1479819692.395101,66,1
1479819697.400241,42,0
1479819697.401014,42,1
1479819744.222301,113,1
1479819777.125720,75,1
1479819777.304754,533,0
1479819777.307306,90,1
1479819777.588487,90,0
1479819782.125916,42,1
1479819782.125974,42,0
1479819928.238484,172,1
1479819928.473415,135,0
1479819928.475860,66,1
1479819933.480242,42,0
1479819933.480999,42,1
1479820164.319169,172,1
1479820164.557163,135,0
1479820164.559702,66,1
1479820169.560230,42,0
1479820169.561337,42,1
1479820344.206804,113,1
1479820400.403497,172,1
1479820400.638161,135,0
1479820400.993874,135,0
1479820400.994729,66,1
1479820405.640241,42,0
1479820405.641033,42,1
1479820636.797228,172,1
1479820637.031846,135,0
1479820637.034209,66,1
1479820642.040242,42,0
1479820642.041003,42,1
1479820872.876158,172,1
1479820873.111897,135,0
1479820873.113390,66,1
1479820878.120245,42,0
1479820878.121354,42,1
1479820944.221542,113,1
1479821108.956544,172,1
1479821109.195292,135,0
1479821109.196783,66,1
1479821114.200230,42,0
1479821114.201033,42,1
1479821345.036870,172,1
1479821345.275417,135,0
1479821345.278011,66,1
1479821350.280239,42,0
1479821350.281011,42,1
1479821544.218707,113,1
1479821581.265299,172,1
1479821581.500684,135,0
1479821581.503162,66,1
1479821586.510237,42,0
1479821586.514744,42,1
1479821817.345839,172,1
1479821817.580184,135,0
1479821817.925604,135,0
1479821817.926433,66,1
1479821822.580241,42,0
1479821822.583578,42,1
1479822053.737940,172,1
1479822053.973397,135,0
1479822054.000445,66,1
1479822058.980239,42,0
1479822058.981012,42,1
1479822144.218008,113,1
1479822289.818376,172,1
1479822290.053187,135,0
1479822290.056413,66,1
1479822295.060232,42,0
1479822295.063771,42,1
1479822525.898726,172,1
1479822526.133077,135,0
1479822526.135550,66,1
1479822531.140228,42,0
1479822531.141053,42,1
1479822744.238041,113,1
1479822761.979114,172,1
1479822762.215983,135,0
1479822762.218515,66,1
1479822767.220247,42,0
1479822767.221030,42,1
1479822998.059653,172,1
1479822998.294011,135,0
1479822998.296480,66,1
1479823003.300239,42,0
1479823003.304301,42,1
1479823234.139889,172,1
1479823234.375538,135,0
1479823234.378140,66,1
1479823239.380239,42,0
1479823239.381003,42,1
1479823344.235972,113,1
1479823379.995701,75,1
1479823380.288495,533,0
1479823380.291321,90,1
1479823380.569020,90,0
1479823384.995173,42,1
1479823384.995232,42,0
1479823470.408313,172,1
1479823470.650329,135,0
1479823471.001649,135,0
1479823471.003910,66,1
1479823475.660240,42,0
1479823475.661001,42,1
1479823706.800740,172,1
1479823707.035209,135,0
1479823707.385669,135,0
1479823707.390189,66,1
1479823712.040229,42,0
1479823712.040982,42,1
1479823941.009108,172,1
1479823942.036190,172,1
1479823944.092187,172,1
1479823944.239483,113,1
1479823946.008156,42,1
1479823946.008190,42,0
1479823946.210596,103,1
1479823948.204205,172,1
1479823956.428712,172,1
1479823958.689019,80,1
1479823958.697985,418,0
1479823963.700258,42,0
1479823963.705535,42,1
1479823968.700380,80,1
1479823968.700764,220,0
1479823968.701854,74,1
1479823968.845959,74,0
1479823968.846786,66,1
1479823968.847748,281,1
1479823968.991538,66,0
1479823968.994619,1514,0
1479823968.994735,1514,0
1479823968.994818,743,0
1479823968.996397,66,1
1479823968.996499,66,1
1479823968.996565,66,1
1479823969.084950,200,1
1479823969.229439,300,0
1479823969.232784,66,1
1479823969.298324,620,1
1479823969.460744,167,0
1479823969.504006,66,1
1479823969.609420,284,1
1479823969.761480,135,0
1479823969.816284,66,1
1479823972.876280,172,1
1479824005.772324,172,1
1479824010.772270,42,1
1479824010.772311,42,0
1479824071.564432,172,1
1479824076.564397,42,1
1479824076.564438,42,0
1479824205.691439,172,1
1479824205.836062,135,0
1479824205.856148,66,1
1479824210.840244,42,0
1479824210.841006,42,1
1479824441.666028,172,1
1479824441.810732,135,0
1479824441.812204,66,1
1479824446.820245,42,0
1479824446.821015,42,1
1479824544.248222,113,1
1479824677.642503,172,1
1479824677.787145,135,0
1479824677.789766,66,1
1479824682.790244,42,0
1479824682.791006,42,1
1479824913.619023,172,1
1479824913.763642,135,0
1479824913.986055,172,1
1479824914.071331,135,0
1479824914.075408,66,1
1479824914.129520,78,0
1479824918.770232,42,0
1479824918.770999,42,1
1479825144.269205,113,1
1479825150.083175,172,1
1479825150.226639,66,0
1479825150.227811,135,0
1479825150.230582,66,1
1479825155.230236,42,0
1479825155.231024,42,1
1479825385.952250,172,1
1479825386.097188,135,0
1479825386.379327,135,0
1479825386.384085,66,1
1479825391.100241,42,0
1479825391.101017,42,1
1479825622.240485,172,1
1479825622.385148,135,0
1479825622.391235,66,1
1479825627.390229,42,0
1479825627.391003,42,1
1479825744.249815,113,1
1479825858.218110,172,1
1479825858.362708,135,0
1479825858.364182,66,1
1479825863.370243,42,0
1479825863.371021,42,1
1479826094.193478,172,1
1479826094.338109,135,0
1479826094.340546,66,1
1479826099.340237,42,0
1479826099.340994,42,1
1479826330.172927,172,1
1479826330.317531,135,0
1479826330.320012,66,1
1479826335.320241,42,0
1479826335.321060,42,1
1479826344.255869,113,1
1479826566.147085,172,1
1479826566.291705,135,0
1479826566.294140,66,1
1479826571.300241,42,0
1479826571.300997,42,1
1479826802.122959,172,1
1479826802.268863,135,0
1479826802.271548,66,1
1479826807.270248,42,0
1479826807.271500,42,1
1479826944.254501,113,1
1479826982.974888,75,1
1479826982.996151,517,0
1479826983.003316,90,1
1479826983.320629,90,0
1479826987.974383,42,1
1479826987.974445,42,0
1479827038.159434,172,1
1479827038.304081,135,0
1479827038.306531,66,1
1479827043.310239,42,0
1479827043.315515,42,1
1479827273.511954,172,1
1479827273.656581,135,0
1479827273.915651,135,0
1479827273.922419,66,1
1479827278.660243,42,0
1479827278.684443,42,1
1479827508.968419,172,1
1479827509.113065,135,0
1479827509.115689,66,1
1479827514.120246,42,0
1479827514.121017,42,1
1479827544.261672,113,1
1479827744.113497,172,1
1479827744.258348,135,0
1479827744.260764,66,1
1479827749.260241,42,0
1479827749.261015,42,1
1479827979.153405,172,1
1479827979.298079,135,0
1479827979.300580,66,1
1479827984.300245,42,0
1479827984.301006,42,1
1479828144.274267,113,1
1479828214.401907,172,1
1479828214.936960,172,1
1479828216.008948,172,1
1479828218.152963,172,1
1479828219.400944,42,1
1479828219.400986,42,0
1479828219.603390,103,1
1479828222.440978,172,1
1479828231.017057,172,1
1479828231.145782,80,1
1479828231.155458,418,0
1479828236.160232,42,0
1479828236.161063,42,1
1479828241.157962,80,1
1479828241.158338,220,0
1479828241.159421,74,1
1479828241.303165,74,0
1479828241.303996,66,1
1479828241.304994,281,1
1479828241.448792,66,0
1479828241.451918,1514,0
1479828241.452037,1514,0
1479828241.452122,743,0
1479828241.453428,66,1
1479828241.453530,66,1
1479828241.453593,66,1
1479828241.542128,200,1
1479828241.686643,300,0
1479828241.688982,66,1
1479828241.755118,620,1
1479828241.925510,167,0
1479828241.961069,66,1
1479828242.066211,284,1
1479828242.218711,135,0
1479828242.260960,66,1
1479828248.169086,172,1
1479828282.473142,172,1
1479828287.473081,42,1
1479828287.473121,42,0
1479828351.081324,172,1
1479828356.081234,42,1
1479828356.081274,42,0
1479828478.148060,172,1
1479828478.292681,135,0
1479828478.295097,66,1
1479828483.300240,42,0
1479828483.301006,42,1
1479828714.122949,172,1
1479828714.267569,135,0
1479828714.270167,66,1
1479828719.270238,42,0
1479828719.270998,42,1
1479828744.266261,113,1
1479828950.215466,172,1
1479828950.360064,135,0
1479828950.362528,66,1
1479828955.360233,42,0
1479828955.361013,42,1
1479829186.191908,172,1
1479829186.336502,135,0
1479829186.338096,66,1
1479829191.340235,42,0
1479829191.340998,42,1
1479829344.274303,113,1
1479829421.960594,172,1
1479829422.105150,135,0
1479829422.319421,172,1
1479829422.392092,135,0
1479829422.394165,66,1
1479829422.462896,78,0
1479829427.110237,42,0
1479829427.111022,42,1
1479829657.728885,172,1
1479829657.872372,66,0
1479829657.873490,135,0
1479829657.874984,66,1
1479829662.880230,42,0
1479829662.885036,42,1
1479829893.185327,172,1
1479829893.329972,135,0
1479829893.600276,135,0
1479829893.601133,66,1
1479829898.330232,42,0
1479829898.331057,42,1
1479829944.271430,113,1
1479830128.641795,172,1
1479830128.786409,135,0
1479830128.788845,66,1
1479830133.790226,42,0
1479830133.791005,42,1
1479830363.890314,172,1
1479830364.034869,135,0
1479830364.037493,66,1
1479830369.040247,42,0
1479830369.041034,42,1
1479830544.276425,113,1
1479830585.726291,75,1
1479830585.748134,517,0
1479830585.750721,90,1
1479830586.032602,90,0
1479830590.725748,42,1
1479830590.725807,42,0
1479830599.034762,172,1
1479830599.179317,135,0
1479830599.436479,135,0
1479830599.437326,66,1
1479830604.180243,42,0
1479830604.181023,42,1
1479830835.207213,172,1
1479830835.351823,135,0
1479830835.353311,66,1
1479830840.360230,42,0
1479830840.367625,42,1
1479831071.079698,172,1
1479831071.225452,135,0
1479831071.228064,66,1
1479831076.230236,42,0
1479831076.230998,42,1
1479831144.284511,113,1
1479831307.056198,172,1
1479831307.200778,135,0
1479831307.460671,135,0
1479831307.461526,66,1
1479831312.210236,42,0
1479831312.211015,42,1
1479831543.253534,172,1
1479831543.398197,135,0
1479831543.656756,135,0
1479831543.657609,66,1
1479831548.400241,42,0
1479831548.401011,42,1
1479831744.287107,113,1
1479831779.529212,172,1
1479831779.673769,135,0
1479831779.676119,66,1
1479831784.680239,42,0
1479831784.683866,42,1
1479832015.505675,172,1
1479832015.650289,135,0
1479832015.652673,66,1
1479832020.660240,42,0
1479832020.660998,42,1
1479832251.482130,172,1
1479832251.626756,135,0
1479832251.629225,66,1
1479832256.630229,42,0
1479832256.634285,42,1
1479832344.294638,113,1
1479832487.458685,172,1
1479832487.603306,135,0
1479832487.605828,66,1
1479832492.610244,42,0
1479832492.611035,42,1
1479832723.543133,172,1
1479832723.687710,135,0
1479832723.945077,135,0
1479832723.945923,66,1
1479832728.690233,42,0
1479832728.690996,42,1
1479832944.314182,113,1
1479832959.521168,172,1
1479832959.665995,135,0
1479832959.668376,66,1
1479832964.670306,42,0
1479832964.671450,42,1
1479833194.872105,172,1
1479833195.016708,135,0
1479833195.019169,66,1
1479833200.020245,42,0
1479833200.021007,42,1
1479833430.224538,172,1
1479833430.369163,135,0
1479833430.629147,135,0
1479833430.629981,66,1
1479833435.370238,42,0
1479833435.371003,42,1
1479833544.296221,113,1
1479833665.577026,172,1
1479833665.721628,135,0
1479833665.977251,135,0
1479833666.012891,66,1
1479833670.730235,42,0
1479833670.731020,42,1
1479833901.137458,172,1
1479833901.282064,135,0
1479833901.286178,66,1
1479833906.290233,42,0
1479833906.291017,42,1
1479834136.593923,172,1
1479834136.739901,135,0
1479834136.997342,135,0
1479834136.998194,66,1
1479834141.740242,42,0
1479834141.741033,42,1
1479834144.301049,113,1
1479834188.441573,75,1
1479834188.738223,529,0
1479834193.443972,42,1
1479834193.444025,42,0
1479834198.453244,75,1
1479834198.453595,139,0
1479834198.454679,90,1
1479834198.742529,90,0
1479834203.460241,42,0
1479834203.461040,42,1
1479834372.050417,172,1
1479834372.874989,172,1
1479834374.521445,172,1
1479834377.049434,42,1
1479834377.049474,42,0
1479834377.251832,103,1
1479834377.817458,172,1
1479834378.049391,42,1
1479834378.049434,42,0
1479834384.409469,172,1
1479834396.074464,80,1
1479834396.083889,418,0
1479834397.593504,172,1
1479834401.090252,42,0
1479834401.091013,42,1
1479834406.085669,80,1
1479834406.094804,418,0
1479834406.096228,74,1
1479834406.240714,74,0
1479834406.241558,66,1
1479834406.242520,281,1
1479834406.387033,66,0
1479834406.390116,1514,0
1479834406.390259,1514,0
1479834406.390353,743,0
1479834406.391531,66,1
1479834406.391635,66,1
1479834406.391699,66,1
1479834406.480011,200,1
1479834406.625188,300,0
1479834406.627454,66,1
1479834406.683600,620,1
1479834406.845432,167,0
1479834406.888880,66,1
1479834406.994705,284,1
1479834407.146166,135,0
1479834407.208740,66,1
1479834423.961574,172,1
1479834476.697687,172,1
1479834481.697628,42,1
1479834481.697670,42,0
1479834582.169888,172,1
1479834587.169832,42,1
1479834587.169870,42,0
1479834642.770916,172,1
1479834642.915448,135,0
1479834643.161989,172,1
1479834643.277180,135,0
1479834643.278014,66,1
1479834643.306176,78,0
1479834647.920244,42,0
1479834647.923756,42,1
1479834744.328112,113,1
1479834878.435388,172,1
1479834878.579604,66,0
1479834878.580009,135,0
1479834878.587861,66,1
1479834883.580231,42,0
1479834883.581009,42,1
1479835114.099899,172,1
1479835114.244484,135,0
1479835114.247039,66,1
1479835119.250227,42,0
1479835119.252018,42,1
1479835344.309785,113,1
1479835349.244351,172,1
1479835349.388957,135,0
1479835349.391338,66,1
1479835354.390243,42,0
1479835354.391529,42,1
1479835584.284840,172,1
1479835584.429403,135,0
1479835584.430862,66,1
1479835589.430228,42,0
1479835589.431001,42,1
1479835819.429885,172,1
1479835819.574553,135,0
1479835819.576995,66,1
1479835824.580234,42,0
1479835824.580995,42,1
1479835944.312209,113,1
1479836055.199288,172,1
1479836055.343813,135,0
1479836055.346189,66,1
1479836060.350251,42,0
1479836060.351032,42,1
1479836290.446237,172,1
1479836290.590739,135,0
1479836290.593816,66,1
1479836295.600229,42,0
1479836295.605425,42,1
1479836526.603850,172,1
1479836526.748520,135,0
1479836527.013171,135,0
1479836527.014286,66,1
1479836531.750244,42,0
1479836531.751013,42,1
1479836544.318635,113,1
1479836762.787306,172,1
1479836762.932112,135,0
1479836762.934465,66,1
1479836767.940236,42,0
1479836767.941014,42,1
1479836836.286627,590,1
1479836836.289078,342,0
1479836841.286386,42,1
1479836841.286448,42,0
1479836998.659678,172,1
1479836998.804207,135,0
1479836998.806675,66,1
1479837003.810238,42,0
1479837003.811024,42,1
1479837144.316086,113,1
1479837234.636749,172,1
1479837234.781446,135,0
1479837235.041196,135,0
1479837235.042469,66,1
1479837239.790239,42,0
1479837239.791043,42,1
1479837470.820556,172,1
1479837470.965049,135,0
1479837470.967488,66,1
1479837475.970247,42,0
1479837475.971009,42,1
1479837706.797885,172,1
1479837706.942466,135,0
1479837706.944809,66,1
1479837711.950239,42,0
1479837711.951001,42,1
1479837744.322389,113,1
1479837801.148850,75,1
1479837801.170866,541,0
1479837801.173257,90,1
1479837801.440624,90,0
1479837806.148269,42,1
1479837806.148329,42,0
1479837942.773576,172,1
1479837942.918086,135,0
1479837942.920465,66,1
1479837947.920256,42,0
1479837947.921016,42,1
1479838178.929964,172,1
1479838179.075710,135,0
1479838179.333152,135,0
1479838179.333986,66,1
1479838184.080232,42,0
1479838184.081007,42,1
1479838344.331022,113,1
1479838415.114430,172,1
1479838415.258956,135,0
1479838415.517126,135,0
1479838415.518008,66,1
1479838420.260238,42,0
1479838420.261813,42,1
1479838651.298924,172,1
1479838651.443613,135,0
1479838651.444475,66,1
1479838656.450233,42,0
1479838656.451965,42,1
1479838887.279973,172,1
1479838887.424343,135,0
1479838887.426919,66,1
1479838892.430247,42,0
1479838892.431008,42,1
1479838944.331956,113,1
1479839123.251849,172,1
1479839123.396177,135,0
1479839123.398765,66,1
1479839128.400226,42,0
1479839128.402428,42,1
1479839359.228698,172,1
1479839359.374283,135,0
1479839359.378432,66,1
1479839364.380248,42,0
1479839364.381012,42,1
1479839544.329109,113,1
1479839595.205880,172,1
1479839595.350480,135,0
1479839595.609149,135,0
1479839595.610002,66,1
1479839600.360242,42,0
1479839600.361031,42,1
1479839831.389236,172,1
1479839831.533648,135,0
1479839831.536090,66,1
1479839836.540228,42,0
1479839836.544397,42,1
1479840067.428571,172,1
1479840067.572913,135,0
1479840067.828930,135,0
1479840067.831358,66,1
1479840072.580232,42,0
1479840072.581659,42,1
1479840144.357349,113,1
1479840303.602147,172,1
1479840303.746676,135,0
1479840303.749583,66,1
1479840308.750246,42,0
1479840308.751029,42,1
1479840539.578642,172,1
1479840540.329663,172,1
1479840541.833721,172,1
1479840544.579094,42,1
1479840544.579138,42,0
1479840544.780034,103,1
1479840544.841647,172,1
1479840550.857675,172,1
1479840556.322504,80,1
1479840556.331941,418,0
1479840561.340230,42,0
1479840561.341006,42,1
1479840562.891519,172,1
1479840566.333848,80,1
1479840566.337543,418,0
1479840566.338671,74,1
1479840566.581807,74,0
1479840566.582713,66,1
1479840566.583674,281,1
1479840566.826903,66,0
1479840566.830064,1514,0
1479840566.830176,1514,0
1479840566.830295,743,0
1479840566.836738,66,1
1479840566.836842,66,1
1479840566.836917,66,1
1479840566.925039,200,1
1479840567.172864,300,0
1479840567.175186,66,1
1479840567.248377,620,1
1479840567.505569,167,0
1479840567.545662,66,1
1479840567.658879,284,1
1479840567.910889,135,0
1479840567.969750,66,1
1479840586.955334,172,1
1479840635.081871,172,1
1479840640.081823,42,1
1479840640.081864,42,0
1479840731.338066,172,1
1479840736.338013,42,1
1479840736.338056,42,0
1479840744.344060,113,1
1479840803.843117,172,1
1479840804.086360,135,0
1479840804.088775,66,1
1479840809.090230,42,0
1479840809.091027,42,1
1479841039.924022,172,1
1479841040.172166,135,0
1479841040.174709,66,1
1479841045.180228,42,0
1479841045.180992,42,1
1479841276.004045,172,1
1479841276.247283,135,0
1479841276.534935,172,1
1479841276.745666,135,0
1479841276.746515,66,1
1479841276.777776,78,0
1479841281.250237,42,0
1479841281.251025,42,1
1479841344.352386,113,1
1479841403.847961,75,1
1479841403.870475,541,0
1479841403.877868,90,1
1479841404.153187,90,0
1479841408.847333,42,1
1479841408.847389,42,0
1479841512.622422,172,1
1479841512.870111,66,0
1479841512.870442,135,0
1479841512.872940,66,1
1479841517.870235,42,0
1479841517.871012,42,1
1479841748.680975,172,1
1479841748.924137,135,0
1479841748.926539,66,1
1479841753.930234,42,0
1479841753.931014,42,1
1479841944.359594,113,1
1479841984.833397,172,1
1479841985.076862,135,0
1479841985.079335,66,1
1479841990.080242,42,0
1479841990.081022,42,1
1479842220.185845,172,1
1479842220.429260,135,0
1479842220.431854,66,1
1479842225.430239,42,0
1479842225.431031,42,1
1479842455.538231,172,1
1479842455.786465,135,0
1479842456.173575,135,0
1479842456.177309,66,1
1479842460.790242,42,0
1479842460.791008,42,1
1479842544.353238,113,1
1479842691.410645,172,1
1479842691.658685,135,0
1479842691.661818,66,1
1479842696.660233,42,0
1479842696.661015,42,1
1479842926.867108,172,1
1479842927.115153,135,0
1479842927.485523,135,0
1479842927.487884,66,1
1479842932.120233,42,0
1479842932.122515,42,1
1479843144.355232,113,1
1479843163.051636,172,1
1479843163.294892,135,0
1479843163.661497,135,0
1479843163.662385,66,1
1479843168.300232,42,0
1479843168.301019,42,1
1479843398.715909,172,1
1479843398.960406,135,0
1479843398.963002,66,1
1479843403.970230,42,0
1479843403.972338,42,1
1479843634.072400,172,1
1479843634.315634,135,0
1479843634.318227,66,1
1479843639.320247,42,0
1479843639.321009,42,1
1479843744.361618,113,1
1479843869.920790,172,1
1479843870.164040,135,0
1479843870.165504,66,1
1479843875.170231,42,0
1479843875.171024,42,1
1479844106.003055,172,1
1479844106.247517,135,0
1479844106.605377,135,0
1479844106.606752,66,1
1479844111.250233,42,0
1479844111.251035,42,1
1479844342.394148,172,1
1479844342.637518,135,0
1479844342.997314,135,0
1479844343.000071,66,1
1479844344.359115,113,1
1479844347.640297,42,0
1479844347.641085,42,1
1479844578.791358,172,1
1479844579.039512,135,0
1479844579.397310,135,0
1479844579.398165,66,1
1479844584.040231,42,0
1479844584.041020,42,1
1479844812.994722,172,1
1479844813.242722,135,0
1479844813.245238,66,1
1479844818.250239,42,0
1479844818.250993,42,1
1479844944.378860,113,1
1479845006.558459,75,1
1479845006.730894,533,0
1479845011.557904,42,1
1479845011.557960,42,0
1479845016.570140,75,1
1479845016.570511,139,0
1479845016.571612,90,1
1479845021.578033,90,1
1479845021.580239,42,0
1479845021.580973,42,1
1479845021.892296,90,0
1479845049.074974,172,1
1479845049.318516,135,0
1479845049.323101,66,1
1479845285.155454,172,1
1479845285.398522,135,0
1479845285.403003,66,1
1479845290.400229,42,0
1479845290.400997,42,1
1479845521.235868,172,1
1479845521.479052,135,0
1479845521.481448,66,1
1479845526.480232,42,0
1479845526.487804,42,1
1479845544.369501,113,1
1479845757.152325,172,1
1479845757.400172,135,0
1479845757.756921,135,0
1479845757.757776,66,1
1479845762.400239,42,0
1479845762.401373,42,1
1479845992.713927,172,1
1479845992.956916,135,0
1479845993.316854,135,0
1479845993.317980,66,1
1479845997.960231,42,0
1479845997.960993,42,1
1479846144.371383,113,1
1479846228.380999,172,1
1479846228.624091,135,0
1479846228.628212,66,1
1479846233.630242,42,0
1479846233.631023,42,1
1479846463.833699,172,1
1479846464.076803,135,0
1479846464.078304,66,1
1479846469.080228,42,0
1479846469.080989,42,1
1479846699.290154,172,1
1479846700.421161,172,1
1479846702.685161,172,1
1479846704.289140,42,1
1479846704.289180,42,0
1479846704.493799,103,1
1479846707.213163,172,1
1479846716.269212,172,1
1479846718.113979,80,1
1479846718.123264,418,0
1479846718.125672,74,1
1479846718.369641,74,0
1479846718.370479,66,1
1479846718.371431,281,1
1479846718.615435,66,0
1479846718.618502,1514,0
1479846718.618630,1514,0
1479846718.618720,743,0
1479846718.620602,66,1
1479846718.620789,66,1
1479846718.620878,66,1
1479846718.709897,200,1
1479846718.954776,300,0
1479846718.957123,66,1
1479846719.052386,620,1
1479846719.317493,167,0
1479846719.357145,66,1
1479846719.466380,284,1
1479846719.716658,135,0
1479846719.777243,66,1
1479846723.130239,42,0
1479846723.130987,42,1
1479846734.381333,172,1
1479846744.385670,113,1
1479846770.605383,172,1
1479846775.605264,42,1
1479846775.605306,42,0
1479846843.053473,172,1
1479846848.053499,42,1
1479846848.053533,42,0
1479846955.650602,172,1
1479846955.894554,135,0
1479846955.896886,66,1
1479846960.900242,42,0
1479846960.901222,42,1
1479847191.731034,172,1
1479847191.975458,135,0
1479847191.977918,66,1
1479847196.980244,42,0
1479847196.983925,42,1
1479847344.394363,113,1
1479847427.812021,172,1
1479847428.060950,135,0
1479847428.063509,66,1
1479847433.070245,42,0
1479847433.071042,42,1
1479847663.967919,172,1
1479847664.211977,135,0
1479847664.214571,66,1
1479847669.220232,42,0
1479847669.220992,42,1
1479847899.944394,172,1
1479847900.188539,135,0
1479847900.191217,66,1
1479847905.190241,42,0
1479847905.190993,42,1
1479847944.385133,113,1
1479848135.920904,172,1
1479848136.169724,135,0
1479848136.403919,172,1
1479848136.584454,135,0
1479848136.585305,66,1
1479848136.653202,78,0
1479848141.170246,42,0
1479848141.171022,42,1
1479848372.313333,172,1
1479848372.556985,66,0
1479848372.557504,135,0
1479848372.559678,66,1
1479848377.560245,42,0
1479848377.561004,42,1
1479848544.394575,113,1
1479848608.289785,172,1
1479848608.533821,135,0
1479848608.536208,66,1
1479848613.540243,42,0
1479848613.541051,42,1
1479848624.298022,75,1
1479848624.498434,541,0
1479848634.309429,75,1
1479848634.309871,139,0
1479848634.312397,90,1
1479848634.588719,90,0
1479848844.370254,172,1
1479848844.619073,135,0
1479848844.992283,135,0
1479848844.995845,66,1
1479848849.620238,42,0
1479848849.621007,42,1
1479849080.866670,172,1
1479849081.110856,135,0
1479849081.113436,66,1
1479849086.120244,42,0
1479849086.121001,42,1
1479849144.400385,113,1
1479849316.947205,172,1
1479849317.196058,135,0
1479849317.560272,135,0
1479849317.561126,66,1
1479849322.200242,42,0
1479849322.201024,42,1
1479849553.411617,172,1
1479849553.655679,135,0
1479849553.658092,66,1
1479849558.660242,42,0
1479849558.661689,42,1
1479849744.409849,113,1
1479849789.492114,172,1
1479849789.736040,135,0
1479849789.738623,66,1
1479849794.740241,42,0
1479849794.741649,42,1
1479850025.572612,172,1
1479850025.816514,135,0
1479850026.175955,135,0
1479850026.176793,66,1
1479850030.820244,42,0
1479850030.821867,42,1
1479850261.966891,172,1
1479850262.215574,135,0
1479850262.218160,66,1
1479850267.220245,42,0
1479850267.221003,42,1
1479850344.427084,113,1
1479850498.047846,172,1
1479850498.291844,135,0
1479850498.647855,135,0
1479850498.648918,66,1
1479850503.300242,42,0
1479850503.301663,42,1
1479850734.438001,172,1
1479850734.683675,135,0
1479850734.686895,66,1
1479850739.690308,42,0
1479850739.699648,42,1
1479850944.409263,113,1
1479850970.518462,172,1
1479850970.767290,135,0
1479850970.769841,66,1
1479850975.770231,42,0
1479850975.771922,42,1
1479851206.778964,172,1
1479851207.027672,135,0
1479851207.030111,66,1
1479851212.030234,42,0
1479851212.034038,42,1
1479851442.859265,172,1
1479851443.108098,135,0
1479851443.110484,66,1
1479851448.110245,42,0
1479851448.111008,42,1
1479851544.407646,113,1
1479851678.939904,172,1
1479851679.188783,135,0
1479851679.547641,135,0
1479851679.548527,66,1
1479851684.190233,42,0
1479851684.191024,42,1
1479851915.336266,172,1
1479851915.580484,135,0
1479851915.582878,66,1
1479851920.590244,42,0
1479851920.590992,42,1
1479852144.422301,113,1
1479852151.413025,172,1
1479852151.657171,135,0
1479852151.667749,66,1
1479852156.660244,42,0
1479852156.661034,42,1
1479852237.000545,75,1
1479852237.210112,541,0
1479852237.212742,90,1
1479852237.490458,90,0
1479852242.000016,42,1
1479852242.000072,42,0
1479852387.495921,172,1
1479852387.744738,135,0
1479852388.103512,135,0
1479852388.104349,66,1
1479852392.750243,42,0
1479852392.753167,42,1
1479852623.886075,172,1
1479852624.130263,135,0
1479852624.133406,66,1
1479852629.140238,42,0
1479852629.141001,42,1
1479852744.424070,113,1
1479852859.966249,172,1
1479852861.009293,172,1
1479852863.097303,172,1
1479852864.965255,42,1
1479852864.965298,42,0
1479852865.167681,103,1
1479852867.273314,172,1
1479852875.625352,172,1
1479852885.030151,80,1
1479852885.039236,418,0
1479852885.041697,74,1
1479852885.290398,74,0
1479852885.291242,66,1
1479852885.292214,281,1
1479852885.540994,66,0
1479852885.544118,1514,0
1479852885.544236,1514,0
1479852885.544325,743,0
1479852885.545787,66,1
1479852885.545887,66,1
1479852885.546456,66,1
1479852885.634328,200,1
1479852885.883782,300,0
1479852885.886558,66,1
1479852885.967435,620,1
1479852886.238709,167,0
1479852886.277306,66,1
1479852886.382539,284,1
1479852886.638801,135,0
1479852886.693680,66,1
1479852890.040237,42,0
1479852890.040999,42,1
1479852892.333869,172,1
1479852925.737459,172,1
1479852930.737380,42,1
1479852930.737423,42,0
1479852992.553595,172,1
1479852997.553526,42,1
1479852997.553567,42,0
1479853122.626764,172,1
1479853122.870875,135,0
1479853122.873467,66,1
1479853127.880243,42,0
1479853127.881008,42,1
1479853344.425390,113,1
1479853358.291385,172,1
1479853358.535567,135,0
1479853358.858302,172,1
1479853359.083466,135,0
1479853359.084322,66,1
1479853359.101886,78,0
1479853363.540232,42,0
1479853363.541025,42,1
1479853594.059978,172,1
1479853594.303594,66,0
1479853594.303925,135,0
1479853594.307051,66,1
1479853599.310241,42,0
1479853599.311195,42,1
1479853829.516403,172,1
1479853829.760553,135,0
1479853829.763048,66,1
1479853834.770245,42,0
1479853834.771009,42,1
1479853944.428841,113,1
1479854065.077651,172,1
1479854065.321599,135,0
1479854065.763371,135,0
1479854065.764228,66,1
1479854070.330255,42,0
1479854070.331238,42,1
1479854300.741190,172,1
1479854300.985133,135,0
1479854301.403316,135,0
1479854301.404149,66,1
1479854305.990242,42,0
1479854305.991062,42,1
1479854536.616610,172,1
1479854536.865524,135,0
1479854536.868125,66,1
1479854541.870236,42,0
1479854541.871020,42,1
1479854544.438666,113,1
1479854772.174246,172,1
1479854772.423163,135,0
1479854772.425534,66,1
1479854777.430254,42,0
1479854777.449310,42,1
1479855008.019014,172,1
1479855008.267747,135,0
1479855008.270152,66,1
1479855013.270243,42,0
1479855013.271004,42,1
1479855144.465200,113,1
1479855244.099300,172,1
1479855244.348112,135,0
1479855244.723463,135,0
1479855244.724334,66,1
1479855249.350242,42,0
1479855249.351034,42,1
1479855480.595888,172,1
1479855480.845040,135,0
1479855480.847554,66,1
1479855485.850243,42,0
1479855485.851366,42,1
1479855716.676361,172,1
1479855716.920516,135,0
1479855716.960842,66,1
1479855721.930239,42,0
1479855721.930995,42,1
1479855744.443681,113,1
1479855839.900226,75,1
1479855840.109572,545,0
1479855844.899670,42,1
1479855844.899733,42,0
1479855849.911898,75,1
1479855849.912268,139,0
1479855849.913365,90,1
1479855850.179544,90,0
1479855854.920245,42,0
1479855854.921004,42,1
1479855952.757702,172,1
1479855953.001872,135,0
1479855953.003352,66,1
1479855958.010234,42,0
1479855958.010995,42,1
1479856188.837420,172,1
1479856189.081451,135,0
1479856189.443594,135,0
1479856189.446351,66,1
1479856194.090243,42,0
1479856194.091012,42,1
1479856344.445409,113,1
1479856423.057823,172,1
1479856423.306816,135,0
1479856423.667614,135,0
1479856423.668724,66,1
1479856428.310224,42,0
1479856428.311005,42,1
1479856659.438521,172,1
1479856659.682679,135,0
1479856659.685091,66,1
1479856664.690244,42,0
1479856664.690996,42,1
1479856895.723645,172,1
1479856895.967899,135,0
1479856896.331726,135,0
1479856896.332559,66,1
1479856900.970245,42,0
1479856900.971002,42,1
1479856944.454298,113,1
1479857129.927538,172,1
1479857130.171781,135,0
1479857130.174207,66,1
1479857135.180230,42,0
1479857135.181014,42,1
1479857366.008154,172,1
1479857366.252360,135,0
1479857366.253907,66,1
1479857371.260245,42,0
1479857371.260999,42,1
1479857544.451152,113,1
1479857602.088515,172,1
1479857602.332659,135,0
1479857602.335265,66,1
1479857607.340242,42,0
1479857607.341022,42,1
1479857838.173618,172,1
1479857838.422412,135,0
1479857838.779961,135,0
1479857838.780797,66,1
1479857843.430241,42,0
1479857843.430997,42,1
1479858074.561522,172,1
1479858074.810309,135,0
1479858074.811755,66,1
1479858079.820241,42,0
1479858079.821740,42,1
1479858144.458373,113,1
1479858309.918088,172,1
1479858310.167091,135,0
1479858310.524105,135,0
1479858310.524982,66,1
1479858315.170239,42,0
1479858315.171025,42,1
1479858436.862806,590,1
1479858436.864969,342,0
1479858441.862273,42,1
1479858441.862333,42,0
1479858545.894256,172,1
1479858546.138238,135,0
1479858546.139707,66,1
1479858551.140241,42,0
1479858551.142402,42,1
1479858744.476281,113,1
1479858779.946729,172,1
1479858780.190865,135,0
1479858780.547602,135,0
1479858780.548456,66,1
1479858785.200231,42,0
1479858785.201038,42,1
1479859016.339706,172,1
1479859017.517787,172,1
1479859019.881020,172,1
1479859021.337742,42,1
1479859021.337785,42,0
1479859021.540158,103,1
1479859024.597807,172,1
1479859034.037834,172,1
1479859041.403286,80,1
1479859041.412296,418,0
1479859046.420241,42,0
1479859046.421126,42,1
1479859051.413989,80,1
1479859051.422857,418,0
1479859051.423965,74,1
1479859051.657349,74,0
1479859051.660813,66,1
1479859051.661768,281,1
1479859051.895229,66,0
1479859051.898380,1514,0
1479859051.898496,1514,0
1479859051.898579,743,0
1479859051.899542,66,1
1479859051.900300,66,1
1479859051.900399,66,1
1479859051.989082,200,1
1479859052.223175,300,0
1479859052.225452,66,1
1479859052.323932,620,1
1479859052.574861,167,0
1479859052.613759,66,1
1479859052.738991,284,1
1479859052.917864,172,1
1479859052.980294,135,0
1479859053.049859,66,1
1479859090.677891,172,1
1479859095.677811,42,1
1479859095.677852,42,0
1479859166.197970,172,1
1479859171.197910,42,1
1479859171.197950,42,0
1479859288.924868,172,1
1479859289.159874,135,0
1479859289.162394,66,1
1479859294.160249,42,0
1479859294.171683,42,1
1479859344.482113,113,1
1479859452.734744,75,1
1479859453.088140,529,0
1479859458.090238,42,0
1479859458.091607,42,1
1479859462.747639,75,1
1479859462.747989,139,0
1479859462.753389,90,1
1479859463.019614,90,0
1479859525.003286,172,1
1479859525.242917,135,0
1479859525.244394,66,1
1479859530.250241,42,0
1479859530.250999,42,1
1479859761.083569,172,1
1479859761.323348,135,0
1479859761.325725,66,1
1479859766.330257,42,0
1479859766.331001,42,1
1479859944.462875,113,1
1479859997.163840,172,1
1479859997.403550,135,0
1479859997.405954,66,1
1479860002.410233,42,0
1479860002.411923,42,1
1479860233.244095,172,1
1479860233.496980,135,0
1479860233.731150,172,1
1479860233.904514,135,0
1479860233.905330,66,1
1479860233.964837,78,0
1479860238.500238,42,0
1479860238.503064,42,1
1479860469.740378,172,1
1479860469.974084,66,0
1479860469.975289,135,0
1479860469.978173,66,1
1479860474.980226,42,0
1479860474.981000,42,1
1479860544.484796,113,1
1479860705.932703,172,1
1479860706.167008,135,0
1479860706.555743,135,0
1479860706.557830,66,1
1479860711.170234,42,0
1479860711.186885,42,1
1479860942.431689,172,1
1479860942.665963,135,0
1479860943.039558,135,0
1479860943.040392,66,1
1479860947.670230,42,0
1479860947.674601,42,1
1479861144.478593,113,1
1479861178.821293,172,1
1479861179.055719,135,0
1479861179.058443,66,1
1479861184.060240,42,0
1479861184.061023,42,1
1479861414.797633,172,1
1479861415.031885,135,0
1479861415.395238,135,0
1479861415.398020,66,1
1479861420.040230,42,0
1479861420.041516,42,1
1479861649.009504,172,1
1479861649.243831,135,0
1479861649.603141,135,0
1479861649.603986,66,1
1479861654.250227,42,0
1479861654.250999,42,1
1479861744.460403,113,1
1479861885.398253,172,1
1479861885.632688,135,0
1479861885.983529,135,0
1479861885.984380,66,1
1479861890.640246,42,0
1479861890.641409,42,1
1479862121.790524,172,1
1479862122.024774,135,0
1479862122.027150,66,1
1479862127.030233,42,0
1479862127.030990,42,1
1479862344.485141,113,1
1479862357.831139,172,1
1479862358.065604,135,0
1479862358.067996,66,1
1479862363.070242,42,0
1479862363.072456,42,1
1479862593.911455,172,1
1479862594.145813,135,0
1479862594.148209,66,1
1479862599.150243,42,0
1479862599.151006,42,1
1479862829.992039,172,1
1479862830.226401,135,0
1479862830.228965,66,1
1479862835.230243,42,0
1479862835.231017,42,1
1479862944.485289,113,1
1479863065.428235,75,1
1479863065.635782,533,0
1479863065.637430,90,1
1479863065.919252,90,0
1479863066.072670,172,1
1479863066.307181,135,0
1479863066.308037,66,1
1479863070.640240,42,0
1479863070.641002,42,1
1479863302.153315,172,1
1479863302.387593,135,0
1479863302.390096,66,1
1479863307.390246,42,0
1479863307.391001,42,1
1479863538.234160,172,1
1479863538.468687,135,0
1479863538.471250,66,1
1479863543.470240,42,0
1479863543.471032,42,1
1479863544.488277,113,1
1479863774.324988,172,1
1479863774.559310,135,0
1479863774.561786,66,1
1479863779.560248,42,0
1479863779.657958,42,1
1479864010.395136,172,1
1479864010.629479,135,0
1479864010.976198,135,0
1479864010.977604,66,1
1479864015.630231,42,0
1479864015.631019,42,1
1479864144.492627,113,1
1479864246.959769,172,1
1479864247.194149,135,0
1479864247.196591,66,1
1479864252.200232,42,0
1479864252.201020,42,1
1479864482.525155,172,1
1479864482.764776,135,0
1479864482.767396,66,1
1479864487.770246,42,0
1479864487.771030,42,1
1479864717.872941,172,1
1479864718.107902,135,0
1479864718.110537,66,1
1479864723.110230,42,0
1479864723.110996,42,1
1479864744.492049,113,1
1479864953.121485,172,1
1479864953.361275,135,0
1479864953.363821,66,1
1479864958.370240,42,0
1479864958.371029,42,1
1479865188.577991,172,1
1479865189.396927,172,1
1479865191.025073,172,1
1479865193.577040,42,1
1479865193.577085,42,0
1479865193.779469,103,1
1479865194.289072,172,1
1479865194.577040,42,1
1479865194.577081,42,0
1479865200.817098,172,1
1479865209.378745,80,1
1479865209.387605,418,0
1479865209.390954,74,1
1479865209.535375,74,0
1479865209.536220,66,1
1479865209.537446,281,1
1479865209.681943,66,0
1479865209.684971,1514,0
1479865209.685085,1514,0
1479865209.685171,743,0
1479865209.686233,66,1
1479865209.687375,66,1
1479865209.687468,66,1
1479865209.774720,200,1
1479865209.919928,300,0
1479865209.926225,66,1
1479865210.011046,620,1
1479865210.172566,167,0
1479865210.210972,66,1
1479865210.314303,284,1
1479865210.465045,135,0
1479865210.505119,66,1
1479865213.873134,172,1
1479865214.390245,42,0
1479865214.391002,42,1
1479865239.985748,172,1
1479865292.209335,172,1
1479865297.213673,42,1
1479865297.213714,42,0
1479865298.209285,42,1
1479865298.209327,42,0
1479865344.497201,113,1
1479865396.657643,172,1
1479865401.661067,42,1
1479865401.661110,42,0
1479865446.395742,172,1
1479865446.540321,135,0
1479865446.542947,66,1
1479865451.550245,42,0
1479865451.551161,42,1
1479865682.371580,172,1
1479865682.516023,135,0
1479865682.518517,66,1
1479865687.520236,42,0
1479865687.521010,42,1
1479865918.348618,172,1
1479865918.495686,135,0
1479865918.498385,66,1
1479865923.500240,42,0
1479865923.500999,42,1
1479865944.503485,113,1
1479866154.388284,172,1
1479866154.534062,135,0
1479866154.755302,172,1
1479866154.831116,135,0
1479866154.835974,66,1
1479866154.899277,78,0
1479866159.540235,42,0
1479866159.545632,42,1
1479866390.690306,172,1
1479866390.834320,66,0
1479866390.834680,135,0
1479866390.837053,66,1
1479866395.840240,42,0
1479866395.841405,42,1
1479866544.509815,113,1
1479866626.653302,172,1
1479866626.797768,135,0
1479866626.800251,66,1
1479866631.800248,42,0
1479866631.805813,42,1
1479866668.332947,75,1
1479866668.357654,541,0
1479866673.360229,42,0
1479866673.361048,42,1
1479866678.357528,75,1
1479866678.357913,139,0
1479866678.359010,90,1
1479866678.628333,90,0
1479866683.344441,42,1
1479866683.344477,42,0
1479866862.630885,172,1
1479866862.775215,135,0
1479866863.043268,135,0
1479866863.046352,66,1
1479866867.780232,42,0
1479866867.780993,42,1
1479867098.814423,172,1
1479867098.958846,135,0
1479867099.223377,135,0
1479867099.224207,66,1
1479867103.960228,42,0
1479867103.961012,42,1
1479867144.500787,113,1
1479867334.999557,172,1
1479867335.143954,135,0
1479867335.146293,66,1
1479867340.150240,42,0
1479867340.151026,42,1
1479867570.975592,172,1
1479867571.120029,135,0
1479867571.126081,66,1
1479867576.120236,42,0
1479867576.121935,42,1
1479867744.517547,113,1
1479867806.952362,172,1
1479867807.096630,135,0
1479867807.099133,66,1
1479867812.100240,42,0
1479867812.101022,42,1
1479868043.024882,172,1
1479868043.169189,135,0
1479868043.172447,66,1
1479868048.170232,42,0
1479868048.170986,42,1
1479868279.001232,172,1
1479868279.145689,135,0
1479868279.148215,66,1
1479868284.150242,42,0
1479868284.153859,42,1
1479868344.542707,113,1
1479868514.977792,172,1
1479868515.123546,135,0
1479868515.126086,66,1
1479868520.130231,42,0
1479868520.131012,42,1
1479868750.954363,172,1
1479868751.098689,135,0
1479868751.355961,135,0
1479868751.356846,66,1
1479868756.100246,42,0
1479868756.101015,42,1
1479868944.514508,113,1
1479868987.138852,172,1
1479868987.283142,135,0
1479868987.540062,135,0
1479868987.541286,66,1
1479868992.290242,42,0
1479868992.291641,42,1
1479869223.323463,172,1
1479869223.467736,135,0
1479869223.724150,135,0
1479869223.724784,66,1
1479869228.470241,42,0
1479869228.470990,42,1
1479869459.507939,172,1
1479869459.652222,135,0
1479869459.912183,135,0
1479869459.916618,66,1
1479869464.660236,42,0
1479869464.660999,42,1
1479869544.526825,113,1
1479869695.692477,172,1
1479869695.836737,135,0
1479869695.839170,66,1
1479869700.840243,42,0
1479869700.841020,42,1
1479869931.641040,172,1
1479869931.785338,135,0
1479869932.040548,135,0
1479869932.041373,66,1
1479869936.790226,42,0
1479869936.796709,42,1
1479870144.529389,113,1
1479870167.305498,172,1
1479870167.449794,135,0
1479870167.452381,66,1
1479870172.450230,42,0
1479870172.451625,42,1
1479870281.037305,75,1
1479870281.333600,525,0
1479870281.336081,90,1
1479870281.775121,90,0
1479870286.036777,42,1
1479870286.036836,42,0
1479870402.866686,172,1
1479870403.011037,135,0
1479870403.013637,66,1
1479870408.020239,42,0
1479870408.020997,42,1
1479870638.842544,172,1
1479870638.986885,135,0
1479870639.244464,135,0
1479870639.245295,66,1
1479870643.990243,42,0
1479870643.991000,42,1
1479870744.522559,113,1
1479870875.028231,172,1
1479870875.172534,135,0
1479870875.428529,135,0
1479870875.429388,66,1
1479870880.180239,42,0
1479870880.181018,42,1
1479871111.215996,172,1
1479871111.360441,135,0
1479871111.363039,66,1
1479871116.370248,42,0
1479871116.371015,42,1
1479871344.539240,113,1
1479871347.188091,172,1
1479871348.011176,172,1
1479871349.659173,172,1
1479871352.188556,42,1
1479871352.188602,42,0
1479871352.391246,103,1
1479871352.955166,172,1
1479871359.547332,172,1
1479871369.133836,80,1
1479871369.143285,418,0
1479871372.731255,172,1
1479871374.150242,42,0
1479871374.151070,42,1
1479871379.143396,80,1
1479871379.152509,418,0
1479871379.155563,74,1
1479871379.299685,74,0
1479871379.300550,66,1
1479871379.301497,281,1
1479871379.445693,66,0
1479871379.448747,1514,0
1479871379.448860,1514,0
1479871379.448941,743,0
1479871379.449962,66,1
1479871379.450714,66,1
1479871379.451179,66,1
1479871379.539145,200,1
1479871379.683987,300,0
1479871379.686281,66,1
1479871379.741667,620,1
1479871379.901072,167,0
1479871379.939193,66,1
1479871380.052615,284,1
1479871380.206407,135,0
1479871380.259275,66,1
1479871399.099290,172,1
1479871451.835409,172,1
1479871456.835382,42,1
1479871456.835419,42,0
1479871557.307669,172,1
1479871562.307591,42,1
1479871562.307630,42,0
1479871563.307583,42,1
1479871563.307622,42,0
1479871616.132680,172,1
1479871616.277056,135,0
1479871616.279474,66,1
1479871621.280240,42,0
1479871621.281000,42,1
1479871852.225242,172,1
1479871852.369502,135,0
1479871852.600294,172,1
1479871852.704631,135,0
1479871852.705460,66,1
1479871852.744188,78,0
1479871857.370238,42,0
1479871857.370996,42,1
1479871944.537091,113,1
1479872088.517481,172,1
1479872088.661322,66,0
1479872088.661681,135,0
1479872088.666771,66,1
1479872093.670248,42,0
1479872093.671023,42,1
1479872324.490256,172,1
1479872324.634573,135,0
1479872324.637167,66,1
1479872329.640322,42,0
1479872329.642774,42,1
1479872544.545669,113,1
1479872560.466753,172,1
1479872560.611159,135,0
1479872560.613725,66,1
1479872565.620231,42,0
1479872565.625778,42,1
1479872796.444522,172,1
1479872796.589036,135,0
1479872796.592346,66,1
1479872801.590231,42,0
1479872801.595652,42,1
1479873032.424801,172,1
1479873032.569155,135,0
1479873032.844970,135,0
1479873032.845792,66,1
1479873037.570232,42,0
1479873037.570995,42,1
1479873144.552939,113,1
1479873268.708756,172,1
1479873268.853378,135,0
1479873268.855736,66,1
1479873273.860239,42,0
1479873273.861147,42,1
1479873504.684846,172,1
1479873504.829349,135,0
1479873504.831891,66,1
1479873509.830238,42,0
1479873509.833377,42,1
1479873740.697300,172,1
1479873740.841799,135,0
1479873741.101055,135,0
1479873741.102136,66,1
1479873744.565870,113,1
1479873745.850250,42,0
1479873745.851037,42,1
1479873884.193197,75,1
1479873884.216048,533,0
1479873889.192630,42,1
1479873889.192690,42,0
1479873894.206991,75,1
1479873894.207342,139,0
1479873894.208717,90,1
1479873894.493271,90,0
1479873899.210243,42,0
1479873899.211003,42,1
1479873976.781877,172,1
1479873976.927530,135,0
1479873976.930185,66,1
1479873981.930244,42,0
1479873981.931001,42,1
1479874212.758328,172,1
1479874212.902961,135,0
1479874212.904437,66,1
1479874217.910243,42,0
1479874217.911005,42,1
1479874344.548103,113,1
1479874448.734834,172,1
1479874448.879386,135,0
1479874448.883613,66,1
1479874453.880242,42,0
1479874453.881032,42,1
1479874684.711985,172,1
1479874684.856777,135,0
1479874684.859283,66,1
1479874689.860243,42,0
1479874689.862350,42,1
1479874920.687843,172,1
1479874920.832329,135,0
1479874920.836857,66,1
1479874925.840246,42,0
1479874925.841640,42,1
1479874944.550616,113,1
1479875156.664403,172,1
1479875156.808912,135,0
1479875156.811373,66,1
1479875161.810228,42,0
1479875161.811046,42,1
1479875392.820871,172,1
1479875392.965361,135,0
1479875392.967972,66,1
1479875397.970243,42,0
1479875397.971936,42,1
1479875544.559919,113,1
1479875628.797301,172,1
1479875629.276348,172,1
1479875630.241146,172,1
1479875632.156335,172,1
1479875633.796317,42,1
1479875633.796358,42,0
1479875634.000027,103,1
1479875635.996358,172,1
1479875643.677410,172,1
1479875653.861200,80,1
1479875653.873679,418,0
1479875658.880245,42,0
1479875658.882793,42,1
1479875659.036394,172,1
1479875663.879241,80,1
1479875663.896371,418,0
1479875663.901701,74,1
1479875664.150297,74,0
1479875664.151447,66,1
1479875664.152456,281,1
1479875664.401117,66,0
1479875664.404348,1514,0
1479875664.404462,1514,0
1479875664.404544,743,0
1479875664.406048,66,1
1479875664.406269,66,1
1479875664.406357,66,1
1479875664.494857,200,1
1479875664.744106,300,0
1479875664.746414,66,1
1479875664.782546,620,1
1479875665.046490,167,0
1479875665.084357,66,1
1479875665.197717,284,1
1479875665.452989,135,0
1479875665.492510,66,1
1479875689.756503,172,1
1479875694.758091,42,1
1479875694.758131,42,0
1479875695.756426,42,1
1479875695.756467,42,0
1479875751.196618,172,1
1479875756.196566,42,1
1479875756.196607,42,0
1479875901.381827,172,1
1479875901.630513,135,0
1479875901.976880,172,1
1479875902.209067,135,0
1479875902.209898,66,1
1479875902.225180,78,0
1479875906.640241,42,0
1479875906.641002,42,1
1479876137.982301,172,1
1479876138.230676,66,0
1479876138.231199,135,0
1479876138.233507,66,1
1479876143.240244,42,0
1479876143.241035,42,1
1479876144.559621,113,1
1479876374.062797,172,1
1479876374.311519,135,0
1479876374.314405,66,1
1479876379.320240,42,0
1479876379.320992,42,1
1479876610.145576,172,1
1479876610.394202,135,0
1479876610.396744,66,1
1479876615.400242,42,0
1479876615.401043,42,1
1479876744.560043,113,1
1479876846.224202,172,1
1479876846.472838,135,0
1479876846.904938,135,0
1479876846.905794,66,1
1479876851.480240,42,0
1479876851.481018,42,1
1479877082.728279,172,1
1479877082.977008,135,0
1479877082.979577,66,1
1479877087.980242,42,0
1479877087.980995,42,1
1479877318.952625,172,1
1479877319.201325,135,0
1479877319.203782,66,1
1479877324.210241,42,0
1479877324.211001,42,1
1479877344.580570,113,1
1479877496.900555,75,1
1479877496.923012,545,0
1479877496.925830,90,1
1479877497.205530,90,0
1479877501.900002,42,1
1479877501.900060,42,0
1479877555.033164,172,1
1479877555.277242,135,0
1479877555.664851,135,0
1479877555.691956,66,1
1479877560.280228,42,0
1479877560.284488,42,1
1479877791.529577,172,1
1479877791.773699,135,0
1479877791.776261,66,1
1479877796.780228,42,0
1479877796.781002,42,1
1479877944.571335,113,1
1479878027.610110,172,1
1479878027.854145,135,0
1479878027.856568,66,1
1479878032.860236,42,0
1479878032.861488,42,1
1479878263.690436,172,1
1479878263.934412,135,0
1479878264.304831,135,0
1479878264.305681,66,1
1479878268.940242,42,0
1479878268.941004,42,1
1479878500.083229,172,1
1479878500.327106,135,0
1479878500.329805,66,1
1479878505.330249,42,0
1479878505.331004,42,1
1479878544.583616,113,1
1479878736.174526,172,1
1479878736.418435,135,0
1479878736.420958,66,1
1479878741.420241,42,0
1479878741.421848,42,1
1479878972.244492,172,1
1479878972.488397,135,0
1479878972.844873,135,0
1479878972.845708,66,1
1479878977.490243,42,0
1479878977.491375,42,1
1479879144.580326,113,1
1479879208.696482,172,1
1479879208.940598,135,0
1479879208.942091,66,1
1479879213.950249,42,0
1479879213.951028,42,1
1479879444.776997,172,1
1479879445.020880,135,0
1479879445.022342,66,1
1479879450.030243,42,0
1479879450.031005,42,1
1479879680.859684,172,1
1479879681.103590,135,0
1479879681.106101,66,1
1479879686.110243,42,0
1479879686.110998,42,1
1479879744.588501,113,1
1479879916.937944,172,1
1479879917.181854,135,0
1479879917.540864,135,0
1479879917.543796,66,1
1479879922.190238,42,0
1479879922.194570,42,1
1479880036.437436,590,1
1479880036.439866,342,0
1479880041.437194,42,1
1479880041.437251,42,0
1479880151.146401,172,1
1479880151.390299,135,0
1479880151.752832,135,0
1479880151.753692,66,1
1479880156.400244,42,0
1479880156.401013,42,1
1479880344.587331,113,1
1479880387.538885,172,1
1479880387.782796,135,0
1479880387.785391,66,1
1479880392.790244,42,0
1479880392.790995,42,1
1479880623.619398,172,1
1479880623.863272,135,0
1479880623.865987,66,1
1479880628.870244,42,0
1479880628.871003,42,1
1479880859.699850,172,1
1479880859.943737,135,0
1479880859.946550,66,1
1479880864.950240,42,0
1479880864.951137,42,1
1479880944.595736,113,1
1479881095.960350,172,1
1479881096.204194,135,0
1479881096.206632,66,1
1479881099.616072,75,1
1479881099.637822,517,0
1479881099.638993,90,1
1479881099.920462,90,0
1479881101.210237,42,0
1479881101.211007,42,1
1479881331.936763,172,1
1479881332.180766,135,0
1479881332.182622,66,1
1479881337.190248,42,0
1479881337.191521,42,1
1479881544.600107,113,1
1479881568.017389,172,1
1479881568.261337,135,0
1479881568.263744,66,1
1479881573.270241,42,0
1479881573.271275,42,1
1479881803.993819,172,1
1479881804.904831,172,1
1479881806.728851,172,1
1479881808.998423,42,1
1479881808.998465,42,0
1479881809.195210,103,1
1479881810.376835,172,1
1479881817.672860,172,1
1479881820.737656,80,1
1479881820.746767,418,0
1479881820.748409,74,1
1479881820.892834,74,0
1479881820.908055,66,1
1479881820.908197,281,1
1479881821.052662,66,0
1479881821.055812,1514,0
1479881821.055928,1514,0
1479881821.056014,743,0
1479881821.057251,66,1
1479881821.059631,66,1
1479881821.059724,66,1
1479881821.148335,200,1
1479881821.293553,300,0
1479881821.297083,66,1
1479881821.363232,620,1
1479881821.545084,66,0
1479881821.558632,167,0
1479881821.568733,66,1
1479881821.675912,284,1
1479881821.820284,66,0
1479881821.832808,135,0
1479881821.872787,66,1
1479881825.750248,42,0
1479881825.751005,42,1
1479881832.264888,172,1
1479881861.448964,172,1
1479881866.448914,42,1
1479881866.448955,42,0
1479881919.826552,172,1
1479881924.817023,42,1
1479881924.817064,42,0
1479882036.553324,172,1
1479882041.553257,42,1
1479882041.553298,42,0
1479882057.759900,172,1
1479882057.904568,135,0
1479882057.906019,66,1
1479882062.910242,42,0
1479882062.911025,42,1
1479882144.594429,113,1
1479882293.730812,172,1
1479882293.875447,135,0
1479882293.877933,66,1
1479882298.880242,42,0
1479882298.883221,42,1
1479882529.707645,172,1
1479882529.852122,135,0
1479882529.854513,66,1
1479882534.860248,42,0
1479882534.861020,42,1
1479882744.598023,113,1
1479882765.679749,172,1
1479882765.824382,135,0
1479882765.826746,66,1
1479882770.830249,42,0
1479882770.832545,42,1
1479883001.348390,172,1
1479883001.492872,135,0
1479883001.494341,66,1
1479883006.500241,42,0
1479883006.500994,42,1
1479883236.492744,172,1
1479883236.638147,135,0
1479883236.640761,66,1
1479883241.640246,42,0
1479883241.641008,42,1
1479883344.620112,113,1
1479883471.533216,172,1
1479883471.677909,135,0
1479883471.680321,66,1
1479883476.680241,42,0
1479883476.681701,42,1
1479883706.573712,172,1
1479883706.718212,135,0
1479883706.932722,172,1
1479883706.989071,135,0
1479883706.989922,66,1
1479883707.076703,78,0
1479883711.720252,42,0
1479883711.721288,42,1
1479883942.239192,172,1
1479883942.383354,66,0
1479883942.383696,135,0
1479883942.387500,66,1
1479883944.614694,113,1
1479883947.390245,42,0
1479883947.396401,42,1
1479884177.278592,172,1
1479884177.423226,135,0
1479884177.425763,66,1
1479884182.430240,42,0
1479884182.431007,42,1
1479884412.422954,172,1
1479884412.567609,135,0
1479884412.570179,66,1
1479884417.570242,42,0
1479884417.571000,42,1
1479884544.616331,113,1
1479884647.575905,172,1
1479884647.720542,135,0
1479884647.976953,135,0
1479884647.977813,66,1
1479884652.730226,42,0
1479884652.731016,42,1
1479884702.327105,75,1
1479884702.628992,529,0
1479884702.631703,90,1
1479884702.816460,90,0
1479884707.326541,42,1
1479884707.326601,42,0
1479884883.731926,172,1
1479884883.876460,135,0
1479884883.878937,66,1
1479884888.880268,42,0
1479884888.880973,42,1
1479885119.708319,172,1
1479885119.852861,135,0
1479885119.855389,66,1
1479885124.860243,42,0
1479885124.864855,42,1
1479885144.619823,113,1
1479885355.688193,172,1
1479885355.832658,135,0
1479885355.835280,66,1
1479885360.840245,42,0
1479885360.846415,42,1
1479885591.661249,172,1
1479885591.805809,135,0
1479885592.064834,135,0
1479885592.065657,66,1
1479885596.810244,42,0
1479885596.811001,42,1
1479885744.617751,113,1
1479885827.845750,172,1
1479885827.990255,135,0
1479885828.248849,135,0
1479885828.254072,66,1
1479885833.000240,42,0
1479885833.001463,42,1
1479886064.032605,172,1
1479886064.177256,135,0
1479886064.183520,66,1
1479886069.180239,42,0
1479886069.180998,42,1
1479886300.013142,172,1
1479886300.157676,135,0
1479886300.160049,66,1
1479886305.160243,42,0
1479886305.161003,42,1
1479886344.626503,113,1
1479886536.216363,172,1
1479886536.360846,135,0
1479886536.363322,66,1
1479886541.370256,42,0
1479886541.371928,42,1
1479886772.191575,172,1
1479886772.335986,135,0
1479886772.338560,66,1
1479886777.340238,42,0
1479886777.340993,42,1
1479886944.616072,113,1
1479887008.168036,172,1
1479887008.312355,135,0
1479887008.568836,135,0
1479887008.571234,66,1
1479887013.320231,42,0
1479887013.321414,42,1
1479887244.352554,172,1
1479887244.496984,135,0
1479887244.498453,66,1
1479887249.500232,42,0
1479887249.500995,42,1
1479887480.328986,172,1
1479887480.473306,135,0
1479887480.475930,66,1
1479887485.480244,42,0
1479887485.481001,42,1
1479887544.627504,113,1
1479887716.305507,172,1
1479887716.450027,135,0
1479887716.452418,66,1
1479887721.450230,42,0
1479887721.451001,42,1
1479887952.282282,172,1
1479887952.904691,172,1
1479887954.152965,172,1
1479887956.652555,172,1
1479887957.280896,42,1
1479887957.280940,42,0
1479887957.483338,103,1
1479887958.280896,42,1
1479887958.280930,42,0
1479887961.640976,172,1
1479887967.985825,80,1
1479887967.994724,418,0
1479887967.997458,74,1
1479887968.245264,74,0
1479887968.246097,66,1
1479887968.247057,281,1
1479887968.494885,66,0
1479887968.498005,1514,0
1479887968.498115,1514,0
1479887968.498198,743,0
1479887968.499004,66,1
1479887968.500805,66,1
1479887968.501254,66,1
1479887968.588876,200,1
1479887968.837395,300,0
1479887968.839861,66,1
1479887968.923058,620,1
1479887969.189960,167,0
1479887969.228909,66,1
1479887969.338156,284,1
1479887969.591965,135,0
1479887969.649767,66,1
1479887971.624985,172,1
1479887973.000236,42,0
1479887973.001006,42,1
1479887991.593057,172,1
1479888031.529127,172,1
1479888036.529681,42,1
1479888036.529720,42,0
1479888111.401271,172,1
1479888116.401193,42,1
1479888116.401236,42,0
1479888144.627187,113,1
1479888205.522360,172,1
1479888205.765588,135,0
1479888205.767394,66,1
1479888210.770228,42,0
1479888210.772772,42,1
1479888305.224673,75,1
1479888305.435546,529,0
1479888305.438328,90,1
1479888305.712088,90,0
1479888310.221546,42,1
1479888310.221606,42,0
1479888441.690821,172,1
1479888441.934021,135,0
1479888441.936416,66,1
1479888446.940242,42,0
1479888446.947553,42,1
1479888677.771236,172,1
1479888678.014455,135,0
1479888678.314027,172,1
1479888678.516420,135,0
1479888678.520126,66,1
1479888678.556918,78,0
1479888683.020243,42,0
1479888683.020998,42,1
1479888744.631599,113,1
1479888912.187667,172,1
1479888912.430547,66,0
1479888912.430883,135,0
1479888912.433208,66,1
1479888917.440252,42,0
1479888917.442644,42,1
1479889148.268327,172,1
1479889148.511520,135,0
1479889148.514024,66,1
1479889153.520241,42,0
1479889153.521016,42,1
1479889344.643033,113,1
1479889384.351787,172,1
1479889384.595081,135,0
1479889384.597872,66,1
1479889389.600241,42,0
1479889389.602019,42,1
1479889620.429263,172,1
1479889620.672556,135,0
1479889620.675116,66,1
1479889625.680242,42,0
1479889625.680992,42,1
1479889856.509497,172,1
1479889856.752708,135,0
1479889856.755112,66,1
1479889861.760360,42,0
1479889861.763050,42,1
1479889944.642621,113,1
1479890092.591765,172,1
1479890092.834925,135,0
1479890092.837353,66,1
1479890097.840242,42,0
1479890097.841039,42,1
1479890328.774463,172,1
1479890329.022401,135,0
1479890329.392344,135,0
1479890329.393165,66,1
1479890334.030232,42,0
1479890334.030998,42,1
1479890544.647368,113,1
1479890565.166883,172,1
1479890565.414784,135,0
1479890565.417258,66,1
1479890570.420241,42,0
1479890570.421043,42,1
1479890801.249307,172,1
1479890801.492378,135,0
1479890801.856371,135,0
1479890801.858358,66,1
1479890806.500244,42,0
1479890806.501008,42,1
1479891037.639819,172,1
1479891037.887778,135,0
1479891037.890449,66,1
1479891042.890255,42,0
1479891042.891510,42,1
1479891144.645305,113,1
1479891273.720289,172,1
1479891273.963353,135,0
1479891273.966010,66,1
1479891278.970550,42,0
1479891278.972129,42,1
1479891509.803163,172,1
1479891510.046272,135,0
1479891510.404258,135,0
1479891510.405078,66,1
1479891515.050242,42,0
1479891515.051006,42,1
1479891744.009389,172,1
1479891744.252562,135,0
1479891744.254953,66,1
1479891744.648337,113,1
1479891749.260240,42,0
1479891749.264625,42,1
1479891908.121662,75,1
1479891908.417779,525,0
1479891908.420357,90,1
1479891908.695157,90,0
1479891913.120596,42,1
1479891913.120657,42,0
1479891980.089781,172,1
1479891980.337758,135,0
1479891980.340762,66,1
1479891985.340233,42,0
1479891985.340989,42,1
1479892216.246239,172,1
1479892216.494195,135,0
1479892216.496656,66,1
1479892221.500232,42,0
1479892221.500993,42,1
1479892344.662336,113,1
1479892452.222757,172,1
1479892452.465830,135,0
1479892452.468415,66,1
1479892457.470232,42,0
1479892457.471013,42,1
1479892688.096567,172,1
1479892688.339658,135,0
1479892688.342318,66,1
1479892693.340240,42,0
1479892693.341008,42,1
1479892924.175804,172,1
1479892924.423608,135,0
1479892924.780438,135,0
1479892924.787117,66,1
1479892929.430242,42,0
1479892929.431352,42,1
1479892944.665176,113,1
1479893160.571613,172,1
1479893160.814646,135,0
1479893160.817790,66,1
1479893165.820230,42,0
1479893165.821001,42,1
1479893396.648891,172,1
1479893396.891917,135,0
1479893396.892756,66,1
1479893401.900242,42,0
1479893401.901002,42,1
1479893544.680657,113,1
1479893632.729377,172,1
1479893632.972472,135,0
1479893632.974996,66,1
1479893637.980235,42,0
1479893637.981015,42,1
1479893868.809949,172,1
1479893869.053035,135,0
1479893869.412550,135,0
1479893869.413374,66,1
1479893874.060238,42,0
1479893874.061012,42,1
1479894103.202437,172,1
1479894104.193480,172,1
1479894106.177539,172,1
1479894108.201445,42,1
1479894108.201487,42,0
1479894108.403851,103,1
1479894110.145485,172,1
1479894118.082069,172,1
1479894119.946305,80,1
1479894119.955098,418,0
1479894119.957676,74,1
1479894120.205430,74,0
1479894120.206659,66,1
1479894120.207628,281,1
1479894120.455491,66,0
1479894120.458603,1514,0
1479894120.458723,1514,0
1479894120.458810,743,0
1479894120.459649,66,1
1479894120.460556,66,1
1479894120.460666,66,1
1479894120.549821,200,1
1479894120.798341,300,0
1479894120.801183,66,1
1479894120.883778,620,1
1479894121.144125,167,0
1479894121.181457,66,1
1479894121.298728,284,1
1479894121.553294,135,0
1479894121.610989,66,1
1479894124.960244,42,0
1479894124.961835,42,1
1479894133.953503,172,1
1479894144.687103,113,1
1479894165.697676,172,1
1479894170.697578,42,1
1479894170.697620,42,0
1479894171.697575,42,1
1479894171.697614,42,0
1479894229.185791,172,1
1479894234.185715,42,1
1479894234.185755,42,0
1479894357.483164,172,1
1479894357.732171,135,0
1479894358.082037,172,1
1479894358.316605,135,0
1479894358.319421,66,1
1479894358.329565,78,0
1479894362.740239,42,0
1479894362.741027,42,1
1479894592.009190,172,1
1479894592.256761,66,0
1479894592.257094,135,0
1479894592.259421,66,1
1479894597.260239,42,0
1479894597.265065,42,1
1479894744.679833,113,1
1479894828.084034,172,1
1479894828.331908,135,0
1479894828.334352,66,1
1479894833.340245,42,0
1479894833.340814,42,1
1479895064.164595,172,1
1479895064.412461,135,0
1479895064.872734,135,0
1479895064.873562,66,1
1479895069.420233,42,0
1479895069.420992,42,1
1479895300.662636,172,1
1479895300.910607,135,0
1479895300.913332,66,1
1479895305.920242,42,0
1479895305.921539,42,1
1479895344.683054,113,1
1479895511.101092,75,1
1479895511.124853,541,0
1479895511.127542,90,1
1479895511.398168,90,0
1479895516.100564,42,1
1479895516.100628,42,0
1479895536.747180,172,1
1479895536.995070,135,0
1479895537.408768,135,0
1479895537.409945,66,1
1479895542.000231,42,0
1479895542.000994,42,1
1479895771.054085,172,1
1479895771.302031,135,0
1479895771.305001,66,1
1479895776.310255,42,0
1479895776.317118,42,1
1479895944.700115,113,1
1479896007.382655,172,1
1479896007.630646,135,0
1479896007.632119,66,1
1479896012.640241,42,0
1479896012.641038,42,1
1479896243.464859,172,1
1479896243.712920,135,0
1479896243.715468,66,1
1479896248.720233,42,0
1479896248.720994,42,1
1479896479.441842,172,1
1479896479.689787,135,0
1479896479.692402,66,1
1479896484.690232,42,0
1479896484.690995,42,1
1479896544.695014,113,1
1479896715.520650,172,1
1479896715.768576,135,0
1479896715.770066,66,1
1479896720.770241,42,0
1479896720.771447,42,1
1479896951.600604,172,1
1479896951.848635,135,0
1479896951.851159,66,1
1479896956.850245,42,0
1479896956.851010,42,1
1479897144.694642,113,1
1479897187.681066,172,1
1479897187.928936,135,0
1479897187.931552,66,1
1479897192.930246,42,0
1479897192.931023,42,1
1479897423.761595,172,1
1479897424.009459,135,0
1479897424.011921,66,1
1479897429.010239,42,0
1479897429.011005,42,1
1479897659.842017,172,1
1479897660.090039,135,0
1479897660.092382,66,1
1479897665.090237,42,0
1479897665.090997,42,1
1479897744.709417,113,1
1479897896.026551,172,1
1479897896.274491,135,0
1479897896.275178,66,1
1479897901.280243,42,0
1479897901.281029,42,1
1479898132.106981,172,1
1479898132.354784,135,0
1479898132.712827,135,0
1479898132.716722,66,1
1479898137.360233,42,0
1479898137.361331,42,1
1479898344.720492,113,1
1479898368.504437,172,1
1479898368.752391,135,0
1479898368.755095,66,1
1479898373.760240,42,0
1479898373.761027,42,1
1479898604.580246,172,1
1479898604.828110,135,0
1479898604.831135,66,1
1479898609.830246,42,0
1479898609.831019,42,1
1479898840.660444,172,1
1479898840.908264,135,0
1479898840.920272,66,1
1479898845.910248,42,0
1479898845.911009,42,1
1479898944.707403,113,1
1479899076.740942,172,1
1479899076.988744,135,0
1479899076.991527,66,1
1479899081.990232,42,0
1479899081.993080,42,1
1479899113.840571,75,1
1479899113.861246,533,0
1479899113.868502,90,1
1479899114.042560,90,0
1479899118.840360,42,1
1479899118.840419,42,0
1479899312.821482,172,1
1479899313.069432,135,0
1479899313.071888,66,1
1479899318.070240,42,0
1479899318.070998,42,1
1479899544.717955,113,1
1479899548.797935,172,1
1479899549.045777,135,0
1479899549.048270,66,1
1479899554.050238,42,0
1479899554.051020,42,1
1479899784.962392,172,1
1479899785.210223,135,0
1479899785.215989,66,1
1479899790.210231,42,0
1479899790.210996,42,1
1479900021.044268,172,1
1479900021.292089,135,0
1479900021.294756,66,1
1479900026.300250,42,0
1479900026.301013,42,1
1479900144.715419,113,1
1479900257.123435,172,1
1479900257.706447,172,1
1479900258.874446,172,1
1479900261.216604,172,1
1479900262.123492,42,1
1479900262.123531,42,0
1479900262.324989,103,1
1479900265.882479,172,1
1479900272.829787,80,1
1479900272.838687,418,0
1479900275.226500,172,1
1479900277.840238,42,0
1479900277.844646,42,1
1479900282.838664,80,1
1479900282.839041,220,0
1479900282.840133,74,1
1479900282.984690,74,0
1479900282.987452,66,1
1479900282.988436,281,1
1479900283.132964,66,0
1479900283.136111,1514,0
1479900283.136233,1514,0
1479900283.136319,743,0
1479900283.137613,66,1
1479900283.137719,66,1
1479900283.137783,66,1
1479900283.225603,200,1
1479900283.370780,300,0
1479900283.373064,66,1
1479900283.438213,620,1
1479900283.594377,167,0
1479900283.634452,66,1
1479900283.747737,284,1
1479900283.898668,135,0
1479900283.954567,66,1
1479900293.914562,172,1
1479900331.290638,172,1
1479900336.290326,42,1
1479900336.290366,42,0
1479900406.042802,172,1
1479900519.827956,172,1
1479900519.972513,135,0
1479900519.975061,66,1
1479900524.980234,42,0
1479900524.982271,42,1
1479900744.720844,113,1
1479900755.804388,172,1
1479900755.948894,135,0
1479900755.951386,66,1
1479900760.950233,42,0
1479900760.951031,42,1
1479900991.780821,172,1
1479900991.925224,135,0
1479900992.155883,172,1
1479900992.240888,135,0
1479900992.241715,66,1
1479900992.299919,78,0
1479900996.930235,42,0
1479900996.934811,42,1
1479901228.069314,172,1
1479901228.213413,66,0
1479901228.213747,135,0
1479901228.216066,66,1
1479901233.220243,42,0
1479901233.222009,42,1
1479901344.721130,113,1
1479901464.233732,172,1
1479901464.378099,135,0
1479901464.664872,135,0
1479901464.665734,66,1
1479901469.380242,42,0
1479901469.381296,42,1
1479901637.017319,590,1
1479901637.019506,342,0
1479901642.017049,42,1
1479901642.017111,42,0
1479901700.522264,172,1
1479901700.666749,135,0
1479901700.669231,66,1
1479901705.670244,42,0
1479901705.674819,42,1
1479901936.498661,172,1
1479901936.643012,135,0
1479901936.916788,135,0
1479901936.917691,66,1
1479901941.650242,42,0
1479901941.651026,42,1
1479901944.729328,113,1
1479902172.787061,172,1
1479902172.932478,135,0
1479902173.196770,135,0
1479902173.197610,66,1
1479902177.940244,42,0
1479902177.941006,42,1
1479902408.972279,172,1
1479902409.116672,135,0
1479902409.117510,66,1
1479902414.120245,42,0
1479902414.121005,42,1
1479902544.729418,113,1
1479902644.947955,172,1
1479902645.092325,135,0
1479902645.094733,66,1
1479902650.100237,42,0
1479902650.101034,42,1
1479902716.448504,75,1
1479902716.621006,549,0
1479902716.624102,90,1
1479902716.896856,90,0
1479902721.447110,42,1
1479902721.447169,42,0
1479902880.924463,172,1
1479902881.068860,135,0
1479902881.071398,66,1
1479902886.070239,42,0
1479902886.070994,42,1
1479903116.900969,172,1
1479903117.045339,135,0
1479903117.304668,135,0
1479903117.306021,66,1
1479903122.050243,42,0
1479903122.050997,42,1
1479903144.722904,113,1
1479903351.057076,172,1
1479903351.201552,135,0
1479903351.204164,66,1
1479903356.210244,42,0
1479903356.211023,42,1
1479903587.033844,172,1
1479903587.178255,135,0
1479903587.436653,135,0
1479903587.437356,66,1
1479903592.180244,42,0
1479903592.184066,42,1
1479903744.738611,113,1
1479903823.218317,172,1
1479903823.362709,135,0
1479903823.365398,66,1
1479903828.370231,42,0
1479903828.371015,42,1
1479904059.194746,172,1
1479904059.339428,135,0
1479904059.596624,135,0
1479904059.597448,66,1
1479904064.340230,42,0
1479904064.340997,42,1
1479904295.380473,172,1
1479904295.524886,135,0
1479904295.785500,135,0
1479904295.803706,66,1
1479904300.530243,42,0
1479904300.531003,42,1
1479904344.752759,113,1
1479904531.667718,172,1
1479904531.812081,135,0
1479904532.068622,135,0
1479904532.069487,66,1
1479904536.820240,42,0
1479904536.821026,42,1
1479904767.852280,172,1
1479904767.996686,135,0
1479904768.256632,135,0
1479904768.262127,66,1
1479904773.000241,42,0
1479904773.001005,42,1
1479904944.739425,113,1
1479905004.036641,172,1
1479905004.181167,135,0
1479905004.183765,66,1
1479905009.190247,42,0
1479905009.191035,42,1
1479905240.089119,172,1
1479905240.233696,135,0
1479905240.236134,66,1
1479905245.240234,42,0
1479905245.245089,42,1
1479905476.065515,172,1
1479905476.210056,135,0
1479905476.211533,66,1
1479905481.210242,42,0
1479905481.210997,42,1
1479905544.748024,113,1
1479905712.041948,172,1
1479905712.186522,135,0
1479905712.448696,135,0
1479905712.449763,66,1
1479905717.190236,42,0
1479905717.191018,42,1
1479905948.746432,172,1
1479905948.890935,135,0
1479905948.893308,66,1
1479905953.900240,42,0
1479905953.900999,42,1
1479906144.753010,113,1
1479906185.146867,172,1
1479906185.291539,135,0
1479906185.293012,66,1
1479906190.300245,42,0
1479906190.305412,42,1
1479906319.435493,75,1
1479906319.457229,525,0
1479906319.459722,90,1
1479906319.744492,90,0
1479906324.434134,42,1
1479906324.434194,42,0
1479906421.123369,172,1
1479906421.914153,172,1
1479906423.498402,172,1
1479906426.125418,42,1
1479906426.125457,42,0
1479906426.331798,103,1
1479906426.666381,172,1
1479906433.002656,172,1
1479906437.867830,80,1
1479906437.876877,418,0
1479906437.879753,74,1
1479906438.023518,74,0
1479906438.025123,66,1
1479906438.026063,281,1
1479906438.169878,66,0
1479906438.173001,1514,0
1479906438.173121,1514,0
1479906438.173202,743,0
1479906438.174514,66,1
1479906438.180088,66,1
1479906438.180184,66,1
1479906438.263055,200,1
1479906438.407535,300,0
1479906438.432565,66,1
1479906438.492494,620,1
1479906438.649446,167,0
1479906438.686090,66,1
1479906438.803707,284,1
1479906438.954411,135,0
1479906439.016283,66,1
1479906442.880255,42,0
1479906442.880785,42,1
1479906445.674450,172,1
1479906471.018766,172,1
1479906476.018434,42,1
1479906476.018474,42,0
1479906521.706604,172,1
1479906526.706551,42,1
1479906526.706594,42,0
1479906623.082791,172,1
1479906628.082727,42,1
1479906628.082770,42,0
1479906674.883823,172,1
1479906675.028613,135,0
1479906675.277680,172,1
1479906675.397261,135,0
1479906675.400084,66,1
1479906675.421196,78,0
1479906680.030230,42,0
1479906680.030998,42,1
1479906744.754878,113,1
1479906911.172271,172,1
1479906911.315775,66,0
1479906911.316971,135,0
1479906911.323470,66,1
1479906916.320243,42,0
1479906916.321027,42,1
1479907147.149717,172,1
1479907147.333246,66,0
1479907147.595883,135,0
1479907147.598230,66,1
1479907152.340246,42,0
1479907152.341006,42,1
1479907344.757602,113,1
1479907383.451175,172,1
1479907383.594683,66,0
1479907383.595858,135,0
1479907383.597385,66,1
1479907388.600245,42,0
1479907388.604799,42,1
1479907619.421822,172,1
1479907619.566538,135,0
1479907619.861292,135,0
1479907619.862133,66,1
1479907624.570233,42,0
1479907624.570995,42,1
1479907855.759720,172,1
1479907855.904378,135,0
1479907856.189332,135,0
1479907856.201042,66,1
1479907860.910240,42,0
1479907860.911003,42,1
1479907944.768291,113,1
1479908092.046606,172,1
1479908092.191280,135,0
1479908092.193753,66,1
1479908097.200246,42,0
1479908097.201181,42,1
1479908328.023136,172,1
1479908328.167794,135,0
1479908328.170195,66,1
1479908333.170243,42,0
1479908333.171012,42,1
1479908544.760353,113,1
1479908563.895698,172,1
1479908564.040350,135,0
1479908564.044699,66,1
1479908569.050237,42,0
1479908569.051011,42,1
1479908799.872183,172,1
1479908800.016925,135,0
1479908800.019475,66,1
1479908805.020237,42,0
1479908805.021000,42,1
1479909035.848542,172,1
1479909035.993242,135,0
1479909035.995659,66,1
1479909041.000247,42,0
1479909041.001253,42,1
1479909144.767737,113,1
1479909271.824969,172,1
1479909271.969710,135,0
1479909271.972194,66,1
1479909276.970242,42,0
1479909276.971022,42,1
1479909507.802004,172,1
1479909507.946694,135,0
1479909507.949234,66,1
1479909512.950239,42,0
1479909512.951003,42,1
1479909743.830018,172,1
1479909743.974708,135,0
1479909743.977284,66,1
1479909744.784300,113,1
1479909748.980240,42,0
1479909748.984492,42,1
1479909922.149728,75,1
1479909922.170055,533,0
1479909922.171587,90,1
1479909922.464201,90,0
1479909927.149182,42,1
1479909927.149239,42,0
1479909979.806324,172,1
1479909979.952038,135,0
1479909979.954662,66,1
1479909984.960239,42,0
1479909985.026209,42,1
1479910215.782720,172,1
1479910215.927408,135,0
1479910215.930449,66,1
1479910220.930242,42,0
1479910220.931001,42,1
1479910344.769003,113,1
1479910451.759169,172,1
1479910451.903826,135,0
1479910452.161099,135,0
1479910452.161984,66,1
1479910456.910241,42,0
1479910456.911358,42,1
1479910687.943665,172,1
1479910688.089536,135,0
1479910688.092144,66,1
1479910693.090243,42,0
1479910693.091003,42,1
1479910923.920071,172,1
1479910924.064728,135,0
1479910924.069637,66,1
1479910929.070232,42,0
1479910929.071018,42,1
1479910944.784513,113,1
1479911159.897932,172,1
1479911160.042632,135,0
1479911160.044104,66,1
1479911165.050239,42,0
1479911165.051020,42,1
1479911395.872978,172,1
1479911396.018700,135,0
1479911396.277038,135,0
1479911396.279056,66,1
1479911401.020241,42,0
1479911401.021582,42,1
1479911544.783582,113,1
1479911630.058848,172,1
1479911630.203520,135,0
1479911630.206375,66,1
1479911635.210244,42,0
1479911635.211023,42,1
1479911866.033952,172,1
1479911866.178603,135,0
1479911866.436839,135,0
1479911866.437663,66,1
1479911871.180312,42,0
1479911871.181391,42,1
1479912102.218371,172,1
1479912102.364151,135,0
1479912102.367091,66,1
1479912107.370230,42,0
1479912107.371000,42,1
1479912144.784888,113,1
1479912338.194874,172,1
1479912338.339850,135,0
1479912338.342307,66,1
1479912343.340240,42,0
1479912343.341420,42,1
1479912574.171309,172,1
1479912574.850385,172,1
1479912576.214105,172,1
1479912578.930376,172,1
1479912579.170330,42,1
1479912579.170371,42,0
1479912579.374406,103,1
1479912584.370405,172,1
1479912595.250434,172,1
1479912599.235228,80,1
1479912599.244491,418,0
1479912599.247573,74,1
1479912599.486713,74,0
1479912599.490796,66,1
1479912599.490924,281,1
1479912599.732775,66,0
1479912599.735897,1514,0
1479912599.736009,1514,0
1479912599.736097,743,0
1479912599.737518,66,1
1479912599.737619,66,1
1479912599.737683,66,1
1479912599.826944,200,1
1479912600.073173,300,0
1479912600.075533,66,1
1479912600.172510,620,1
1479912600.428822,167,0
1479912600.471765,66,1
1479912600.587618,284,1
1479912600.837701,135,0
1479912600.898453,66,1
1479912604.250243,42,0
1479912604.251003,42,1
1479912617.010483,172,1
1479912660.530561,172,1
1479912665.532144,42,1
1479912665.532186,42,0
1479912744.781887,113,1
1479912747.570772,172,1
1479912752.580440,42,1
1479912752.580479,42,0
1479912836.771893,172,1
1479912837.020395,135,0
1479912837.022857,66,1
1479912842.030241,42,0
1479912842.037405,42,1
1479913072.852321,172,1
1479913073.100615,135,0
1479913073.103646,66,1
1479913078.110234,42,0
1479913078.113683,42,1
1479913308.932786,172,1
1479913309.172820,135,0
1479913309.175269,66,1
1479913314.180230,42,0
1479913314.180999,42,1
1479913344.794866,113,1
1479913524.872818,75,1
1479913524.896387,517,0
1479913524.898989,90,1
1479913525.171816,90,0
1479913529.872283,42,1
1479913529.872340,42,0
1479913545.057313,172,1
1479913545.297393,135,0
1479913545.299957,66,1
1479913550.300229,42,0
1479913550.300998,42,1
1479913781.138532,172,1
1479913781.384740,135,0
1479913781.387243,66,1
1479913786.390233,42,0
1479913786.390997,42,1
1479913944.805352,113,1
1479914017.218380,172,1
1479914017.458001,135,0
1479914017.459458,66,1
1479914022.460243,42,0
1479914022.461254,42,1
1479914253.194902,172,1
1479914253.442623,135,0
1479914253.665917,172,1
1479914253.841900,135,0
1479914253.842733,66,1
1479914253.904806,78,0
1479914258.450230,42,0
1479914258.450997,42,1
1479914489.485801,172,1
1479914489.725541,66,0
1479914489.726706,135,0
1479914489.728276,66,1
1479914494.730243,42,0
1479914494.731395,42,1
1479914544.800775,113,1
1479914725.563925,172,1
1479914725.807461,135,0
1479914725.809967,66,1
1479914730.810241,42,0
1479914730.811032,42,1
1479914961.644396,172,1
1479914961.884124,135,0
1479914962.253946,135,0
1479914962.254778,66,1
1479914966.890243,42,0
1479914966.891010,42,1
1479915144.803917,113,1
1479915197.932954,172,1
1479915198.177524,135,0
1479915198.537967,135,0
1479915198.538826,66,1
1479915203.180244,42,0
1479915203.182488,42,1
1479915432.293500,172,1
1479915432.535811,135,0
1479915432.893963,135,0
1479915432.894820,66,1
1479915437.540244,42,0
1479915437.541000,42,1
1479915668.685981,172,1
1479915668.926269,135,0
1479915668.933242,66,1
1479915673.930239,42,0
1479915673.931366,42,1
1479915744.809538,113,1
1479915904.767161,172,1
1479915905.015218,135,0
1479915905.017696,66,1
1479915910.020243,42,0
1479915910.020999,42,1
1479916140.849370,172,1
1479916141.090880,135,0
1479916141.095569,66,1
1479916146.100244,42,0
1479916146.101317,42,1
1479916344.807207,113,1
1479916376.823546,172,1
1479916377.070169,135,0
1479916377.072700,66,1
1479916382.070245,42,0
1479916382.071046,42,1
1479916612.904109,172,1
1479916613.152062,135,0
1479916613.510327,135,0
1479916613.513655,66,1
1479916618.160248,42,0
1479916618.161474,42,1
1479916847.112573,172,1
1479916847.352188,135,0
1479916847.354559,66,1
1479916852.360256,42,0
1479916852.361100,42,1
1479916944.825307,113,1
1479917083.193099,172,1
1479917083.432693,135,0
1479917083.786498,135,0
1479917083.788131,66,1
1479917088.440239,42,0
1479917088.440809,42,1
1479917127.584774,75,1
1479917127.605744,529,0
1479917127.608386,90,1
1479917127.886124,90,0
1479917132.585773,42,1
1479917132.585830,42,0
1479917319.569788,172,1
1479917319.810435,135,0
1479917319.817101,66,1
1479917324.820244,42,0
1479917324.822536,42,1
1479917544.813133,113,1
1479917555.650272,172,1
1479917555.892730,135,0
1479917556.246563,135,0
1479917556.248184,66,1
1479917560.900244,42,0
1479917560.901051,42,1
1479917791.837295,172,1
1479917792.078229,135,0
1479917792.430620,135,0
1479917792.431454,66,1
1479917797.080248,42,0
1479917797.081007,42,1
1479918028.019197,172,1
1479918028.259464,135,0
1479918028.262268,66,1
1479918033.260244,42,0
1479918033.263462,42,1
1479918144.825376,113,1
1479918264.099724,172,1
1479918264.339405,135,0
1479918264.694683,135,0
1479918264.696872,66,1
1479918269.340239,42,0
1479918269.341022,42,1
1479918500.388293,172,1
1479918500.630294,135,0
1479918500.632677,66,1
1479918505.640249,42,0
1479918505.641004,42,1
1479918736.470387,172,1
1479918737.631843,172,1
1479918739.959849,172,1
1479918741.468166,42,1
1479918741.468202,42,0
1479918741.672155,103,1
1479918744.615849,172,1
1479918744.836621,113,1
1479918753.927925,172,1
1479918761.534775,80,1
1479918761.544015,418,0
1479918766.550242,42,0
1479918766.555775,42,1
1479918771.544304,80,1
1479918771.553726,418,0
1479918771.555332,74,1
1479918771.799294,74,0
1479918771.800684,66,1
1479918771.807174,281,1
1479918772.051205,66,0
1479918772.054351,1514,0
1479918772.054465,1514,0
1479918772.054548,743,0
1479918772.057159,66,1
1479918772.057345,66,1
1479918772.057433,66,1
1479918772.145379,200,1
1479918772.390043,300,0
1479918772.394477,66,1
1479918772.454018,620,1
1479918772.551955,172,1
1479918772.716620,167,0
1479918772.755854,66,1
1479918772.873637,284,1
1479918773.126358,135,0
1479918773.186281,66,1
1479918809.800044,172,1
1479918814.799964,42,1
1479918814.800000,42,0
1479918815.799949,42,1
1479918815.799983,42,0
1479918884.296204,172,1
1479918889.296128,42,1
1479918889.296169,42,0
1479918890.296128,42,1
1479918890.296171,42,0
1479919009.106981,172,1
1479919009.351578,135,0
1479919009.352435,66,1
1479919014.360242,42,0
1479919014.364731,42,1
1479919245.185931,172,1
1479919245.430139,135,0
1479919245.432737,66,1
1479919250.430241,42,0
1479919250.431006,42,1
1479919344.815469,113,1
1479919481.266596,172,1
1479919481.510671,135,0
1479919481.517827,66,1
1479919486.520240,42,0
1479919486.521020,42,1
1479919717.347044,172,1
1479919717.591051,135,0
1479919717.593613,66,1
1479919722.600245,42,0
1479919722.601022,42,1
1479919944.823949,113,1
1479919953.429845,172,1
1479919953.674055,135,0
1479919953.676470,66,1
1479919958.680230,42,0
1479919958.681008,42,1
1479920189.508040,172,1
1479920189.752124,135,0
1479920189.754561,66,1
1479920194.760247,42,0
1479920194.761006,42,1
1479920425.588604,172,1
1479920425.832632,135,0
1479920425.835422,66,1
1479920430.840255,42,0
1479920430.841328,42,1
1479920544.840120,113,1
1479920661.669113,172,1
1479920661.913299,135,0
1479920661.916038,66,1
1479920666.920262,42,0
1479920666.921043,42,1
1479920730.293435,75,1
1479920730.462240,517,0
1479920730.464901,90,1
1479920730.622793,90,0
1479920735.292274,42,1
1479920735.292337,42,0
1479920897.837803,172,1
1479920898.081879,135,0
1479920898.304692,172,1
1479920898.461738,135,0
1479920898.462593,66,1
1479920898.548370,78,0
1479920903.090231,42,0
1479920903.091002,42,1
1479921132.150462,172,1
1479921132.394148,66,0
1479921132.394636,135,0
1479921132.397664,66,1
1479921137.400244,42,0
1479921137.401012,42,1
1479921144.843209,113,1
1479921368.230727,172,1
1479921368.474858,135,0
1479921368.477285,66,1
1479921373.480240,42,0
1479921373.480999,42,1
1479921604.312032,172,1
1479921604.556039,135,0
1479921604.558632,66,1
1479921609.560244,42,0
1479921609.564038,42,1
1479921744.850045,113,1
1479921840.391813,172,1
1479921840.635856,135,0
1479921840.639147,66,1
1479921845.640242,42,0
1479921845.642089,42,1
1479922076.472264,172,1
1479922076.716466,135,0
1479922076.721293,66,1
1479922081.720240,42,0
1479922081.720999,42,1
1479922312.552737,172,1
1479922312.796988,135,0
1479922312.799445,66,1
1479922317.800259,42,0
1479922317.801049,42,1
1479922344.842863,113,1
1479922548.633243,172,1
1479922548.877285,135,0
1479922548.878733,66,1
1479922553.880234,42,0
1479922553.881029,42,1
1479922784.797669,172,1
1479922785.041884,135,0
1479922785.043341,66,1
1479922790.050241,42,0
1479922790.050996,42,1
1479922944.849003,113,1
1479923020.878166,172,1
1479923021.381209,172,1
1479923022.392320,172,1
1479923024.405229,172,1
1479923025.877171,42,1
1479923025.877212,42,0
1479923026.079777,103,1
1479923028.437224,172,1
1479923036.501314,172,1
1479923043.862072,80,1
1479923043.871605,418,0
1479923043.874114,74,1
1479923044.118080,74,0
1479923044.118923,66,1
1479923044.119886,281,1
1479923044.363966,66,0
1479923044.367162,1514,0
1479923044.367289,1514,0
1479923044.367371,743,0
1479923044.368850,66,1
1479923044.368954,66,1
1479923044.369019,66,1
1479923044.457917,200,1
1479923044.702759,300,0
1479923044.705039,66,1
1479923044.799346,620,1
1479923045.064499,167,0
1479923045.105215,66,1
1479923045.214460,284,1
1479923045.466562,135,0
1479923045.525327,66,1
1479923048.880244,42,0
1479923048.881010,42,1
1479923052.629289,172,1
1479923084.886587,172,1
1479923089.885309,42,1
1479923089.885349,42,0
1479923090.885309,42,1
1479923090.885351,42,0
1479923149.397506,172,1
1479923154.398236,42,1
1479923154.398276,42,0
1479923237.597896,590,1
1479923237.600050,342,0
1479923242.597626,42,1
1479923242.597685,42,0
1479923281.394829,172,1
1479923281.639718,135,0
1479923281.642163,66,1
1479923286.640239,42,0
1479923286.641000,42,1
1479923517.475166,172,1
1479923517.720045,135,0
1479923517.722658,66,1
1479923522.720247,42,0
1479923522.724328,42,1
1479923544.850075,113,1
1479923753.555687,172,1
1479923753.800691,135,0
1479923754.086725,172,1
1479923754.289811,135,0
1479923754.290735,66,1
1479923754.330454,78,0
1479923758.810241,42,0
1479923758.811029,42,1
1479923990.161796,172,1
1479923990.405530,66,0
1479923990.406700,135,0
1479923990.408247,66,1
1479923995.410244,42,0
1479923995.411356,42,1
1479924144.847123,113,1
1479924226.236642,172,1
1479924226.481672,135,0
1479924226.917722,135,0
1479924226.922230,66,1
1479924231.490273,42,0
1479924231.491289,42,1
1479924333.032432,75,1
1479924333.055382,533,0
1479924338.032797,42,1
1479924338.032847,42,0
1479924343.044096,75,1
1479924343.044443,139,0
1479924343.045524,90,1
1479924343.326333,90,0
1479924348.050244,42,0
1479924348.051013,42,1
1479924462.733171,172,1
1479924462.978013,135,0
1479924462.980578,66,1
1479924467.980245,42,0
1479924467.981024,42,1
1479924698.893634,172,1
1479924699.138687,135,0
1479924699.533635,135,0
1479924699.536628,66,1
1479924704.140231,42,0
1479924704.140992,42,1
1479924744.855325,113,1
1479924933.206142,172,1
1479924933.451010,135,0
1479924933.453762,66,1
1479924938.460243,42,0
1479924938.465897,42,1
1479925169.286610,172,1
1479925169.531588,135,0
1479925169.534023,66,1
1479925174.540242,42,0
1479925174.541006,42,1
1479925344.871562,113,1
1479925405.370970,172,1
1479925405.615914,135,0
1479925405.985583,135,0
1479925405.986716,66,1
1479925410.620242,42,0
1479925410.621025,42,1
1479925641.759620,172,1
1479925642.009405,135,0
1479925642.011962,66,1
1479925647.010235,42,0
1479925647.010996,42,1
1479925877.840100,172,1
1479925878.089755,135,0
1479925878.093341,66,1
1479925883.090232,42,0
1479925883.091013,42,1
1479925944.865016,113,1
1479926113.920596,172,1
1479926114.170382,135,0
1479926114.173245,66,1
1479926119.180240,42,0
1479926119.181036,42,1
1479926350.001028,172,1
1479926350.245878,135,0
1479926350.605564,135,0
1479926350.606615,66,1
1479926355.250244,42,0
1479926355.251787,42,1
1479926544.895689,113,1
1479926584.285371,172,1
1479926584.530231,135,0
1479926584.532818,66,1
1479926589.530229,42,0
1479926589.531001,42,1
1479926820.367217,172,1
1479926820.611749,135,0
1479926820.614981,66,1
1479926825.620242,42,0
1479926825.621001,42,1
1479927056.446935,172,1
1479927056.691928,135,0
1479927056.693169,66,1
1479927061.700241,42,0
1479927061.701732,42,1
1479927144.876341,113,1
1479927292.526666,172,1
1479927292.771528,135,0
1479927292.774048,66,1
1479927297.780230,42,0
1479927297.782396,42,1
1479927528.610518,172,1
1479927528.855360,135,0
1479927528.857967,66,1
1479927533.860244,42,0
1479927533.861007,42,1
1479927744.885004,113,1
1479927764.687537,172,1
1479927764.932434,135,0
1479927764.934095,66,1
1479927769.940242,42,0
1479927769.941298,42,1
1479927945.731442,75,1
1479927946.031948,545,0
1479927946.035251,90,1
1479927946.310804,90,0
1479927950.730895,42,1
1479927950.730956,42,0
1479928000.768534,172,1
1479928001.018350,135,0
1479928001.377236,135,0
1479928001.378060,66,1
1479928006.020252,42,0
1479928006.021701,42,1
1479928237.160453,172,1
1479928237.410151,135,0
1479928237.769197,135,0
1479928237.770028,66,1
1479928242.410241,42,0
1479928242.411225,42,1
1479928344.888806,113,1
1479928473.632893,172,1
1479928473.882533,135,0
1479928473.884937,66,1
1479928478.890238,42,0
1479928478.891023,42,1
1479928709.719324,172,1
1479928709.969078,135,0
1479928709.971484,66,1
1479928714.970254,42,0
1479928714.978301,42,1
1479928944.896865,113,1
1479928945.690074,172,1
1479928945.934942,135,0
1479928945.937665,66,1
1479928950.940243,42,0
1479928950.941027,42,1
1479929181.775120,172,1
1479929182.757300,172,1
1479929184.733292,172,1
1479929186.769248,42,1
1479929186.769292,42,0
1479929186.972401,103,1
1479929187.771347,42,1
1479929187.771389,42,0
1479929188.685375,172,1
1479929196.589331,172,1
1479929202.674221,80,1
1479929202.683659,418,0
1479929202.686219,74,1
1479929202.929204,74,0
1479929202.930057,66,1
1479929202.935502,281,1
1479929203.178545,66,0
1479929203.181627,1514,0
1479929203.181739,1514,0
1479929203.181829,743,0
1479929203.189471,66,1
1479929203.189586,66,1
1479929203.189653,66,1
1479929203.272704,200,1
1479929203.516387,300,0
1479929203.519617,66,1
1479929203.611569,620,1
1479929203.866149,167,0
1479929203.905275,66,1
1479929204.026534,284,1
1479929204.276343,135,0
1479929204.337377,66,1
1479929207.690241,42,0
1479929207.691249,42,1
1479929212.397422,172,1
1479929244.013897,172,1
1479929249.013360,42,1
1479929249.013404,42,0
1479929307.245575,172,1
1479929312.245488,42,1
1479929312.245528,42,0
1479929440.211483,172,1
1479929440.454771,135,0
1479929440.457881,66,1
1479929445.460240,42,0
1479929445.465914,42,1
1479929544.898579,113,1
1479929676.291215,172,1
1479929676.534630,135,0
1479929676.538278,66,1
1479929681.540241,42,0
1479929681.544912,42,1
1479929912.371712,172,1
1479929912.619921,135,0
1479929912.622398,66,1
1479929917.620242,42,0
1479929917.621004,42,1
1479930144.892678,113,1
1479930148.453627,172,1
1479930148.701759,135,0
1479930148.704165,66,1
1479930153.710241,42,0
1479930153.711387,42,1
1479930384.748691,172,1
1479930384.991891,135,0
1479930384.994675,66,1
1479930390.000235,42,0
1479930390.000995,42,1
1479930620.829006,172,1
1479930621.072277,135,0
1479930621.075580,66,1
1479930626.080243,42,0
1479930626.081215,42,1
1479930744.902821,113,1
1479930856.909601,172,1
1479930857.152985,135,0
1479930857.155345,66,1
1479930862.160239,42,0
1479930862.161019,42,1
1479931092.989889,172,1
1479931093.238020,135,0
1479931093.456950,172,1
1479931093.622122,135,0
1479931093.622962,66,1
1479931093.704453,78,0
1479931098.240240,42,0
1479931098.241008,42,1
1479931327.302302,172,1
1479931327.544957,66,0
1479931327.545356,135,0
1479931327.547589,66,1
1479931332.550240,42,0
1479931332.555770,42,1
1479931337.617625,590,1
1479931337.619670,342,0
1479931344.907938,113,1
1479931548.724065,75,1
1479931548.745587,545,0
1479931553.720624,42,1
1479931553.720682,42,0
1479931558.729965,75,1
1479931558.730339,139,0
1479931558.731895,90,1
1479931559.016671,90,0
1479931563.383044,172,1
1479931563.626465,135,0
1479931563.627320,66,1
1479931563.740238,42,0
1479931563.741007,42,1
1479931799.463213,172,1
1479931799.706457,135,0
1479931800.074119,135,0
1479931800.074956,66,1
1479931804.710229,42,0
1479931804.713605,42,1
1479931944.909032,113,1
1479932035.919658,172,1
1479932036.162824,135,0
1479932036.164319,66,1
1479932041.170236,42,0
1479932041.171591,42,1
1479932272.000171,172,1
1479932272.243454,135,0
1479932272.601987,135,0
1479932272.603122,66,1
1479932277.250239,42,0
1479932277.251020,42,1
1479932506.219177,172,1
1479932506.462396,135,0
1479932506.821873,135,0
1479932506.822697,66,1
1479932511.470245,42,0
1479932511.471016,42,1
1479932544.935130,113,1
1479932742.601063,172,1
1479932742.850430,135,0
1479932743.209845,135,0
1479932743.210702,66,1
1479932747.860238,42,0
1479932747.861020,42,1
1479932978.993469,172,1
1479932979.241528,135,0
1479932979.244772,66,1
1479932984.250231,42,0
1479932984.250989,42,1
1479933144.918448,113,1
1479933215.074197,172,1
1479933215.317630,135,0
1479933215.321552,66,1
1479933220.320240,42,0
1479933220.323940,42,1
1479933451.154447,172,1
1479933451.398021,135,0
1479933451.400416,66,1
1479933456.400248,42,0
1479933456.401014,42,1
1479933687.234882,172,1
1479933687.482895,135,0
1479933687.485258,66,1
1479933692.490242,42,0
1479933692.491002,42,1
1479933744.922880,113,1
1479933923.401484,172,1
1479933923.653593,135,0
1479933923.655079,66,1
1479933928.660239,42,0
1479933928.661026,42,1
1479934159.479839,172,1
1479934159.727939,135,0
1479934159.734304,66,1
1479934164.730242,42,0
1479934164.731010,42,1
1479934344.920428,113,1
1479934395.562853,172,1
1479934395.806240,135,0
1479934395.808754,66,1
1479934400.810239,42,0
1479934400.811021,42,1
1479934631.640776,172,1
1479934631.888648,135,0
1479934631.891290,66,1
1479934636.890231,42,0
1479934636.892219,42,1
1479934867.721334,172,1
1479934867.964393,135,0
1479934867.968379,66,1
1479934872.970241,42,0
1479934872.970989,42,1
1479934944.925868,113,1
1479935103.801780,172,1
1479935104.044793,135,0
1479935104.047312,66,1
1479935109.050231,42,0
1479935109.051007,42,1
1479935161.425405,75,1
1479935161.445669,529,0
1479935166.424677,42,1
1479935166.424736,42,0
1479935171.437068,75,1
1479935171.437418,139,0
1479935171.438620,90,1
1479935171.711444,90,0
1479935176.440262,42,0
1479935176.441032,42,1
1479935339.882168,172,1
1479935340.625279,172,1
1479935342.113285,172,1
1479935344.881799,42,1
1479935344.881841,42,0
1479935345.083678,103,1
1479935345.089252,172,1
1479935351.041308,172,1
1479935356.626101,80,1
1479935356.635079,418,0
1479935356.639311,74,1
1479935356.882754,74,0
1479935356.883601,66,1
1479935356.884556,281,1
1479935357.128035,66,0
1479935357.131987,1514,0
1479935357.132105,1514,0
1479935357.132192,743,0
1479935357.135286,66,1
1479935357.135473,66,1
1479935357.135564,66,1
1479935357.223108,200,1
1479935357.467281,300,0
1479935357.469627,66,1
1479935357.563411,620,1
1479935357.820165,167,0
1479935357.861253,66,1
1479935357.978500,284,1
1479935358.229140,135,0
1479935358.289358,66,1
1479935361.640246,42,0
1479935361.641313,42,1
1479935362.945335,172,1
1479935386.753403,172,1
1479935434.369500,172,1
1479935439.369471,42,1
1479935439.369508,42,0
1479935529.601729,172,1
1479935534.601624,42,1
1479935534.601661,42,0
1479935544.940643,113,1
1479935594.163424,172,1
1479935594.408296,135,0
1479935594.410918,66,1
1479935599.410239,42,0
1479935599.411041,42,1
1479935830.395269,172,1
1479935830.644965,135,0
1479935830.647520,66,1
1479935835.650242,42,0
1479935835.650998,42,1
1479936066.475729,172,1
1479936066.720102,135,0
1479936066.722510,66,1
1479936071.720233,42,0
1479936071.721108,42,1
1479936144.941603,113,1
1479936302.556241,172,1
1479936302.800517,135,0
1479936302.802892,66,1
1479936307.810238,42,0
1479936307.812127,42,1
1479936538.636705,172,1
1479936538.881008,135,0
1479936539.131741,172,1
1479936539.315060,135,0
1479936539.316263,66,1
1479936539.374939,78,0
1479936543.890241,42,0
1479936543.890998,42,1
1479936744.934675,113,1
1479936775.149878,172,1
1479936775.393066,66,0
1479936775.394190,135,0
1479936775.395730,66,1
1479936780.400246,42,0
1479936780.400978,42,1
1479937011.215073,172,1
1479937011.459397,135,0
1479937011.462049,66,1
1479937016.460250,42,0
1479937016.461013,42,1
1479937247.294942,172,1
1479937247.539262,135,0
1479937247.540708,66,1
1479937252.540243,42,0
1479937252.542408,42,1
1479937344.943841,113,1
1479937483.376965,172,1
1479937483.626604,135,0
1479937483.641878,66,1
1479937488.630239,42,0
1479937488.631100,42,1
1479937719.543146,172,1
1479937719.788239,135,0
1479937719.791702,66,1
1479937724.790245,42,0
1479937724.793544,42,1
1479937944.943630,113,1
1479937955.625364,172,1
1479937955.869752,135,0
1479937955.873868,66,1
1479937960.870241,42,0
1479937960.874051,42,1
1479938191.496526,172,1
1479938191.743444,135,0
1479938191.745935,66,1
1479938196.750248,42,0
1479938196.751323,42,1
1479938427.472617,172,1
1479938427.717461,135,0
1479938428.023669,172,1
1479938428.075164,135,0
1479938428.075974,66,1
1479938428.267380,78,0
1479938432.720234,42,0
1479938432.721008,42,1
1479938544.943601,113,1
1479938663.765032,172,1
1479938664.008865,66,0
1479938664.010014,135,0
1479938664.011772,66,1
1479938669.010252,42,0
1479938669.011034,42,1
1479938774.116899,75,1
1479938774.137923,549,0
1479938774.142418,90,1
1479938779.116346,42,1
1479938779.116406,42,0
1479938779.144408,90,1
1479938784.152551,90,1
1479938790.164862,75,1
1479938790.516523,549,0
1479938795.520242,42,0
1479938795.521024,42,1
1479938800.176593,75,1
1479938800.176933,139,0
1479938800.178010,90,1
1479938800.474707,90,0
1479938899.842043,172,1
1479938900.086957,135,0
1479938900.089502,66,1
1479938905.090247,42,0
1479938905.091009,42,1
1479939135.944315,172,1
1479939136.189362,135,0
1479939136.546780,135,0
1479939136.561831,66,1
1479939141.190228,42,0
1479939141.191021,42,1
1479939144.954939,113,1
1479939370.234629,172,1
1479939370.479557,135,0
1479939370.482141,66,1
1479939375.480254,42,0
1479939375.481044,42,1
1479939606.491090,172,1
1479939606.740742,135,0
1479939606.743914,66,1
1479939611.750240,42,0
1479939611.752454,42,1
1479939744.955076,113,1
1479939842.468307,172,1
1479939842.718108,135,0
1479939842.720799,66,1
1479939847.720241,42,0
1479939847.726666,42,1
1479940078.548092,172,1
1479940078.792397,135,0
1479940079.154737,135,0
1479940079.155563,66,1
1479940083.800236,42,0
1479940083.800990,42,1
1479940314.940554,172,1
1479940315.190168,135,0
1479940315.192759,66,1
1479940320.190233,42,0
1479940320.191002,42,1
1479940344.956718,113,1
1479940551.021270,172,1
1479940551.266130,135,0
1479940551.268613,66,1
1479940556.270242,42,0
1479940556.271033,42,1
1479940787.101823,172,1
1479940787.349750,135,0
1479940787.702895,135,0
1479940787.703727,66,1
1479940792.350232,42,0
1479940792.350988,42,1
1479940944.969197,113,1
1479941023.390109,172,1
1479941023.634433,135,0
1479941023.637004,66,1
1479941028.640240,42,0
1479941028.641034,42,1
1479941259.470560,172,1
1479941260.469589,172,1
1479941262.469597,172,1
1479941264.469891,42,1
1479941264.469933,42,0
1479941264.675047,103,1
1479941266.469798,172,1
1479941274.473539,172,1
1479941278.298407,80,1
1479941278.307079,418,0
1479941278.309518,74,1
1479941278.558311,74,0
1479941278.559617,66,1
1479941278.560627,281,1
1479941278.809424,66,0
1479941278.812517,1514,0
1479941278.812631,1514,0
1479941278.812714,743,0
1479941278.813516,66,1
1479941278.816005,66,1
1479941278.816421,66,1
1479941278.904461,200,1
1479941279.153931,300,0
1479941279.156907,66,1
1479941279.231739,620,1
1479941279.492196,167,0
1479941279.529587,66,1
1479941279.646827,284,1
1479941279.902628,135,0
1479941279.962299,66,1
1479941283.310245,42,0
1479941283.311025,42,1
1479941290.469691,172,1
1479941322.469770,172,1
1479941327.469690,42,1
1479941327.469731,42,0
1479941386.469892,172,1
1479941391.469822,42,1
1479941391.469867,42,0
1479941515.903093,172,1
1479941516.152422,135,0
1479941516.155069,66,1
1479941521.160240,42,0
1479941521.161012,42,1
1479941544.966601,113,1
1479941751.983593,172,1
1479941752.232311,135,0
1479941752.553275,172,1
1479941752.777199,135,0
1479941752.778064,66,1
1479941752.801539,78,0
1479941757.240240,42,0
1479941757.241024,42,1
1479941986.400331,172,1
1479941986.648687,66,0
1479941986.649062,135,0
1479941986.656210,66,1
1479941991.650248,42,0
1479941991.651029,42,1
1479942144.973508,113,1
1479942222.480573,172,1
1479942222.729547,135,0
1479942222.731885,66,1
1479942227.730244,42,0
1479942227.730985,42,1
1479942402.880518,75,1
1479942403.059450,545,0
1479942407.881764,42,1
1479942407.881826,42,0
1479942412.892971,75,1
1479942412.893316,139,0
1479942412.894388,90,1
1479942413.176008,90,0
1479942417.900251,42,0
1479942417.903034,42,1
1479942458.561129,172,1
1479942458.810076,135,0
1479942459.249394,135,0
1479942459.252753,66,1
1479942695.057518,172,1
1479942695.306441,135,0
1479942695.309051,66,1
1479942700.310247,42,0
1479942700.310997,42,1
1479942744.980281,113,1
1479942931.138030,172,1
1479942931.386869,135,0
1479942931.389280,66,1
1479942936.390246,42,0
1479942936.396251,42,1
1479943167.114261,172,1
1479943167.363030,135,0
1479943167.753093,135,0
1479943167.755492,66,1
1479943172.370241,42,0
1479943172.374146,42,1
1479943344.977410,113,1
1479943403.086590,172,1
1479943403.335501,135,0
1479943403.344896,66,1
1479943408.340239,42,0
1479943408.341022,42,1
1479943638.230986,172,1
1479943638.479742,135,0
1479943638.481213,66,1
1479943643.480239,42,0
1479943643.480998,42,1
1479943873.584033,172,1
1479943873.833105,135,0
1479943873.835479,66,1
1479943878.840242,42,0
1479943878.841156,42,1
1479943944.981640,113,1
1479944108.935760,172,1
1479944109.184667,135,0
1479944109.191273,66,1
1479944114.190229,42,0
1479944114.191009,42,1
1479944344.184109,172,1
1479944344.432997,135,0
1479944344.796564,135,0
1479944344.797499,66,1
1479944349.440265,42,0
1479944349.441036,42,1
1479944544.990812,113,1
1479944579.848520,172,1
1479944580.093642,135,0
1479944580.096193,66,1
1479944585.100244,42,0
1479944585.101020,42,1
1479944815.304982,172,1
1479944815.553732,135,0
1479944815.557228,66,1
1479944820.560228,42,0
1479944820.560997,42,1
1479945050.734059,172,1
1479945050.982976,135,0
1479945050.987312,66,1
1479945055.990244,42,0
1479945055.991001,42,1
1479945144.988017,113,1
1479945286.813769,172,1
1479945287.062561,135,0
1479945287.424400,135,0
1479945287.425266,66,1
1479945292.070236,42,0
1479945292.071017,42,1
1479945523.206407,172,1
1479945523.455230,135,0
1479945523.457654,66,1
1479945528.460235,42,0
1479945528.464302,42,1
1479945745.012130,113,1
1479945759.286659,172,1
1479945759.530643,135,0
1479945759.533064,66,1
1479945764.540248,42,0
1479945764.541048,42,1
1479945995.367379,172,1
1479945995.616385,135,0
1479945995.619036,66,1
1479946000.620238,42,0
1479946000.621008,42,1
1479946015.662637,75,1
1479946015.831842,545,0
1479946015.833425,90,1
1479946016.108126,90,0
1479946231.447484,172,1
1479946231.691478,135,0
1479946231.693867,66,1
1479946236.700241,42,0
1479946236.701312,42,1
1479946345.007321,113,1
1479946467.531274,172,1
1479946467.780050,135,0
1479946467.786200,66,1
1479946472.780241,42,0
1479946472.781016,42,1
1479946703.608336,172,1
1479946703.857118,135,0
1479946704.219874,135,0
1479946704.220724,66,1
1479946708.860237,42,0
1479946708.860996,42,1
1479946940.096843,172,1
1479946940.345666,135,0
1479946940.348798,66,1
1479946944.999500,113,1
1479946945.350245,42,0
1479946945.351030,42,1
1479947176.073290,172,1
1479947176.323193,135,0
1479947176.684045,135,0
1479947176.686648,66,1
1479947181.330245,42,0
1479947181.331000,42,1
1479947410.281856,172,1
1479947411.340890,172,1
1479947413.460872,172,1
1479947415.280827,42,1
1479947415.280869,42,0
1479947415.483245,103,1
1479947417.700942,172,1
1479947426.182598,172,1
1479947434.313673,80,1
1479947434.322680,418,0
1479947439.330241,42,0
1479947439.331191,42,1
1479947443.140971,172,1
1479947444.317184,80,1
1479947444.317575,220,0
1479947444.318655,74,1
1479947444.561880,74,0
1479947444.562956,66,1
1479947444.563915,281,1
1479947444.807155,66,0
1479947444.810310,1514,0
1479947444.810424,1514,0
1479947444.810511,743,0
1479947444.811784,66,1
1479947444.812032,66,1
1479947444.812121,66,1
1479947444.900717,200,1
1479947445.144582,300,0
1479947445.151274,66,1
1479947445.229575,620,1
1479947445.484157,167,0
1479947445.524885,66,1
1479947445.642143,284,1
1479947445.892019,135,0
1479947445.952993,66,1
1479947477.061059,172,1
1479947482.062117,42,1
1479947482.062160,42,0
1479947544.901230,172,1
1479947545.012773,113,1
1479947549.914171,42,1
1479947549.914211,42,0
1479947681.826622,172,1
1479947682.069888,135,0
1479947682.075531,66,1
1479947687.070236,42,0
1479947687.071021,42,1
1479947917.906888,172,1
1479947918.150243,135,0
1479947918.466650,172,1
1479947918.676220,135,0
1479947918.677050,66,1
1479947918.709540,78,0
1479947923.160229,42,0
1479947923.161002,42,1
1479948145.004197,113,1
1479948152.323385,172,1
1479948152.566255,66,0
1479948152.566702,135,0
1479948152.569116,66,1
1479948157.570239,42,0
1479948157.571021,42,1
1479948388.405253,172,1
1479948388.648492,135,0
1479948388.651005,66,1
1479948393.650238,42,0
1479948393.651038,42,1
1479948624.486096,172,1
1479948624.729449,135,0
1479948624.733115,66,1
1479948629.730245,42,0
1479948629.731006,42,1
1479948745.013460,113,1
1479948860.616933,172,1
1479948860.861381,135,0
1479948860.863886,66,1
1479948865.870244,42,0
1479948865.871431,42,1
1479949096.697376,172,1
1479949096.945569,135,0
1479949097.340373,135,0
1479949097.341209,66,1
1479949101.950243,42,0
1479949101.951003,42,1
1479949333.089864,172,1
1479949333.333300,135,0
1479949333.716415,135,0
1479949333.717245,66,1
1479949338.340232,42,0
1479949338.343518,42,1
1479949345.029375,113,1
1479949567.403226,172,1
1479949567.646432,135,0
1479949567.648875,66,1
1479949572.650241,42,0
1479949572.655011,42,1
1479949618.514013,75,1
1479949618.808586,529,0
1479949618.811407,90,1
1479949619.089670,90,0
1479949623.513479,42,1
1479949623.513538,42,0
1479949803.490507,172,1
1479949803.739079,135,0
1479949803.741523,66,1
1479949808.740239,42,0
1479949808.741002,42,1
1479949945.028242,113,1
1479950039.563377,172,1
1479950039.807480,135,0
1479950040.172462,135,0
1479950040.231863,66,1
1479950044.810232,42,0
1479950044.811015,42,1
1479950276.059829,172,1
1479950276.307869,135,0
1479950276.310229,66,1
1479950281.310233,42,0
1479950281.310994,42,1
1479950512.141687,172,1
1479950512.385130,135,0
1479950512.387882,66,1
1479950517.390240,42,0
1479950517.390999,42,1
1479950545.017853,113,1
1479950748.328788,172,1
1479950748.572050,135,0
1479950748.574918,66,1
1479950753.580243,42,0
1479950753.581026,42,1
1479950984.409227,172,1
1479950984.652617,135,0
1479950984.657872,66,1
1479950989.660239,42,0
1479950989.661006,42,1
1479951145.013943,113,1
1479951220.489946,172,1
1479951220.733177,135,0
1479951220.741064,66,1
1479951225.740240,42,0
1479951225.741032,42,1
1479951456.570457,172,1
1479951456.813828,135,0
1479951457.176580,135,0
1479951457.177405,66,1
1479951461.820244,42,0
1479951461.821015,42,1
1479951692.965408,172,1
1479951693.208709,135,0
1479951693.568617,135,0
1479951693.569456,66,1
1479951698.210246,42,0
1479951698.211009,42,1
1479951745.036816,113,1
1479951927.171152,172,1
1479951927.414338,135,0
1479951927.772611,135,0
1479951927.773470,66,1
1479951932.420245,42,0
1479951932.421700,42,1
1479952163.563667,172,1
1479952163.806889,135,0
1479952164.164610,135,0
1479952164.165434,66,1
1479952168.810229,42,0
1479952168.815005,42,1
1479952345.038786,113,1
1479952399.961130,172,1
1479952400.204383,135,0
1479952400.213203,66,1
1479952405.210241,42,0
1479952405.211039,42,1
1479952636.229320,172,1
1479952636.472717,135,0
1479952636.832623,135,0
1479952636.837020,66,1
1479952641.480240,42,0
1479952641.487045,42,1
1479952872.622854,172,1
1479952872.866143,135,0
1479952873.224609,135,0
1479952873.225482,66,1
1479952877.870243,42,0
1479952877.871007,42,1
1479952938.199922,590,1
1479952938.202487,342,0
1479952943.196664,42,1
1479952943.196717,42,0
1479952945.039616,113,1
1479953109.013870,172,1
1479953109.257150,135,0
1479953109.613319,135,0
1479953109.614440,66,1
1479953114.260230,42,0
1479953114.261025,42,1
1479953221.593323,75,1
1479953221.885390,545,0
1479953221.887876,90,1
1479953222.164892,90,0
1479953226.599437,42,1
1479953226.599499,42,0
1479953343.222069,172,1
1479953343.465317,135,0
1479953343.820784,135,0
1479953343.821620,66,1
1479953348.470233,42,0
1479953348.471002,42,1
1479953545.045806,113,1
1479953579.617649,172,1
1479953579.865804,135,0
1479953580.220668,135,0
1479953580.221538,66,1
1479953584.870240,42,0
1479953584.871026,42,1
1479953816.016023,172,1
1479953816.259272,135,0
1479953816.612721,135,0
1479953816.615111,66,1
1479953821.260243,42,0
1479953821.261005,42,1
1479954050.218325,172,1
1479954050.461592,135,0
1479954050.464026,66,1
1479954055.470240,42,0
1479954055.473723,42,1
1479954145.058704,113,1
1479954286.296664,172,1
1479954286.540031,135,0
1479954286.542416,66,1
1479954291.540241,42,0
1479954291.541024,42,1
1479954522.011751,172,1
1479954522.259893,135,0
1479954522.261363,66,1
1479954527.260240,42,0
1479954527.261000,42,1
1479954745.062766,113,1
1479954757.256845,172,1
1479954757.500106,135,0
1479954757.502637,66,1
1479954762.500240,42,0
1479954762.501026,42,1
1479954992.609760,172,1
1479954992.853353,135,0
1479954992.855758,66,1
1479954997.860231,42,0
1479954997.866967,42,1
1479955227.858769,172,1
1479955228.104678,135,0
1479955228.108705,66,1
1479955233.110242,42,0
1479955233.111002,42,1
1479955345.042136,113,1
1479955463.106196,172,1
1479955464.089252,172,1
1479955466.057303,172,1
1479955468.105221,42,1
1479955468.105258,42,0
1479955468.307659,103,1
1479955469.105213,42,1
1479955469.105255,42,0
1479955469.994638,172,1
1479955477.876312,172,1
1479955483.906099,80,1
1479955483.915339,418,0
1479955483.918132,74,1
1479955484.163023,74,0
1479955484.168733,66,1
1479955484.169763,281,1
1479955484.413632,66,0
1479955484.416779,1514,0
1479955484.416904,1514,0
1479955484.416989,743,0
1479955484.418452,66,1
1479955484.418603,66,1
1479955484.418700,66,1
1479955484.508215,200,1
1479955484.761224,300,0
1479955484.763712,66,1
1479955484.843427,620,1
1479955485.099325,167,0
1479955485.137247,66,1
1479955485.258914,284,1
1479955485.520968,135,0
1479955485.569588,66,1
1479955488.920246,42,0
1479955488.921997,42,1
1479955493.609329,172,1
1479955525.098148,172,1
1479955588.073526,172,1
1479955593.073447,42,1
1479955593.073481,42,0
1479955721.438679,172,1
1479955721.685412,135,0
1479955721.687048,66,1
1479955726.690240,42,0
1479955726.691014,42,1
1479955945.047034,113,1
1479955957.519130,172,1
1479955957.776177,135,0
1479955957.778584,66,1
1479955962.780230,42,0
1479955962.781024,42,1
1479956193.759613,172,1
1479956194.008997,135,0
1479956194.015843,66,1
1479956199.010233,42,0
1479956199.012521,42,1
1479956429.840602,172,1
1479956430.084708,135,0
1479956430.088833,66,1
1479956435.090231,42,0
1479956435.091008,42,1
1479956545.054888,113,1
1479956665.920552,172,1
1479956666.165861,135,0
1479956666.423512,172,1
1479956666.608113,135,0
1479956666.608974,66,1
1479956666.667195,78,0
1479956671.170239,42,0
1479956671.171032,42,1
1479956824.572220,75,1
1479956824.593513,529,0
1479956829.571758,42,1
1479956829.571819,42,0
1479956834.583970,75,1
1479956834.584323,139,0
1479956834.585404,90,1
1479956834.879005,90,0
1479956839.590241,42,0
1479956839.592455,42,1
1479956900.232869,172,1
1479956900.486581,66,0
1479956900.487208,135,0
1479956900.498013,66,1
1479956905.490245,42,0
1479956905.491975,42,1
1479957136.314984,172,1
1479957136.558993,135,0
1479957136.561507,66,1
1479957141.560247,42,0
1479957141.563779,42,1
1479957145.056716,113,1
1479957372.399532,172,1
1479957372.643405,135,0
1479957373.032210,135,0
1479957373.034936,66,1
1479957377.650246,42,0
1479957377.651006,42,1
1479957608.890180,172,1
1479957609.134103,135,0
1479957609.135636,66,1
1479957614.140241,42,0
1479957614.140959,42,1
1479957745.060247,113,1
1479957844.971183,172,1
1479957845.215237,135,0
1479957845.588702,135,0
1479957845.589582,66,1
1479957850.220242,42,0
1479957850.222211,42,1
1479958079.382882,172,1
1479958079.627063,135,0
1479958079.995624,135,0
1479958079.996455,66,1
1479958084.630301,42,0
1479958084.633006,42,1
1479958315.775865,172,1
1479958316.020919,135,0
1479958316.023542,66,1
1479958321.030242,42,0
1479958321.037809,42,1
1479958345.080075,113,1
1479958551.856437,172,1
1479958552.105214,135,0
1479958552.107678,66,1
1479958557.110234,42,0
1479958557.111356,42,1
1479958787.938948,172,1
1479958788.183075,135,0
1479958788.185720,66,1
1479958793.190246,42,0
1479958793.196096,42,1
1479958945.080515,113,1
1479959024.017662,172,1
1479959024.261507,135,0
1479959024.264246,66,1
1479959029.270233,42,0
1479959029.271021,42,1
1479959260.097286,172,1
1479959260.341345,135,0
1479959260.344225,66,1
1479959265.350247,42,0
1479959265.351009,42,1
1479959496.177651,172,1
1479959496.421886,135,0
1479959496.424822,66,1
1479959501.430244,42,0
1479959501.437310,42,1
1479959545.067864,113,1
1479959732.154108,172,1
1479959732.398135,135,0
1479959732.755449,135,0
1479959732.757855,66,1
1479959737.400239,42,0
1479959737.401041,42,1
1479959968.630624,172,1
1479959968.874687,135,0
1479959968.891588,66,1
1479959973.880232,42,0
1479959973.881000,42,1
1479960145.080354,113,1
1479960204.718500,172,1
1479960204.962387,135,0
1479960204.965006,66,1
1479960209.970242,42,0
1479960209.971357,42,1
1479960437.335531,75,1
1479960437.358113,529,0
1479960440.791538,172,1
1479960441.035590,135,0
1479960441.036426,66,1
1479960442.360240,42,0
1479960442.361001,42,1
1479960447.346910,75,1
1479960447.347245,139,0
1479960447.348317,90,1
1479960447.625503,90,0
1479960676.872413,172,1
1479960677.116434,135,0
1479960677.125410,66,1
1479960682.120243,42,0
1479960682.121006,42,1
1479960745.077771,113,1
1479960912.952444,172,1
1479960913.196466,135,0
1479960913.198909,66,1
1479960918.200243,42,0
1479960918.201031,42,1
1479961037.215942,590,1
1479961037.218190,342,0
1479961042.217339,42,1
1479961042.217395,42,0
1479961149.044601,172,1
1479961149.288622,135,0
1479961149.647692,135,0
1479961149.674896,66,1
1479961154.290230,42,0
1479961154.291804,42,1
1479961345.072628,113,1
1479961383.353314,172,1
1479961383.597300,135,0
1479961383.599785,66,1
1479961388.600286,42,0
1479961388.601970,42,1
1479961619.435634,172,1
1479961620.368831,172,1
1479961622.240843,172,1
1479961624.432772,42,1
1479961624.432814,42,0
1479961624.642785,103,1
1479961625.984837,172,1
1479961633.472845,172,1
1479961640.372344,80,1
1479961640.381304,418,0
1479961640.384342,74,1
1479961640.529028,74,0
1479961640.529875,66,1
1479961640.531625,281,1
1479961640.675916,66,0
1479961640.679090,1514,0
1479961640.679209,1514,0
1479961640.679295,743,0
1479961640.681218,66,1
1479961640.682411,66,1
1479961640.682501,66,1
1479961640.773292,200,1
1479961640.918277,300,0
1479961640.920609,66,1
1479961640.966830,620,1
1479961641.122680,167,0
1479961641.161186,66,1
1479961641.343359,284,1
1479961641.498250,135,0
1479961641.576799,66,1
1479961645.390244,42,0
1479961645.391016,42,1
1479961648.448882,172,1
1479961678.400979,172,1
1479961738.305959,172,1
1479961743.305569,42,1
1479961743.305611,42,0
1479961858.114566,172,1
1479961863.114138,42,1
1479961863.114179,42,0
1479961877.626209,172,1
1479961877.770530,135,0
1479961877.773053,66,1
1479961882.780240,42,0
1479961882.782891,42,1
1479961945.090785,113,1
1479962113.602695,172,1
1479962113.747032,135,0
1479962113.749435,66,1
1479962118.750240,42,0
1479962118.751022,42,1
1479962349.579183,172,1
1479962349.723529,135,0
1479962349.725820,66,1
1479962354.730241,42,0
1479962354.731004,42,1
1479962545.084515,113,1
1479962585.555574,172,1
1479962585.699730,135,0
1479962585.703556,66,1
1479962590.700238,42,0
1479962590.701026,42,1
1479962821.533060,172,1
1479962821.677233,135,0
1479962821.679826,66,1
1479962826.680255,42,0
1479962826.686657,42,1
1479963057.508458,172,1
1479963057.652617,135,0
1479963057.875504,172,1
1479963057.938937,135,0
1479963057.939769,66,1
1479963058.019292,78,0
1479963062.660231,42,0
1479963062.660997,42,1
1479963145.108103,113,1
1479963293.796878,172,1
1479963293.940699,66,0
1479963293.941126,135,0
1479963293.960048,66,1
1479963298.950240,42,0
1479963298.951021,42,1
1479963529.773257,172,1
1479963529.917468,135,0
1479963529.927273,66,1
1479963534.920243,42,0
1479963534.921008,42,1
1479963745.117940,113,1
1479963765.844471,172,1
1479963765.988644,135,0
1479963766.262876,135,0
1479963766.265732,66,1
1479963770.990241,42,0
1479963770.998976,42,1
1479964002.126296,172,1
1479964002.270533,135,0
1479964002.272728,66,1
1479964007.280227,42,0
1479964007.281871,42,1
1479964050.034498,75,1
1479964050.055867,545,0
1479964055.060242,42,0
1479964055.060998,42,1
1479964060.045599,75,1
1479964060.045924,139,0
1479964060.047001,90,1
1479964065.045790,42,1
1479964065.045830,42,0
1479964065.053472,90,1
1479964070.061560,90,1
1479964070.365987,90,0
1479964238.102756,172,1
1479964238.247595,135,0
1479964238.253130,66,1
1479964243.250235,42,0
1479964243.250995,42,1
1479964345.113255,113,1
1479964474.079267,172,1
1479964474.223414,135,0
1479964474.486846,135,0
1479964474.495398,66,1
1479964479.230245,42,0
1479964479.231315,42,1
1479964710.263685,172,1
1479964710.407840,135,0
1479964710.410428,66,1
1479964715.410244,42,0
1479964715.411004,42,1
1479964945.110321,113,1
1479964946.032167,172,1
1479964946.176503,135,0
1479964946.179064,66,1
1479964951.180241,42,0
1479964951.181011,42,1
1479965181.592654,172,1
1479965181.737006,135,0
1479965181.738479,66,1
1479965186.740243,42,0
1479965186.741006,42,1
1479965417.569191,172,1
1479965417.713817,135,0
1479965417.716467,66,1
1479965422.720244,42,0
1479965422.722423,42,1
1479965545.120445,113,1
1479965653.519181,172,1
1479965653.663540,135,0
1479965653.666251,66,1
1479965658.670231,42,0
1479965658.671015,42,1
1479965889.494000,172,1
1479965890.061059,172,1
1479965891.197056,172,1
1479965893.469067,172,1
1479965894.497987,42,1
1479965894.498027,42,0
1479965894.699676,103,1
1479965898.014369,172,1
1479965907.101119,172,1
1479965914.558111,80,1
1479965914.567393,418,0
1479965914.570072,74,1
1479965914.813140,74,0
1479965914.813977,66,1
1479965914.814940,281,1
1479965915.058383,66,0
1479965915.064303,1514,0
1479965915.064428,1514,0
1479965915.064516,743,0
1479965915.065493,66,1
1479965915.066577,66,1
1479965915.066672,66,1
1479965915.154400,200,1
1479965915.398199,300,0
1479965915.400484,66,1
1479965915.495199,620,1
1479965915.749113,167,0
1479965915.789051,66,1
1479965915.910297,284,1
1479965916.159529,135,0
1479965916.221149,66,1
1479965919.570242,42,0
1479965919.571245,42,1
1479965925.277159,172,1
1479965961.629585,172,1
1479965966.629149,42,1
1479965966.629191,42,0
1479965967.629146,42,1
1479965967.629190,42,0
1479966034.335543,172,1
1479966039.333294,42,1
1479966039.333336,42,0
1479966145.104699,113,1
1479966152.094493,172,1
1479966152.337690,135,0
1479966152.340158,66,1
1479966157.340238,42,0
1479966157.344342,42,1
1479966388.174988,172,1
1479966388.418097,135,0
1479966388.730027,172,1
1479966388.958912,135,0
1479966388.959748,66,1
1479966388.972797,78,0
1479966393.420228,42,0
1479966393.423067,42,1
1479966624.775423,172,1
1479966625.018208,66,0
1479966625.018545,135,0
1479966625.020836,66,1
1479966630.020241,42,0
1479966630.021987,42,1
1479966745.112298,113,1
1479966860.855848,172,1
1479966861.098972,135,0
1479966861.567022,135,0
1479966861.567882,66,1
1479966866.100239,42,0
1479966866.103208,42,1
1479967095.171574,172,1
1479967095.414622,135,0
1479967095.417017,66,1
1479967100.420241,42,0
1479967100.420996,42,1
1479967331.248715,172,1
1479967331.491834,135,0
1479967331.494409,66,1
1479967336.500240,42,0
1479967336.501023,42,1
1479967345.142217,113,1
1479967567.085215,172,1
1479967567.328326,135,0
1479967567.330896,66,1
1479967572.330241,42,0
1479967572.331000,42,1
1479967672.796921,75,1
1479967672.818406,529,0
1479967677.796381,42,1
1479967677.796442,42,0
1479967682.808578,75,1
1479967682.808924,139,0
1479967682.810008,90,1
1479967683.084897,90,0
1479967687.810240,42,0
1479967687.811002,42,1
1479967802.333496,172,1
1479967802.576674,135,0
1479967802.962772,135,0
1479967802.963604,66,1
1479967807.580243,42,0
1479967807.581011,42,1
1479967945.111211,113,1
1479968038.102090,172,1
1479968038.349955,135,0
1479968038.352548,66,1
1479968043.350241,42,0
1479968043.351948,42,1
1479968273.248114,172,1
1479968273.491250,135,0
1479968273.493861,66,1
1479968278.500239,42,0
1479968278.501019,42,1
1479968508.394865,172,1
1479968508.637961,135,0
1479968508.640404,66,1
1479968513.640245,42,0
1479968513.641006,42,1
1479968545.135928,113,1
1479968743.847565,172,1
1479968744.090683,135,0
1479968744.093105,66,1
1479968749.100243,42,0
1479968749.101031,42,1
1479968979.201406,172,1
1479968979.444536,135,0
1479968979.802802,135,0
1479968979.803641,66,1
1479968984.450241,42,0
1479968984.451014,42,1
1479969145.135140,113,1
1479969214.760457,172,1
1479969215.003704,135,0
1479969215.362767,135,0
1479969215.363630,66,1
1479969220.010245,42,0
1479969220.011029,42,1
1479969450.944964,172,1
1479969451.188038,135,0
1479969451.190427,66,1
1479969456.190256,42,0
1479969456.191026,42,1
1479969686.193396,172,1
1479969686.436429,135,0
1479969686.438915,66,1
1479969691.440241,42,0
1479969691.444286,42,1
1479969745.146626,113,1
1479969921.545885,172,1
1479969921.788983,135,0
1479969921.791674,66,1
1479969926.790244,42,0
1479969926.791029,42,1
1479970156.794362,172,1
1479970157.042217,135,0
1479970157.044639,66,1
1479970162.050241,42,0
1479970162.051605,42,1
1479970345.148092,113,1
1479970391.938807,172,1
1479970392.181943,135,0
1479970392.184437,66,1
1479970397.190245,42,0
1479970397.193373,42,1
1479970627.084020,172,1
1479970627.327043,135,0
1479970627.329396,66,1
1479970632.330228,42,0
1479970632.330988,42,1
1479970862.540748,172,1
1479970862.783867,135,0
1479970862.792128,66,1
1479970867.790247,42,0
1479970867.791011,42,1
1479970945.132495,113,1
1479971098.096212,172,1
1479971098.344201,135,0
1479971098.346658,66,1
1479971103.350240,42,0
1479971103.351019,42,1
1479971285.588091,75,1
1479971285.945361,545,0
1479971285.947946,90,1
1479971286.215089,90,0
1479971290.587549,42,1
1479971290.587606,42,0
1479971334.176644,172,1
1479971334.424505,135,0
1479971334.782617,135,0
1479971334.783447,66,1
1479971339.430247,42,0
1479971339.432662,42,1
1479971545.150441,113,1
1479971570.570033,172,1
1479971570.818945,135,0
1479971571.178572,135,0
1479971571.180158,66,1
1479971575.820242,42,0
1479971575.821034,42,1
1479971806.961672,172,1
1479971807.209518,135,0
1479971807.566562,135,0
1479971807.567392,66,1
1479971812.210241,42,0
1479971812.211005,42,1
1479972041.170967,172,1
1479972042.333103,172,1
1479972044.661113,172,1
1479972046.169084,42,1
1479972046.169125,42,0
1479972046.373626,103,1
1479972049.318526,172,1
1479972058.629179,172,1
1479972058.953941,80,1
1479972058.963269,418,0
1479972058.965762,74,1
1479972059.109513,74,0
1479972059.110347,66,1
1479972059.111307,281,1
1479972059.255139,66,0
1479972059.258304,1514,0
1479972059.258417,1514,0
1479972059.258503,743,0
1479972059.261379,66,1
1479972059.261567,66,1
1479972059.261658,66,1
1479972059.349749,200,1
1479972059.494313,300,0
1479972059.496585,66,1
1479972059.579247,620,1
1479972059.742254,167,0
1479972059.781090,66,1
1479972059.890334,284,1
1479972060.042573,135,0
1479972060.097211,66,1
1479972063.970238,42,0
1479972063.971099,42,1
1479972077.253229,172,1
1479972114.501357,172,1
1479972119.505749,42,1
1479972119.505791,42,0
1479972120.501255,42,1
1479972120.501299,42,0
1479972145.141128,113,1
1479972188.997572,172,1
1479972193.997481,42,1
1479972193.997521,42,0
1479972295.970751,172,1
1479972296.115389,135,0
1479972296.117873,66,1
1479972301.120232,42,0
1479972301.121788,42,1
1479972531.947342,172,1
1479972532.092152,135,0
1479972532.095182,66,1
1479972537.100252,42,0
1479972537.101531,42,1
1479972745.139833,113,1
1479972767.924135,172,1
1479972768.068813,135,0
1479972768.070295,66,1
1479972773.070244,42,0
1479972773.071034,42,1
1479973003.968723,172,1
1479973004.113496,135,0
1479973004.116038,66,1
1479973009.120243,42,0
1479973009.121046,42,1
1479973239.945161,172,1
1479973240.089844,135,0
1479973240.094024,66,1
1479973245.090234,42,0
1479973245.090991,42,1
1479973345.161265,113,1
1479973475.923168,172,1
1479973476.067822,135,0
1479973476.070229,66,1
1479973481.070241,42,0
1479973481.071032,42,1
1479973711.898371,172,1
1479973712.043145,135,0
1479973712.045481,66,1
1479973717.050243,42,0
1479973717.051003,42,1
1479973945.182268,113,1
1479973947.874903,172,1
1479973948.019539,135,0
1479973948.022069,66,1
1479973953.020240,42,0
1479973953.021011,42,1
1479974183.851481,172,1
1479974183.996237,135,0
1479974183.997684,66,1
1479974189.000228,42,0
1479974189.001565,42,1
1479974419.831688,172,1
1479974419.976276,135,0
1479974420.185623,172,1
1479974420.234046,135,0
1479974420.234858,66,1
1479974420.329071,78,0
1479974424.980242,42,0
1479974424.981005,42,1
1479974545.157739,113,1
1479974655.908613,172,1
1479974656.052032,66,0
1479974656.053245,135,0
1479974656.054661,66,1
1479974661.060239,42,0
1479974661.061020,42,1
1479974888.624719,75,1
1479974888.645119,545,0
1479974891.877200,172,1
1479974892.021851,135,0
1479974892.023926,66,1
1479974893.650241,42,0
1479974893.651007,42,1
1479974898.636920,75,1
1479974898.637258,139,0
1479974898.638873,90,1
1479974898.923428,90,0
1479974903.636207,42,1
1479974903.636248,42,0
1479975127.853731,172,1
1479975127.998357,135,0
1479975128.000726,66,1
1479975133.000234,42,0
1479975133.001133,42,1
1479975145.179849,113,1
1479975363.831148,172,1
1479975363.975804,135,0
1479975364.234047,135,0
1479975364.234895,66,1
1479975368.980243,42,0
1479975368.981021,42,1
1479975600.014820,172,1
1479975600.159464,135,0
1479975600.163800,66,1
1479975605.160243,42,0
1479975605.161009,42,1
1479975745.184522,113,1
1479975835.991599,172,1
1479975836.136270,135,0
1479975836.138884,66,1
1479975841.140229,42,0
1479975841.141269,42,1
1479976071.967946,172,1
1479976072.112539,135,0
1479976072.115066,66,1
1479976077.120246,42,0
1479976077.121238,42,1
1479976307.944450,172,1
1479976308.459501,172,1
1479976309.491504,172,1
1479976311.555501,172,1
1479976312.947721,42,1
1479976312.947762,42,0
1479976313.146680,103,1
1479976315.683534,172,1
1479976323.939568,172,1
1479976331.968355,80,1
1479976331.977374,418,0
1479976331.980417,74,1
1479976332.223721,74,0
1479976332.225791,66,1
1479976332.226755,281,1
1479976332.470117,66,0
1479976332.473228,1514,0
1479976332.473354,1514,0
1479976332.473440,743,0
1479976332.474723,66,1
1479976332.474827,66,1
1479976332.474892,66,1
1479976332.562879,200,1
1479976332.806910,300,0
1479976332.809385,66,1
1479976332.907776,620,1
1479976333.163883,167,0
1479976333.203636,66,1
1479976333.321460,284,1
1479976333.571092,135,0
1479976333.631599,66,1
1479976336.980231,42,0
1479976336.981030,42,1
1479976340.451617,172,1
1479976345.179874,113,1
1479976373.475684,172,1
1479976378.475601,42,1
1479976378.475640,42,0
1479976439.523813,172,1
1479976569.505012,172,1
1479976569.749355,135,0
1479976569.751918,66,1
1479976574.750240,42,0
1479976574.751001,42,1
1479976805.325467,172,1
1479976805.569760,135,0
1479976805.572502,66,1
1479976810.570238,42,0
1479976810.570997,42,1
1479976945.217175,113,1
1479977040.470006,172,1
1479977040.714193,135,0
1479977040.716599,66,1
1479977045.720242,42,0
1479977045.721037,42,1
1479977275.822465,172,1
1479977276.066650,135,0
1479977276.333525,172,1
1479977276.529480,135,0
1479977276.530318,66,1
1479977276.576545,78,0
1479977281.070246,42,0
1479977281.071500,42,1
1479977511.382948,172,1
1479977511.625966,66,0
1479977511.627133,135,0
1479977511.632737,66,1
1479977516.630243,42,0
1479977516.631006,42,1
1479977545.194014,113,1
1479977746.735478,172,1
1479977746.979759,135,0
1479977746.982227,66,1
1479977751.980241,42,0
1479977751.981089,42,1
1479977981.879931,172,1
1479977982.124322,135,0
1479977982.126847,66,1
1479977987.130236,42,0
1479977987.133130,42,1
1479978145.200410,113,1
1479978217.128801,172,1
1479978217.372971,135,0
1479978217.375527,66,1
1479978222.380242,42,0
1479978222.381222,42,1
1479978452.377190,172,1
1479978452.621376,135,0
1479978452.623929,66,1
1479978457.630243,42,0
1479978457.631220,42,1
1479978501.332583,75,1
1479978501.353401,529,0
1479978501.354946,90,1
1479978501.700166,90,0
1479978506.332035,42,1
1479978506.332097,42,0
1479978688.005393,172,1
1479978688.249735,135,0
1479978688.252721,66,1
1479978693.250239,42,0
1479978693.251006,42,1
1479978745.238118,113,1
1479978923.253947,172,1
1479978923.498258,135,0
1479978923.500878,66,1
1479978928.500241,42,0
1479978928.504613,42,1
1479979158.814409,172,1
1479979159.058746,135,0
1479979159.061306,66,1
1479979164.060243,42,0
1479979164.061004,42,1
1479979345.215629,113,1
1479979393.958895,172,1
1479979394.203096,135,0
1479979394.205735,66,1
1479979399.210233,42,0
1479979399.211020,42,1
1479979629.103457,172,1
1479979629.347767,135,0
1479979629.630462,172,1
1479979629.705128,135,0
1479979629.710871,66,1
1479979629.873477,78,0
1479979634.350241,42,0
1479979634.351483,42,1
1479979864.664010,172,1
1479979864.907054,66,0
1479979864.908347,135,0
1479979864.909708,66,1
1479979869.910249,42,0
1479979869.917178,42,1
1479979945.185661,113,1
1479980099.912416,172,1
1479980100.156603,135,0
1479980100.159184,66,1
1479980105.160240,42,0
1479980105.161027,42,1
1479980335.160893,172,1
1479980335.405071,135,0
1479980335.407545,66,1
1479980340.410244,42,0
1479980340.410995,42,1
1479980545.226306,113,1
1479980571.325404,172,1
1479980571.570068,135,0
1479980571.572598,66,1
1479980576.570248,42,0
1479980576.571026,42,1
1479980807.406002,172,1
1479980807.650355,135,0
1479980808.005148,135,0
1479980808.005972,66,1
1479980812.660239,42,0
1479980812.661012,42,1
1479981043.800682,172,1
1479981044.045009,135,0
1479981044.397191,135,0
1479981044.398026,66,1
1479981049.050246,42,0
1479981049.051007,42,1
1479981145.202605,113,1
1479981280.190840,172,1
1479981280.435005,135,0
1479981280.789230,135,0
1479981280.790095,66,1
1479981285.440236,42,0
1479981285.441022,42,1
1479981516.583574,172,1
1479981516.827799,135,0
1479981516.830316,66,1
1479981521.830244,42,0
1479981521.831018,42,1
1479981745.199636,113,1
1479981752.664126,172,1
1479981752.908864,135,0
1479981752.910337,66,1
1479981757.910235,42,0
1479981757.911033,42,1
1479981988.744857,172,1
1479981988.989026,135,0
1479981988.991599,66,1
1479981993.990240,42,0
1479981993.991008,42,1
1479982104.108432,75,1
1479982104.130292,529,0
1479982109.107901,42,1
1479982109.107962,42,0
1479982114.120185,75,1
1479982114.120548,139,0
1479982114.122296,90,1
1479982114.415256,90,0
1479982119.130238,42,0
1479982119.131002,42,1
1479982224.825222,172,1
1479982225.860243,172,1
1479982227.932235,172,1
1479982229.824198,42,1
1479982229.824239,42,0
1479982230.228179,103,1
1479982232.076246,172,1
1479982240.364283,172,1
1479982243.881034,80,1
1479982243.890623,418,0
1479982243.893678,74,1
1479982244.127077,74,0
1479982244.130195,66,1
1479982244.130355,281,1
1479982244.363837,66,0
1479982244.366968,1514,0
1479982244.367080,1514,0
1479982244.367166,743,0
1479982244.368924,66,1
1479982244.369028,66,1
1479982244.369093,66,1
1479982244.462058,200,1
1479982244.696390,300,0
1479982244.698672,66,1
1479982244.714928,620,1
1479982244.961822,167,0
1479982245.000421,66,1
1479982245.129469,284,1
1479982245.370958,135,0
1479982245.408248,66,1
1479982248.900239,42,0
1479982248.901001,42,1
1479982256.940322,172,1
1479982290.092400,172,1
1479982295.092800,42,1
1479982295.092842,42,0
1479982345.232812,113,1
1479982356.397056,172,1
1479982361.396798,42,1
1479982361.396837,42,0
1479982362.396483,42,1
1479982362.396525,42,0
1479982481.321390,172,1
1479982481.555863,135,0
1479982481.880811,172,1
1479982482.105299,135,0
1479982482.106162,66,1
1479982482.113972,78,0
1479982486.560229,42,0
1479982486.561016,42,1
1479982637.801392,590,1
1479982637.803341,342,0
1479982642.801105,42,1
1479982642.801163,42,0
1479982717.914312,172,1
1479982718.147490,66,0
1479982718.148637,135,0
1479982718.150161,66,1
1479982723.150229,42,0
1479982723.151005,42,1
1479982945.216472,113,1
1479982953.994807,172,1
1479982954.229154,135,0
1479982954.689312,135,0
1479982954.690167,66,1
1479982959.230244,42,0
1479982959.230959,42,1
1479983188.307327,172,1
1479983188.541796,135,0
1479983188.544263,66,1
1479983193.550235,42,0
1479983193.552606,42,1
1479983424.383831,172,1
1479983424.618115,135,0
1479983425.029329,135,0
1479983425.030162,66,1
1479983429.620246,42,0
1479983429.621516,42,1
1479983545.210176,113,1
1479983660.880423,172,1
1479983661.114889,135,0
1479983661.117301,66,1
1479983666.120245,42,0
1479983666.121024,42,1
1479983896.960904,172,1
1479983897.195179,135,0
1479983897.196627,66,1
1479983902.200243,42,0
1479983902.201007,42,1
1479984133.277423,172,1
1479984133.511844,135,0
1479984133.514326,66,1
1479984138.520240,42,0
1479984138.521033,42,1
1479984145.210848,113,1
1479984369.357978,172,1
1479984369.592257,135,0
1479984369.953240,135,0
1479984369.954092,66,1
1479984374.600233,42,0
1479984374.605365,42,1
1479984605.750442,172,1
1479984605.984837,135,0
1479984605.987949,66,1
1479984610.990248,42,0
1479984610.991011,42,1
1479984745.230722,113,1
1479984841.830942,172,1
1479984842.065342,135,0
1479984842.421123,135,0
1479984842.421995,66,1
1479984847.070247,42,0
1479984847.071031,42,1
1479985078.223293,172,1
1479985078.457623,135,0
1479985078.460128,66,1
1479985083.460240,42,0
1479985083.462304,42,1
1479985314.303811,172,1
1479985314.538087,135,0
1479985314.884828,135,0
1479985314.885661,66,1
1479985319.540243,42,0
1479985319.541017,42,1
1479985345.230098,113,1
1479985550.696635,172,1
1479985550.931505,135,0
1479985550.934061,66,1
1479985555.940243,42,0
1479985555.941025,42,1
1479985716.823943,75,1
1479985716.844918,545,0
1479985716.846588,90,1
1479985721.823399,42,1
1479985721.823461,42,0
1479985721.855434,90,1
1479985726.867024,90,1
1479985727.178135,90,0
1479985732.180240,42,0
1479985732.181020,42,1
1479985732.875892,75,1
1479985732.896996,545,0
1479985732.898133,90,1
1479985733.206928,90,0
1479985786.776486,172,1
1479985787.010768,135,0
1479985787.013122,66,1
1479985792.020240,42,0
1479985792.022689,42,1
1479985945.245639,113,1
1479986022.996891,172,1
1479986023.232424,135,0
1479986023.233898,66,1
1479986028.240246,42,0
1479986028.241025,42,1
1479986258.973352,172,1
1479986259.207658,135,0
1479986259.210238,66,1
1479986264.210240,42,0
1479986264.212246,42,1
1479986494.949721,172,1
1479986495.184038,135,0
1479986495.186860,66,1
1479986500.190230,42,0
1479986500.191641,42,1
1479986545.236690,113,1
1479986730.926183,172,1
1479986731.165860,135,0
1479986731.512122,135,0
1479986731.512974,66,1
1479986736.170241,42,0
1479986736.174534,42,1
1479986967.318539,172,1
1479986967.558165,135,0
1479986967.903951,135,0
1479986967.906444,66,1
1479986972.560249,42,0
1479986972.561016,42,1
1479987145.242103,113,1
1479987203.502935,172,1
1479987203.737848,135,0
1479987203.738710,66,1
1479987208.740234,42,0
1479987208.741291,42,1
1479987439.583413,172,1
1479987439.817707,135,0
1479987439.820117,66,1
1479987444.820242,42,0
1479987444.821008,42,1
1479987675.663803,172,1
1479987675.898682,135,0
1479987675.901166,66,1
1479987680.900250,42,0
1479987680.901009,42,1
1479987745.255227,113,1
1479987911.812260,172,1
1479987912.046722,135,0
1479987912.391485,135,0
1479987912.392343,66,1
1479987917.050231,42,0
1479987917.051369,42,1
1479988148.204676,172,1
1479988148.439156,135,0
1479988148.440901,66,1
1479988153.440233,42,0
1479988153.445536,42,1
1479988345.251210,113,1
1479988384.285212,172,1
1479988385.308161,172,1
1479988387.356171,172,1
1479988389.284119,42,1
1479988389.284160,42,0
1479988389.487354,103,1
1479988391.452167,172,1
1479988399.644210,172,1
1479988402.068989,80,1
1479988402.077977,418,0
1479988402.080652,74,1
1479988402.224389,74,0
1479988402.225232,66,1
1479988402.226189,281,1
1479988402.369969,66,0
1479988402.373066,1514,0
1479988402.373177,1514,0
1479988402.373245,743,0
1479988402.387881,66,1
1479988402.387999,66,1
1479988402.388074,66,1
1479988402.476784,200,1
1479988402.621328,300,0
1479988402.623643,66,1
1479988402.694300,620,1
1479988402.850940,167,0
1479988402.892135,66,1
1479988403.005373,284,1
1479988403.156883,135,0
1479988403.212251,66,1
1479988407.080248,42,0
1479988407.081028,42,1
1479988416.028294,172,1
1479988448.796327,172,1
1479988453.796236,42,1
1479988453.796276,42,0
1479988454.796247,42,1
1479988454.796290,42,0
1479988514.332432,172,1
1479988519.332358,42,1
1479988519.332398,42,0
1479988639.086103,172,1
1479988639.230685,135,0
1479988639.476672,172,1
1479988639.604722,135,0
1479988639.605572,66,1
1479988639.620129,78,0
1479988644.240240,42,0
1479988644.241005,42,1
1479988873.293992,172,1
1479988873.437465,66,0
1479988873.438545,135,0
1479988873.441566,66,1
1479988878.440238,42,0
1479988878.441566,42,1
1479988945.237245,113,1
1479989109.270630,172,1
1479989109.416259,135,0
1479989109.744748,135,0
1479989109.746180,66,1
1479989114.420240,42,0
1479989114.421032,42,1
1479989335.614698,75,1
1479989335.635035,541,0
1479989335.637949,90,1
1479989335.952698,90,0
1479989340.614152,42,1
1479989340.614211,42,0
1479989345.559322,172,1
1479989345.704239,135,0
1479989345.705076,66,1
1479989350.710242,42,0
1479989350.711012,42,1
1479989545.252257,113,1
1479989581.538791,172,1
1479989581.683379,135,0
1479989581.689263,66,1
1479989586.690248,42,0
1479989586.691027,42,1
1479989817.392665,172,1
1479989817.537284,135,0
1479989817.824855,135,0
1479989817.826077,66,1
1479989822.540244,42,0
1479989822.541013,42,1
1479990052.624877,172,1
1479990052.769465,135,0
1479990052.770954,66,1
1479990057.770247,42,0
1479990057.771100,42,1
1479990145.258076,113,1
1479990287.874350,172,1
1479990288.020043,135,0
1479990288.292943,135,0
1479990288.293802,66,1
1479990293.020242,42,0
1479990293.021025,42,1
1479990523.338875,172,1
1479990523.483511,135,0
1479990523.748983,135,0
1479990523.749831,66,1
1479990528.490236,42,0
1479990528.491003,42,1
1479990745.255858,113,1
1479990758.786303,172,1
1479990758.930999,135,0
1479990758.933395,66,1
1479990763.940245,42,0
1479990763.942816,42,1
1479990993.826872,172,1
1479990993.971500,135,0
1479990993.974012,66,1
1479990998.980242,42,0
1479990998.981004,42,1
1479991228.868264,172,1
1479991229.012963,135,0
1479991229.016296,66,1
1479991234.020234,42,0
1479991234.021248,42,1
1479991345.261244,113,1
1479991464.011814,172,1
1479991464.157526,135,0
1479991464.416920,135,0
1479991464.417950,66,1
1479991469.160241,42,0
1479991469.161677,42,1
1479991700.181231,172,1
1479991700.325849,135,0
1479991700.584811,135,0
1479991700.592810,66,1
1479991705.330247,42,0
1479991705.331004,42,1
1479991935.524972,172,1
1479991935.669753,135,0
1479991935.672098,66,1
1479991940.670231,42,0
1479991940.671026,42,1
1479991945.267727,113,1
1479992170.576337,172,1
1479992170.720919,135,0
1479992170.727757,66,1
1479992175.730243,42,0
1479992175.730999,42,1
1479992406.314357,172,1
1479992406.460469,135,0
1479992406.464713,66,1
1479992411.470244,42,0
1479992411.470998,42,1
1479992545.263581,113,1
1479992642.290386,172,1
1479992642.434998,135,0
1479992642.456658,66,1
1479992647.440243,42,0
1479992647.441024,42,1
1479992878.266942,172,1
1479992878.411684,135,0
1479992878.414265,66,1
1479992883.420233,42,0
1479992883.427260,42,1
1479992938.510560,75,1
1479992938.805957,549,0
1479992938.808577,90,1
1479992939.090054,90,0
1479992943.515360,42,1
1479992943.515413,42,0
1479993114.243402,172,1
1479993114.388110,135,0
1479993114.390619,66,1
1479993119.390241,42,0
1479993119.391000,42,1
1479993145.293817,113,1
1479993350.219892,172,1
1479993350.364503,135,0
1479993350.367084,66,1
1479993355.370242,42,0
1479993355.371031,42,1
1479993586.196476,172,1
1479993586.341051,135,0
1479993586.343928,66,1
1479993591.350243,42,0
1479993591.351010,42,1
1479993745.281926,113,1
1479993821.964876,172,1
1479993822.109446,135,0
1479993822.111941,66,1
1479993827.110231,42,0
1479993827.111007,42,1
1479994057.941417,172,1
1479994058.086000,135,0
1479994058.088414,66,1
1479994063.090238,42,0
1479994063.090996,42,1
1479994294.121893,172,1
1479994294.266476,135,0
1479994294.524603,135,0
1479994294.526862,66,1
1479994299.270246,42,0
1479994299.271160,42,1
1479994345.277974,113,1
1479994530.306177,172,1
1479994530.939865,172,1
1479994532.210314,172,1
1479994534.673450,172,1
1479994535.305389,42,1
1479994535.305427,42,0
1479994535.507804,103,1
1479994536.305398,42,1
1479994536.305437,42,0
1479994539.666479,172,1
1479994549.649503,172,1
1479994552.250304,80,1
1479994552.259480,418,0
1479994552.262522,74,1
1479994552.511384,74,0
1479994552.512225,66,1
1479994552.513188,281,1
1479994552.762046,66,0
1479994552.765139,1514,0
1479994552.765253,1514,0
1479994552.765336,743,0
1479994552.769447,66,1
1479994552.769555,66,1
1479994552.769621,66,1
1479994552.862748,200,1
1479994553.112251,300,0
1479994553.115851,66,1
1479994553.195677,620,1
1479994553.456663,167,0
1479994553.497222,66,1
1479994553.610862,284,1
1479994553.869344,135,0
1479994553.921542,66,1
1479994557.260245,42,0
1479994557.261011,42,1
1479994569.617541,172,1
1479994609.553634,172,1
1479994614.553575,42,1
1479994614.553615,42,0
1479994689.425811,172,1
1479994694.425741,42,1
1479994694.425775,42,0
1479994789.795573,172,1
1479994790.045412,135,0
1479994790.393976,172,1
1479994790.630888,135,0
1479994790.632498,66,1
1479994790.642483,78,0
1479994795.050243,42,0
1479994795.051013,42,1
1479994945.292640,113,1
1479995024.315445,172,1
1479995024.564008,66,0
1479995024.565256,135,0
1479995024.568981,66,1
1479995029.570243,42,0
1479995029.571030,42,1
1479995260.395894,172,1
1479995260.645538,135,0
1479995260.647888,66,1
1479995265.650243,42,0
1479995265.651026,42,1
1479995496.479693,172,1
1479995496.729338,135,0
1479995496.731863,66,1
1479995501.730243,42,0
1479995501.730996,42,1
1479995545.281367,113,1
1479995732.557409,172,1
1479995732.807098,135,0
1479995732.809602,66,1
1479995737.810235,42,0
1479995737.811025,42,1
1479995968.637352,172,1
1479995968.887050,135,0
1479995968.889564,66,1
1479995973.890245,42,0
1479995973.892812,42,1
1479996145.286500,113,1
1479996204.831814,172,1
1479996205.081616,135,0
1479996205.483380,135,0
1479996205.484244,66,1
1479996210.090243,42,0
1479996210.091037,42,1
1479996441.326355,172,1
1479996441.576019,135,0
1479996441.578692,66,1
1479996446.580247,42,0
1479996446.581629,42,1
1479996541.503520,75,1
1479996541.841190,545,0
1479996541.843697,90,1
1479996542.156533,90,0
1479996546.497548,42,1
1479996546.497609,42,0
1479996677.406820,172,1
1479996677.656675,135,0
1479996678.035611,135,0
1479996678.036440,66,1
1479996682.660234,42,0
1479996682.661008,42,1
1479996745.291224,113,1
1479996913.799316,172,1
1479996914.049093,135,0
1479996914.051472,66,1
1479996919.050238,42,0
1479996919.067306,42,1
1479997149.879811,172,1
1479997150.129469,135,0
1479997150.132098,66,1
1479997155.130241,42,0
1479997155.131002,42,1
1479997345.304137,113,1
1479997385.960273,172,1
1479997386.210023,135,0
1479997386.212388,66,1
1479997391.210242,42,0
1479997391.211020,42,1
1479997622.040653,172,1
1479997622.290310,135,0
1479997622.651720,135,0
1479997622.652546,66,1
1479997627.300245,42,0
1479997627.301009,42,1
1479997856.249287,172,1
1479997856.499056,135,0
1479997856.859650,135,0
1479997856.860494,66,1
1479997861.500234,42,0
1479997861.501032,42,1
1479997945.304824,113,1
1479998092.725744,172,1
1479998092.975367,135,0
1479998093.335604,135,0
1479998093.336466,66,1
1479998097.980241,42,0
1479998097.981025,42,1
1479998329.118242,172,1
1479998329.367913,135,0
1479998329.370355,66,1
1479998334.370246,42,0
1479998334.371225,42,1
1479998545.300037,113,1
1479998565.198721,172,1
1479998565.448424,135,0
1479998565.811481,135,0
1479998565.812334,66,1
1479998570.450229,42,0
1479998570.451019,42,1
1479998799.407175,172,1
1479998799.656911,135,0
1479998799.659453,66,1
1479998804.660240,42,0
1479998804.661888,42,1
1479999035.487638,172,1
1479999035.737424,135,0
1479999035.739921,66,1
1479999040.740243,42,0
1479999040.741002,42,1
1479999145.316748,113,1
1479999271.568504,172,1
1479999271.818273,135,0
1479999272.179396,135,0
1479999272.180529,66,1
1479999276.820239,42,0
1479999276.821027,42,1
1479999507.964721,172,1
1479999508.214359,135,0
1479999508.215833,66,1
1479999513.220241,42,0
1479999513.221003,42,1
1479999744.041569,172,1
1479999744.291299,135,0
1479999744.651379,135,0
1479999744.652258,66,1
1479999745.306189,113,1
1479999749.300241,42,0
1479999749.315063,42,1
1479999978.341572,172,1
1479999978.591359,135,0
1479999978.951365,135,0
1479999978.952191,66,1
1479999983.600241,42,0
1479999983.602445,42,1
1480000144.565346,75,1
1480000144.586591,517,0
1480000149.564938,42,1
1480000149.564998,42,0
1480000154.576986,75,1
1480000154.577359,139,0
1480000154.578585,90,1
1480000154.852283,90,0
1480000159.580239,42,0
1480000159.581011,42,1
1480000214.734237,172,1
1480000214.983902,135,0
1480000214.986428,66,1
1480000219.990243,42,0
1480000219.991057,42,1
1480000345.325189,113,1
1480000450.814578,172,1
1480000451.064379,135,0
1480000451.066760,66,1
1480000456.070234,42,0
1480000456.112799,42,1
1480000686.895021,172,1
1480000688.066099,172,1
1480000690.410078,172,1
1480000691.894045,42,1
1480000691.894089,42,0
1480000692.100459,103,1
1480000692.898546,42,1
1480000692.898587,42,0
1480000695.098649,172,1
1480000704.474134,172,1
1480000705.719559,80,1
1480000705.728922,418,0
1480000705.731592,74,1
1480000705.875688,74,0
1480000705.876523,66,1
1480000705.877332,281,1
1480000706.021468,66,0
1480000706.025193,1514,0
1480000706.025326,1514,0
1480000706.025412,743,0
1480000706.026580,66,1
1480000706.028128,66,1
1480000706.028222,66,1
1480000706.116577,200,1
1480000706.261418,300,0
1480000706.264066,66,1
1480000706.344205,620,1
1480000706.505614,167,0
1480000706.546054,66,1
1480000706.655482,284,1
1480000706.806161,135,0
1480000706.862562,66,1
1480000710.730238,42,0
1480000710.731023,42,1
1480000723.226186,172,1
1480000760.730272,172,1
1480000765.730686,42,1
1480000765.730729,42,0
1480000835.738428,172,1
1480000840.738343,42,1
1480000840.738384,42,0
1480000942.738188,172,1
1480000942.882351,135,0
1480000943.126604,172,1
1480000943.244751,135,0
1480000943.245609,66,1
1480000943.270433,78,0
1480000945.315395,113,1
1480000947.890232,42,0
1480000947.891029,42,1
1480001179.024070,172,1
1480001179.167897,66,0
1480001179.168242,135,0
1480001179.171877,66,1
1480001184.170246,42,0
1480001184.179364,42,1
1480001415.000500,172,1
1480001415.144703,135,0
1480001415.146191,66,1
1480001420.150242,42,0
1480001420.151002,42,1
1480001545.323285,113,1
1480001650.977335,172,1
1480001651.121497,135,0
1480001651.424797,135,0
1480001651.425672,66,1
1480001656.130240,42,0
1480001656.132033,42,1
1480001887.333499,172,1
1480001887.477863,135,0
1480001887.480634,66,1
1480001892.480241,42,0
1480001892.481007,42,1
1480002123.309930,172,1
1480002123.454108,135,0
1480002123.456585,66,1
1480002128.460243,42,0
1480002128.461015,42,1
1480002145.332700,113,1
1480002359.286618,172,1
1480002359.430975,135,0
1480002359.700801,135,0
1480002359.701714,66,1
1480002364.440243,42,0
1480002364.441023,42,1
1480002595.470863,172,1
1480002595.615173,135,0
1480002595.616621,66,1
1480002600.620245,42,0
1480002600.621006,42,1
1480002745.333526,113,1
1480002831.449015,172,1
1480002831.593212,135,0
1480002831.856755,135,0
1480002831.861898,66,1
1480002836.600238,42,0
1480002836.601020,42,1
1480003067.631859,172,1
1480003067.776051,135,0
1480003067.778646,66,1
1480003072.780240,42,0
1480003072.781001,42,1
1480003303.608339,172,1
1480003303.753585,135,0
1480003303.755999,66,1
1480003308.760243,42,0
1480003308.761203,42,1
1480003345.332499,113,1
1480003539.648845,172,1
1480003539.794173,135,0
1480003539.796652,66,1
1480003544.800242,42,0
1480003544.801027,42,1
1480003757.260952,75,1
1480003757.265528,545,0
1480003757.268195,90,1
1480003757.558627,90,0
1480003762.260303,42,1
1480003762.260365,42,0
1480003775.625293,172,1
1480003775.769555,135,0
1480003775.772051,66,1
1480003780.770239,42,0
1480003780.771037,42,1
1480003945.338560,113,1
1480004011.602625,172,1
1480004011.746960,135,0
1480004012.004717,135,0
1480004012.005544,66,1
1480004016.750241,42,0
1480004016.755725,42,1
1480004237.377915,590,1
1480004237.380040,342,0
1480004242.377255,42,1
1480004242.377319,42,0
1480004247.682798,172,1
1480004247.827231,135,0
1480004247.829793,66,1
1480004252.830243,42,0
1480004252.831032,42,1
1480004483.663222,172,1
1480004483.807454,135,0
1480004483.809857,66,1
1480004488.810299,42,0
1480004488.811044,42,1
1480004545.340338,113,1
1480004719.635210,172,1
1480004719.779500,135,0
1480004719.782055,66,1
1480004724.780241,42,0
1480004724.781032,42,1
1480004955.612429,172,1
1480004955.756588,135,0
1480004955.759054,66,1
1480004960.760240,42,0
1480004960.760981,42,1
1480005145.344186,113,1
1480005191.600476,172,1
1480005191.744666,135,0
1480005191.746141,66,1
1480005196.750240,42,0
1480005196.754627,42,1
1480005427.644730,172,1
1480005427.789049,135,0
1480005428.048752,135,0
1480005428.051159,66,1
1480005432.790240,42,0
1480005432.791946,42,1
1480005663.829167,172,1
1480005663.973495,135,0
1480005663.976007,66,1
1480005668.980252,42,0
1480005668.981022,42,1
1480005745.351947,113,1
1480005899.805656,172,1
1480005899.950027,135,0
1480005899.952569,66,1
1480005904.950241,42,0
1480005904.953154,42,1
1480006135.782191,172,1
1480006135.926398,135,0
1480006135.928863,66,1
1480006140.930241,42,0
1480006140.930997,42,1
1480006345.351218,113,1
1480006371.758644,172,1
1480006371.912030,135,0
1480006372.159390,135,0
1480006372.161315,66,1
1480006376.920242,42,0
1480006376.921027,42,1
1480006607.943482,172,1
1480006608.087665,135,0
1480006608.090137,66,1
1480006613.090242,42,0
1480006613.091008,42,1
1480006843.920005,172,1
1480006844.574714,172,1
1480006845.886705,172,1
1480006848.510710,172,1
1480006848.918662,42,1
1480006848.918702,42,0
1480006849.121066,103,1
1480006853.758705,172,1
1480006864.254757,172,1
1480006866.903533,80,1
1480006866.912375,418,0
1480006866.913516,74,1
1480006867.162309,74,0
1480006867.163155,66,1
1480006867.164114,281,1
1480006867.412953,66,0
1480006867.416091,1514,0
1480006867.416209,1514,0
1480006867.416292,743,0
1480006867.418754,66,1
1480006867.419564,66,1
1480006867.419660,66,1
1480006867.508109,200,1
1480006867.757638,300,0
1480006867.759974,66,1
1480006867.844499,620,1
1480006868.107935,167,0
1480006868.147444,66,1
1480006868.255938,284,1
1480006868.512491,135,0
1480006868.566804,66,1
1480006871.920232,42,0
1480006871.920980,42,1
1480006885.246799,172,1
1480006927.231407,172,1
1480006932.230832,42,1
1480006932.230874,42,0
1480006945.360303,113,1
1480007011.200387,172,1
1480007016.199002,42,1
1480007016.199043,42,0
1480007104.440250,172,1
1480007104.685221,135,0
1480007104.687716,66,1
1480007109.690240,42,0
1480007109.692235,42,1
1480007340.660673,172,1
1480007340.910484,135,0
1480007340.911313,66,1
1480007345.920243,42,0
1480007345.921331,42,1
1480007359.964270,75,1
1480007360.164759,549,0
1480007360.167701,90,1
1480007360.475342,90,0
1480007545.371982,113,1
1480007576.741164,172,1
1480007576.990955,135,0
1480007576.993510,66,1
1480007582.000241,42,0
1480007582.001023,42,1
1480007812.822302,172,1
1480007813.072071,135,0
1480007813.075264,66,1
1480007818.080240,42,0
1480007818.081014,42,1
1480008048.902164,172,1
1480008049.146996,135,0
1480008049.148491,66,1
1480008054.150239,42,0
1480008054.151006,42,1
1480008145.361393,113,1
1480008284.982637,172,1
1480008285.226944,135,0
1480008285.230133,66,1
1480008290.230246,42,0
1480008290.231023,42,1
1480008521.064107,172,1
1480008521.309115,135,0
1480008521.542184,172,1
1480008521.705587,135,0
1480008521.706424,66,1
1480008521.785906,78,0
1480008526.310243,42,0
1480008526.310999,42,1
1480008745.367248,113,1
1480008755.375608,172,1
1480008755.619332,66,0
1480008755.620471,135,0
1480008755.622308,66,1
1480008760.620243,42,0
1480008760.622071,42,1
1480008991.456156,172,1
1480008991.701190,135,0
1480008991.705519,66,1
1480008996.710243,42,0
1480008996.714564,42,1
1480009227.628438,172,1
1480009227.873415,135,0
1480009227.878972,66,1
1480009232.880250,42,0
1480009232.881019,42,1
1480009345.371207,113,1
1480009463.709085,172,1
1480009463.958801,135,0
1480009463.961305,66,1
1480009468.960242,42,0
1480009468.961332,42,1
1480009699.789953,172,1
1480009700.034260,135,0
1480009700.036596,66,1
1480009705.040240,42,0
1480009705.041724,42,1
1480009935.870008,172,1
1480009936.114408,135,0
1480009936.457092,172,1
1480009936.473021,135,0
1480009936.473860,66,1
1480009936.700262,78,0
1480009941.120238,42,0
1480009941.121286,42,1
1480009945.380971,113,1
1480010172.262547,172,1
1480010172.506263,66,0
1480010172.507407,135,0
1480010172.508940,66,1
1480010177.510239,42,0
1480010177.510999,42,1
1480010408.343576,172,1
1480010408.588502,135,0
1480010408.595397,66,1
1480010413.590231,42,0
1480010413.591002,42,1
1480010545.386424,113,1
1480010644.423429,172,1
1480010644.667990,135,0
1480010644.670600,66,1
1480010649.670243,42,0
1480010649.675924,42,1
1480010880.503960,172,1
1480010880.748903,135,0
1480010880.751501,66,1
1480010885.750257,42,0
1480010885.753409,42,1
1480010962.883651,75,1
1480010962.906253,533,0
1480010962.908776,90,1
1480010963.194764,90,0
1480010967.883115,42,1
1480010967.883174,42,0
1480011116.572389,172,1
1480011116.816922,135,0
1480011116.819543,66,1
1480011121.820239,42,0
1480011121.821004,42,1
1480011145.401238,113,1
1480011352.548913,172,1
1480011352.794008,135,0
1480011352.796456,66,1
1480011357.800236,42,0
1480011357.801018,42,1
1480011588.525335,172,1
1480011588.770412,135,0
1480011588.773035,66,1
1480011593.780241,42,0
1480011593.781003,42,1
1480011745.391340,113,1
1480011824.606382,172,1
1480011824.850936,135,0
1480011824.854139,66,1
1480011829.860238,42,0
1480011829.861515,42,1
1480012060.582333,172,1
1480012060.827294,135,0
1480012060.829889,66,1
1480012065.830240,42,0
1480012065.831150,42,1
1480012296.559197,172,1
1480012296.804282,135,0
1480012296.806930,66,1
1480012301.810226,42,0
1480012301.811502,42,1
1480012345.399762,113,1
1480012532.639276,172,1
1480012532.884220,135,0
1480012532.888426,66,1
1480012537.890232,42,0
1480012537.919637,42,1
1480012768.719711,172,1
1480012769.218758,172,1
1480012770.218762,172,1
1480012772.218772,172,1
1480012773.718727,42,1
1480012773.718766,42,0
1480012773.921140,103,1
1480012776.218785,172,1
1480012784.218825,172,1
1480012793.783616,80,1
1480012793.793134,418,0
1480012798.800229,42,0
1480012798.801011,42,1
1480012800.218834,172,1
1480012803.795006,80,1
1480012803.795382,220,0
1480012803.796460,74,1
1480012804.040490,74,0
1480012804.041313,66,1
1480012804.042249,281,1
1480012804.286356,66,0
1480012804.289501,1514,0
1480012804.289611,1514,0
1480012804.289694,743,0
1480012804.292709,66,1
1480012804.292826,66,1
1480012804.292891,66,1
1480012804.383233,200,1
1480012804.627975,300,0
1480012804.630292,66,1
1480012804.706879,620,1
1480012804.965113,167,0
1480012805.002787,66,1
1480012805.120029,284,1
1480012805.375520,135,0
1480012805.430882,66,1
1480012832.218917,172,1
1480012896.219051,172,1
1480012901.218970,42,1
1480012901.219013,42,0
1480012945.391166,113,1
1480013041.384249,172,1
1480013041.628639,135,0
1480013041.631034,66,1
1480013046.630245,42,0
1480013046.631364,42,1
1480013277.464776,172,1
1480013277.709370,135,0
1480013277.710880,66,1
1480013282.710237,42,0
1480013282.710994,42,1
1480013513.545419,172,1
1480013513.790341,135,0
1480013513.792785,66,1
1480013518.800241,42,0
1480013518.801303,42,1
1480013545.389284,113,1
1480013749.625885,172,1
1480013749.875565,135,0
1480013750.132746,172,1
1480013750.332275,135,0
1480013750.333138,66,1
1480013750.381248,78,0
1480013754.880243,42,0
1480013754.881027,42,1
1480013986.122212,172,1
1480013986.365959,66,0
1480013986.367158,135,0
1480013986.368594,66,1
1480013991.370231,42,0
1480013991.370995,42,1
1480014145.400536,113,1
1480014222.202607,172,1
1480014222.447952,135,0
1480014222.450483,66,1
1480014227.450228,42,0
1480014227.451387,42,1
1480014458.283083,172,1
1480014458.528001,135,0
1480014458.924124,135,0
1480014458.924953,66,1
1480014463.530233,42,0
1480014463.530993,42,1
1480014565.734782,75,1
1480014565.756075,533,0
1480014565.758535,90,1
1480014566.038303,90,0
1480014570.734260,42,1
1480014570.734321,42,0
1480014694.816870,172,1
1480014695.061282,135,0
1480014695.063838,66,1
1480014700.070241,42,0
1480014700.071006,42,1
1480014745.412381,113,1
1480014930.895914,172,1
1480014931.140249,135,0
1480014931.142589,66,1
1480014936.150238,42,0
1480014936.151044,42,1
1480015166.976411,172,1
1480015167.221459,135,0
1480015167.223942,66,1
1480015172.230228,42,0
1480015172.230800,42,1
1480015345.423708,113,1
1480015403.056806,172,1
1480015403.301158,135,0
1480015403.667963,135,0
1480015403.668821,66,1
1480015408.310237,42,0
1480015408.311027,42,1
1480015637.265516,172,1
1480015637.510474,135,0
1480015637.512969,66,1
1480015642.520231,42,0
1480015642.520885,42,1
1480015873.345698,172,1
1480015873.590632,135,0
1480015873.593166,66,1
1480015878.600229,42,0
1480015878.601168,42,1
1480015945.411387,113,1
1480016109.426139,172,1
1480016109.671108,135,0
1480016109.673563,66,1
1480016114.680238,42,0
1480016114.681048,42,1
1480016345.506613,172,1
1480016345.751559,135,0
1480016346.108230,135,0
1480016346.109219,66,1
1480016350.760240,42,0
1480016350.763593,42,1
1480016545.449256,113,1
1480016582.075016,172,1
1480016582.320081,135,0
1480016582.321573,66,1
1480016587.320243,42,0
1480016587.321027,42,1
1480016818.155530,172,1
1480016818.405194,135,0
1480016818.407869,66,1
1480016823.410244,42,0
1480016823.411978,42,1
1480017054.241769,172,1
1480017054.486976,135,0
1480017054.489553,66,1
1480017059.490244,42,0
1480017059.491026,42,1
1480017145.412390,113,1
1480017290.316450,172,1
1480017290.560809,135,0
1480017290.563340,66,1
1480017295.570230,42,0
1480017295.571436,42,1
1480017526.396869,172,1
1480017526.641253,135,0
1480017526.643858,66,1
1480017531.650232,42,0
1480017531.650991,42,1
1480017745.423883,113,1
1480017762.477322,172,1
1480017762.722011,135,0
1480017762.724601,66,1
1480017767.730235,42,0
1480017767.731461,42,1
1480017998.557760,172,1
1480017998.807394,135,0
1480017998.809838,66,1
1480018003.810233,42,0
1480018003.810983,42,1
1480018168.445628,75,1
1480018168.467526,529,0
1480018173.445100,42,1
1480018173.445158,42,0
1480018178.457305,75,1
1480018178.457658,139,0
1480018178.458748,90,1
1480018178.742857,90,0
1480018183.460243,42,0
1480018183.464306,42,1
1480018234.638206,172,1
1480018234.882738,135,0
1480018234.885173,66,1
1480018239.890243,42,0
1480018239.891009,42,1
1480018345.424874,113,1
1480018470.790734,172,1
1480018471.035763,135,0
1480018471.393147,135,0
1480018471.394009,66,1
1480018476.040303,42,0
1480018476.041083,42,1
1480018707.183278,172,1
1480018707.427729,135,0
1480018707.430092,66,1
1480018712.430229,42,0
1480018712.430828,42,1
1480018943.265210,172,1
1480018944.090829,172,1
1480018945.423293,113,1
1480018945.747673,172,1
1480018948.262523,42,1
1480018948.262568,42,0
1480018948.465159,103,1
1480018949.059686,172,1
1480018955.682839,172,1
1480018963.127654,80,1
1480018963.138113,418,0
1480018963.140754,74,1
1480018963.285202,74,0
1480018963.286059,66,1
1480018963.287067,281,1
1480018963.431584,66,0
1480018963.434776,1514,0
1480018963.434891,1514,0
1480018963.434976,743,0
1480018963.438105,66,1
1480018963.438259,66,1
1480018963.438347,66,1
1480018963.524556,200,1
1480018963.669730,300,0
1480018963.672123,66,1
1480018963.752969,620,1
1480018963.911687,167,0
1480018963.950814,66,1
1480018964.065921,284,1
1480018964.216944,135,0
1480018964.291043,66,1
1480018968.140231,42,0
1480018968.141014,42,1
1480018968.931684,172,1
1480018995.427008,172,1
1480019048.424060,172,1
1480019053.419013,42,1
1480019053.419054,42,0
1480019154.403320,172,1
1480019159.403238,42,1
1480019159.403279,42,0
1480019200.144309,172,1
1480019200.288928,135,0
1480019200.528003,172,1
1480019200.656140,135,0
1480019200.658472,66,1
1480019200.672184,78,0
1480019205.290230,42,0
1480019205.290992,42,1
1480019434.248843,172,1
1480019434.393013,66,0
1480019434.393427,135,0
1480019434.395634,66,1
1480019439.400240,42,0
1480019439.401015,42,1
1480019545.452543,113,1
1480019670.225391,172,1
1480019670.369962,135,0
1480019670.372255,66,1
1480019675.370230,42,0
1480019675.371011,42,1
1480019906.202230,172,1
1480019906.346824,135,0
1480019906.656233,135,0
1480019906.657067,66,1
1480019911.350231,42,0
1480019911.350991,42,1
1480020140.306384,172,1
1480020140.450912,135,0
1480020140.453337,66,1
1480020145.439009,113,1
1480020145.460235,42,0
1480020145.461001,42,1
1480020376.358921,172,1
1480020376.503463,135,0
1480020376.788267,135,0
1480020376.789098,66,1
1480020381.510242,42,0
1480020381.511002,42,1
1480020612.647364,172,1
1480020612.791909,135,0
1480020612.794340,66,1
1480020617.800247,42,0
1480020617.801008,42,1
1480020745.437335,113,1
1480020848.623883,172,1
1480020848.768517,135,0
1480020849.044313,135,0
1480020849.045169,66,1
1480020853.770229,42,0
1480020853.771026,42,1
1480021084.912386,172,1
1480021085.056886,135,0
1480021085.059491,66,1
1480021090.060241,42,0
1480021090.060995,42,1
1480021320.889437,172,1
1480021321.033903,135,0
1480021321.036316,66,1
1480021326.040239,42,0
1480021326.041003,42,1
1480021345.441138,113,1
1480021556.865440,172,1
1480021557.009984,135,0
1480021557.268201,135,0
1480021557.269061,66,1
1480021562.010233,42,0
1480021562.011028,42,1
1480021781.149418,75,1
1480021781.322338,545,0
1480021781.325488,90,1
1480021781.506382,90,0
1480021786.148872,42,1
1480021786.148933,42,0
1480021793.049865,172,1
1480021793.194442,135,0
1480021793.196867,66,1
1480021798.200246,42,0
1480021798.201005,42,1
1480021945.441787,113,1
1480022029.026359,172,1
1480022029.170887,135,0
1480022029.173573,66,1
1480022034.180234,42,0
1480022034.181014,42,1
1480022265.079090,172,1
1480022265.223613,135,0
1480022265.480429,135,0
1480022265.481261,66,1
1480022270.230241,42,0
1480022270.231013,42,1
1480022501.265147,172,1
1480022501.410251,135,0
1480022501.413365,66,1
1480022506.420236,42,0
1480022506.421016,42,1
1480022545.448591,113,1
1480022737.240307,172,1
1480022737.384861,135,0
1480022737.644376,135,0
1480022737.645232,66,1
1480022742.390231,42,0
1480022742.391004,42,1
1480022973.424171,172,1
1480022973.568737,135,0
1480022973.571114,66,1
1480022978.570241,42,0
1480022978.571003,42,1
1480023145.456189,113,1
1480023209.296640,172,1
1480023209.441151,135,0
1480023209.445309,66,1
1480023214.450235,42,0
1480023214.451027,42,1
1480023445.273887,172,1
1480023445.418419,135,0
1480023445.420782,66,1
1480023450.420232,42,0
1480023450.421193,42,1
1480023681.249411,172,1
1480023681.393772,135,0
1480023681.395235,66,1
1480023686.400240,42,0
1480023686.404046,42,1
1480023745.471517,113,1
1480023917.225870,172,1
1480023917.370191,135,0
1480023917.374590,66,1
1480023922.370230,42,0
1480023922.371009,42,1
1480024153.298258,172,1
1480024153.442716,135,0
1480024153.444184,66,1
1480024158.450248,42,0
1480024158.451589,42,1
1480024345.458960,113,1
1480024389.274667,172,1
1480024389.419137,135,0
1480024389.421671,66,1
1480024394.420238,42,0
1480024394.421023,42,1
1480024625.251137,172,1
1480024625.395740,135,0
1480024625.398098,66,1
1480024630.400240,42,0
1480024630.400999,42,1
1480024861.227810,172,1
1480024861.372299,135,0
1480024861.631748,135,0
1480024861.641469,66,1
1480024866.380240,42,0
1480024866.381355,42,1
1480024945.469855,113,1
1480025097.415271,172,1
1480025098.051457,172,1
1480025099.331033,172,1
1480025101.891042,172,1
1480025102.416084,42,1
1480025102.416126,42,0
1480025102.613584,103,1
1480025107.011049,172,1
1480025116.237785,80,1
1480025116.246676,418,0
1480025116.250607,74,1
1480025116.395006,74,0
1480025116.395851,66,1
1480025116.396811,281,1
1480025116.541313,66,0
1480025116.544464,1514,0
1480025116.544580,1514,0
1480025116.544667,743,0
1480025116.546051,66,1
1480025116.546152,66,1
1480025116.546217,66,1
1480025116.634352,200,1
1480025116.779474,300,0
1480025116.781777,66,1
1480025116.870380,620,1
1480025117.036706,167,0
1480025117.075006,66,1
1480025117.181559,284,1
1480025117.251056,172,1
1480025117.332636,135,0
1480025117.387111,66,1
1480025121.250248,42,0
1480025121.251022,42,1
1480025137.731133,172,1
1480025178.691227,172,1
1480025183.691144,42,1
1480025183.691182,42,0
1480025260.611362,172,1
1480025265.611282,42,1
1480025265.611317,42,0
1480025266.611290,42,1
1480025266.611329,42,0
1480025353.260596,172,1
1480025353.405386,135,0
1480025353.407816,66,1
1480025358.410238,42,0
1480025358.410988,42,1
1480025383.915696,75,1
1480025383.936341,545,0
1480025393.923741,75,1
1480025393.924070,139,0
1480025393.926652,90,1
1480025394.209676,90,0
1480025398.923529,42,1
1480025398.923568,42,0
1480025545.473576,113,1
1480025589.238698,172,1
1480025589.383218,135,0
1480025589.385537,66,1
1480025594.390229,42,0
1480025594.396726,42,1
1480025825.216095,172,1
1480025825.360727,135,0
1480025825.366196,66,1
1480025830.370228,42,0
1480025830.370987,42,1
1480025837.956721,590,1
1480025837.958798,342,0
1480026061.195659,172,1
1480026061.340302,135,0
1480026061.564818,172,1
1480026061.639547,135,0
1480026061.640803,66,1
1480026061.708971,78,0
1480026066.350241,42,0
1480026066.351267,42,1
1480026145.465315,113,1
1480026295.301514,172,1
1480026295.445632,66,0
1480026295.446154,135,0
1480026295.448244,66,1
1480026300.450232,42,0
1480026300.451030,42,1
1480026531.274620,172,1
1480026531.419273,135,0
1480026531.695405,135,0
1480026531.696264,66,1
1480026536.420230,42,0
1480026536.421027,42,1
1480026745.470557,113,1
1480026767.564195,172,1
1480026767.708726,135,0
1480026767.711007,66,1
1480026772.710247,42,0
1480026772.711036,42,1
1480027003.539564,172,1
1480027003.684082,135,0
1480027003.951433,135,0
1480027003.952258,66,1
1480027008.690229,42,0
1480027008.690990,42,1
1480027239.724089,172,1
1480027239.868770,135,0
1480027239.871394,66,1
1480027244.870229,42,0
1480027244.871011,42,1
1480027345.479813,113,1
1480027475.700619,172,1
1480027475.845252,135,0
1480027475.847752,66,1
1480027480.850231,42,0
1480027480.851019,42,1
1480027711.861182,172,1
1480027712.005802,135,0
1480027712.263509,135,0
1480027712.264356,66,1
1480027717.010228,42,0
1480027717.011496,42,1
1480027945.475836,113,1
1480027947.941687,172,1
1480027948.086322,135,0
1480027948.088817,66,1
1480027953.090244,42,0
1480027953.091255,42,1
1480028183.918249,172,1
1480028184.062904,135,0
1480028184.065476,66,1
1480028189.070228,42,0
1480028189.074945,42,1
1480028419.894615,172,1
1480028420.039404,135,0
1480028420.041787,66,1
1480028425.040243,42,0
1480028425.041024,42,1
1480028545.483635,113,1
1480028655.871239,172,1
1480028656.015681,135,0
1480028656.017164,66,1
1480028661.020232,42,0
1480028661.021030,42,1
1480028891.848514,172,1
1480028891.992925,135,0
1480028891.995367,66,1
1480028897.000239,42,0
1480028897.000998,42,1
1480028996.615516,75,1
1480028996.927128,549,0
1480028996.929806,90,1
1480028997.197228,90,0
1480029001.630793,42,1
1480029001.630848,42,0
1480029127.829385,172,1
1480029127.973762,135,0
1480029127.976162,66,1
1480029132.980240,42,0
1480029132.981003,42,1
1480029145.487508,113,1
1480029363.804980,172,1
1480029363.950966,135,0
1480029363.953436,66,1
1480029368.960241,42,0
1480029368.961246,42,1
1480029599.957297,172,1
1480029600.101823,135,0
1480029600.359634,135,0
1480029600.362837,66,1
1480029605.110242,42,0
1480029605.111012,42,1
1480029745.492435,113,1
1480029836.141812,172,1
1480029836.286265,135,0
1480029836.543676,135,0
1480029836.544532,66,1
1480029841.290228,42,0
1480029841.291020,42,1
1480030072.326294,172,1
1480030072.470671,135,0
1480030072.473269,66,1
1480030077.480243,42,0
1480030077.481003,42,1
1480030308.302783,172,1
1480030308.446973,135,0
1480030308.449493,66,1
1480030313.450231,42,0
1480030313.451031,42,1
1480030345.495252,113,1
1480030544.279287,172,1
1480030544.423623,135,0
1480030544.679790,135,0
1480030544.680617,66,1
1480030549.430232,42,0
1480030549.440659,42,1
1480030780.359868,172,1
1480030780.504237,135,0
1480030780.505740,66,1
1480030785.510231,42,0
1480030785.510998,42,1
1480030945.497338,113,1
1480031016.336299,172,1
1480031016.480730,135,0
1480031016.483268,66,1
1480031021.490230,42,0
1480031021.491290,42,1
1480031252.312932,172,1
1480031253.011799,172,1
1480031254.411799,172,1
1480031257.216178,172,1
1480031257.318263,42,1
1480031257.318305,42,0
1480031257.514191,103,1
1480031262.811815,172,1
1480031272.176636,80,1
1480031272.185773,418,0
1480031274.012072,172,1
1480031277.190223,42,0
1480031277.206181,42,1
1480031282.188001,80,1
1480031282.191615,418,0
1480031282.197853,74,1
1480031282.341564,74,0
1480031282.342451,66,1
1480031282.343376,281,1
1480031282.487167,66,0
1480031282.490296,1514,0
1480031282.490409,1514,0
1480031282.490494,743,0
1480031282.491834,66,1
1480031282.491932,66,1
1480031282.491993,66,1
1480031282.580763,200,1
1480031282.725275,300,0
1480031282.727545,66,1
1480031282.790080,620,1
1480031282.949664,167,0
1480031282.987799,66,1
1480031283.098313,284,1
1480031283.249196,135,0
1480031283.303905,66,1
1480031296.441441,172,1
1480031341.212005,172,1
1480031346.211931,42,1
1480031346.211970,42,0
1480031430.812198,172,1
1480031435.812100,42,1
1480031435.812139,42,0
1480031519.337241,172,1
1480031519.481879,135,0
1480031519.724298,172,1
1480031519.842786,135,0
1480031519.843623,66,1
1480031519.867754,78,0
1480031524.490283,42,0
1480031524.491017,42,1
1480031545.523061,113,1
1480031755.625676,172,1
1480031755.769130,66,0
1480031755.770328,135,0
1480031755.772822,66,1
1480031760.770230,42,0
1480031760.771168,42,1
1480031991.602142,172,1
1480031991.746918,135,0
1480031991.748413,66,1
1480031996.750229,42,0
1480031996.751001,42,1
