timestamp,packet_size,direction,iat
1479772906.072456,529,0,0.021777868
1479772906.074974,90,1,0.002518177
1479772906.349581,90,0,0.274606943
1479772911.050134,42,1,4.700552940
1479772911.050197,42,0,0.000062943
1479772943.903745,113,1,32.853548050
1479772975.251311,172,1,31.347566128
1479772975.396009,135,0,0.144697905
1479772975.653624,135,0,0.257615089
1479772975.659355,66,1,0.005730867
1479772980.400248,42,0,4.740893126
1479772980.401396,42,1,0.001147985
1479773211.435728,172,1,231.034332037
1479773211.580434,135,0,0.144706011
1479773211.837648,135,0,0.257213831
1479773211.838484,66,1,0.000836134
1479773216.590244,42,0,4.751760006
1479773216.591078,42,1,0.000833988
1479773447.620262,172,1,231.029183865
1479773447.764890,135,0,0.144628048
1479773448.021641,135,0,0.256751060
1479773448.022530,66,1,0.000889063
1479773452.770246,42,0,4.747715950
1479773452.771335,42,1,0.001088858
1479773543.911996,113,1,91.140661001
1479773683.804644,172,1,139.892648220
1479773683.949431,135,0,0.144786835
1479773684.201696,135,0,0.252264977
1479773684.202613,66,1,0.000917196
1479773688.950230,42,0,4.747616768
1479773688.951428,42,1,0.001198053
1479773919.989115,172,1,231.037687063
1479773920.133774,135,0,0.144659042
1479773920.136335,66,1,0.002560854
1479773925.140244,42,0,5.003909111
1479773925.141023,42,1,0.000778913
1479774143.963837,113,1,218.822813988
1479774156.161505,172,1,12.197668076
1479774156.306283,135,0,0.144778013
1479774156.561743,135,0,0.255460024
1479774156.582119,66,1,0.020375967
1479774161.310230,42,0,4.728111029
1479774161.313086,42,1,0.002856016
1479774392.345947,172,1,231.032860994
1479774392.490584,135,0,0.144636869
1479774392.749749,135,0,0.259165049
1479774392.750588,66,1,0.000838995
1479774397.500249,42,0,4.749660969
1479774397.503955,42,1,0.003705978
1479774628.530907,172,1,231.026952028
1479774628.675598,135,0,0.144690990
1479774628.678139,66,1,0.002541065
1479774633.680237,42,0,5.002098083
1479774633.680998,42,1,0.000761032
1479774743.945876,113,1,110.264877796
1479774864.506757,172,1,120.560881138
1479774864.651584,135,0,0.144826889
1479774864.909880,135,0,0.258296013
1479774864.911037,66,1,0.001157045
1479774869.660224,42,0,4.749186993
1479774869.661023,42,1,0.000798941
1479775100.691185,172,1,231.030162096
1479775100.837181,135,0,0.145996094
1479775100.838656,66,1,0.001474857
1479775105.840245,42,0,5.001589060
1479775105.841028,42,1,0.000782967
1479775336.667455,172,1,230.826426983
1479775336.812288,135,0,0.144833088
1479775336.814790,66,1,0.002501965
1479775341.820240,42,0,5.005450010
1479775341.821057,42,1,0.000817060
1479775343.926982,113,1,2.105924845
1479775572.643855,172,1,228.716873169
1479775572.789630,135,0,0.145774841
1479775572.792291,66,1,0.002660990
1479775577.790261,42,0,4.997970104
1479775577.791068,42,1,0.000807047
1479775808.620227,172,1,230.829159021
1479775808.765144,135,0,0.144917011
1479775808.767754,66,1,0.002609968
1479775813.770241,42,0,5.002486944
1479775813.771029,42,1,0.000787973
1479775943.904282,113,1,130.133253098
1479776044.778270,172,1,100.873987913
1479776044.923373,135,0,0.145102978
1479776044.925880,66,1,0.002506971
1479776049.930238,42,0,5.004358053
1479776049.931050,42,1,0.000812054
1479776280.753077,172,1,230.822026968
1479776281.456123,172,1,0.703046083
1479776282.864133,172,1,1.408009768
1479776285.681253,172,1,2.817120075
1479776285.954654,103,1,0.273401022
1479776287.864095,42,1,1.909440994
1479776287.864137,42,0,0.000041962
1479776291.313471,172,1,3.449334145
1479776301.657000,80,1,10.343528986
1479776301.677993,418,0,0.020992994
1479776301.680510,74,1,0.002516985
1479776301.824718,74,0,0.144207954
1479776301.826754,66,1,0.002036095
1479776301.827708,281,1,0.000953913
1479776301.972009,66,0,0.144300938
1479776301.975057,1514,0,0.003047943
1479776301.975173,1514,0,0.000116110
1479776301.975256,743,0,0.000082970
1479776301.976889,66,1,0.001632929
1479776301.977258,66,1,0.000369072
1479776301.977349,66,1,0.000091076
1479776302.066325,200,1,0.088975906
1479776302.211325,300,0,0.144999981
1479776302.215769,66,1,0.004444122
1479776302.282260,620,1,0.066490889
1479776302.443546,167,0,0.161286116
1479776302.484117,66,1,0.040570974
1479776302.577250,172,1,0.093132973
1479776302.593360,284,1,0.016109943
1479776302.744530,135,0,0.151170015
1479776302.800244,66,1,0.055714130
1479776306.680247,42,0,3.880002975
1479776306.681034,42,1,0.000787020
1479776325.105508,172,1,18.424474001
1479776330.104182,42,1,4.998673916
1479776330.104224,42,0,0.000041962
1479776370.161681,172,1,40.057456970
1479776375.160305,42,1,4.998624086
1479776375.160346,42,0,0.000041008
1479776460.272481,172,1,85.112134933
1479776465.272431,42,1,4.999949932
1479776465.272468,42,0,0.000037193
1479776508.757161,75,1,43.484692812
1479776508.778804,541,0,0.021643162
1479776508.780355,90,1,0.001550913
1479776509.046695,90,0,0.266340017
1479776513.757029,42,1,4.710334063
1479776513.757091,42,0,0.000061989
1479776538.669551,172,1,24.912459850
1479776538.813992,135,0,0.144441128
1479776538.815468,66,1,0.001476049
1479776543.820245,42,0,5.004776955
1479776543.821214,42,1,0.000968933
1479776543.903426,113,1,0.082211971
1479776774.646013,172,1,230.742587090
1479776774.790345,135,0,0.144331932
1479776775.029040,172,1,0.238695145
1479776775.126255,135,0,0.097214937
1479776775.127089,66,1,0.000833988
1479776775.173003,78,0,0.045913935
1479776779.800243,42,0,4.627239943
1479776779.802583,42,1,0.002340078
1479777010.934395,172,1,231.131812096
1479777011.078388,66,0,0.143992901
1479777011.078801,135,0,0.000412941
1479777011.088258,66,1,0.009457111
1479777016.080246,42,0,4.991987944
1479777016.081001,42,1,0.000755072
1479777143.928147,113,1,127.847146034
1479777246.911880,172,1,102.983732939
1479777247.056207,135,0,0.144326925
1479777247.058775,66,1,0.002568007
1479777252.060239,42,0,5.001464128
1479777252.061016,42,1,0.000777006
1479777482.887155,172,1,230.826138973
1479777483.031587,135,0,0.144431829
1479777483.033143,66,1,0.001556158
1479777488.040231,42,0,5.007087946
1479777488.040974,42,1,0.000742912
1479777718.863676,172,1,230.822702169
1479777719.007977,135,0,0.144300938
1479777719.010473,66,1,0.002496004
1479777724.010236,42,0,4.999763012
1479777724.011582,42,1,0.001345873
1479777743.915828,113,1,19.904246092
1479777954.900242,172,1,210.984414101
1479777955.044594,135,0,0.144351959
1479777955.046963,66,1,0.002368927
1479777960.050245,42,0,5.003282070
1479777960.051075,42,1,0.000829935
1479778190.876686,172,1,230.825611115
1479778191.021121,135,0,0.144434929
1479778191.023624,66,1,0.002502918
1479778196.030231,42,0,5.006607056
1479778196.031097,42,1,0.000865936
1479778343.934624,113,1,147.903527021
1479778426.853169,172,1,82.918545008
1479778426.997685,135,0,0.144515991
1479778427.000115,66,1,0.002429962
1479778432.000242,42,0,5.000127077
1479778432.001027,42,1,0.000785112
1479778662.829742,172,1,230.828714848
1479778662.974296,135,0,0.144554138
1479778663.234351,135,0,0.260054827
1479778663.235375,66,1,0.001024008
1479778667.980241,42,0,4.744866133
1479778667.981002,42,1,0.000761032
1479778899.018254,172,1,231.037251949
1479778899.163697,135,0,0.145442963
1479778899.422417,135,0,0.258719921
1479778899.423248,66,1,0.000831127
1479778904.170239,42,0,4.746990919
1479778904.170998,42,1,0.000759125
1479778943.927547,113,1,39.756548882
1479779135.198642,172,1,191.271095037
1479779135.343357,135,0,0.144715071
1479779135.345842,66,1,0.002484798
1479779140.350248,42,0,5.004406214
1479779140.351051,42,1,0.000802994
1479779371.175234,172,1,230.824182987
1479779371.319680,135,0,0.144445896
1479779371.322667,66,1,0.002986908
1479779376.320235,42,0,4.997568130
1479779376.321003,42,1,0.000767946
1479779543.966316,113,1,167.645313025
1479779607.152813,172,1,63.186496973
1479779607.297320,135,0,0.144506931
1479779607.301186,66,1,0.003866196
1479779612.300242,42,0,4.999055862
1479779612.301029,42,1,0.000787020
1479779843.204291,172,1,230.903262138
1479779843.348781,135,0,0.144490004
1479779843.357083,66,1,0.008301973
1479779848.350254,42,0,4.993170977
1479779848.351029,42,1,0.000774860
1479780079.183278,172,1,230.832249165
1479780079.327801,135,0,0.144522905
1479780079.330249,66,1,0.002448082
1479780084.330240,42,0,4.999990940
1479780084.330998,42,1,0.000757933
1479780111.456394,75,1,27.125396013
1479780111.477649,533,0,0.021255016
1479780111.480071,90,1,0.002422094
1479780116.459251,42,1,4.979179859
1479780116.459308,42,0,0.000056982
1479780116.496547,90,1,0.037239075
1479780121.495999,90,1,4.999452114
1479780121.772818,90,0,0.276818991
1479780126.780239,42,0,5.007421017
1479780126.785520,42,1,0.005280972
1479780143.956942,113,1,17.171422005
1479780315.157302,172,1,171.200359821
1479780315.301957,135,0,0.144654989
1479780315.304505,66,1,0.002548218
1479780320.310232,42,0,5.005726814
1479780320.311568,42,1,0.001336098
1479780551.133851,172,1,230.822283030
1479780551.663362,172,1,0.529510975
1479780552.716854,172,1,1.053492069
1479780554.828854,172,1,2.111999989
1479780556.335389,103,1,1.506534815
1479780559.052856,172,1,2.717467070
1479780561.332826,42,1,2.279969931
1479780561.332865,42,0,0.000039101
1479780562.335939,42,1,1.003073931
1479780562.335980,42,0,0.000041008
1479780567.500920,172,1,5.164940119
1479780574.117676,80,1,6.616755962
1479780574.126689,418,0,0.009012938
1479780574.147268,74,1,0.020579100
1479780574.381230,74,0,0.233962059
1479780574.382038,66,1,0.000808001
1479780574.383006,281,1,0.000967979
1479780574.616991,66,0,0.233984947
1479780574.620308,1514,0,0.003316879
1479780574.620426,1514,0,0.000118017
1479780574.620509,743,0,0.000082970
1479780574.624904,66,1,0.004395008
1479780574.625028,66,1,0.000123978
1479780574.625096,66,1,0.000068188
1479780574.713490,200,1,0.088393927
1479780574.948168,300,0,0.234678030
1479780574.950483,66,1,0.002315044
1479780575.055010,620,1,0.104526997
1479780575.328183,66,0,0.273172855
1479780575.410304,167,0,0.082121134
1479780575.449471,66,1,0.039166927
1479780575.574040,284,1,0.124568939
1479780575.807940,66,0,0.233900070
1479780575.814950,135,0,0.007009983
1479780575.884945,66,1,0.069994926
1479780579.130242,42,0,3.245297194
1479780579.131023,42,1,0.000780821
1479780584.396950,172,1,5.265927076
1479780618.189024,172,1,33.792073965
1479780623.188943,42,1,4.999918938
1479780623.188987,42,0,0.000044107
1479780685.773162,172,1,62.584174871
1479780690.773080,42,1,4.999918222
1479780690.773123,42,0,0.000042915
1479780743.951599,113,1,53.178475857
1479780811.758381,172,1,67.806782007
1479780811.997978,135,0,0.239597082
1479780812.377537,172,1,0.379559040
1479780812.564152,135,0,0.186614990
1479780812.565299,66,1,0.001147032
1479780812.616551,78,0,0.051251888
1479780817.000240,42,0,4.383689165
1479780817.001036,42,1,0.000795841
1479780893.965610,42,1,76.964574099
1479780894.001261,126,0,0.035650969
1479781046.178698,172,1,152.177437067
1479781046.412405,66,0,0.233706951
1479781046.413469,135,0,0.001064062
1479781046.415447,66,1,0.001977921
1479781051.420241,42,0,5.004794121
1479781051.421076,42,1,0.000834942
1479781282.256771,172,1,230.835695028
1479781282.496316,135,0,0.239544868
1479781282.498768,66,1,0.002452135
1479781287.500251,42,0,5.001482964
1479781287.501026,42,1,0.000774860
1479781343.950739,113,1,56.449712992
1479781518.335795,172,1,174.385056019
1479781518.569994,135,0,0.234199047
1479781518.572471,66,1,0.002476931
1479781523.570243,42,0,4.997771978
1479781523.571033,42,1,0.000790119
1479781754.522332,172,1,230.951298952
1479781754.756525,135,0,0.234193087
1479781754.759083,66,1,0.002557993
1479781759.760242,42,0,5.001158953
1479781759.761609,42,1,0.001367092
1479781943.964775,113,1,184.203166008
1479781990.492718,172,1,46.527942896
1479781990.727671,135,0,0.234952927
1479781990.730113,66,1,0.002442122
1479781995.730236,42,0,5.000123024
1479781995.731039,42,1,0.000802994
1479782226.573180,172,1,230.842140913
1479782226.807452,135,0,0.234272003
1479782226.809839,66,1,0.002387047
1479782231.810244,42,0,5.000405073
1479782231.811042,42,1,0.000797987
1479782462.553633,172,1,230.742590904
1479782462.793344,135,0,0.239711046
1479782462.796134,66,1,0.002789974
1479782467.800238,42,0,5.004103899
1479782467.801103,42,1,0.000865221
1479782543.966063,113,1,76.164959908
1479782698.630065,172,1,154.664001942
1479782698.864883,135,0,0.234817982
1479782698.866373,66,1,0.001490116
1479782703.870241,42,0,5.003867865
1479782703.884582,42,1,0.014341116
1479782934.710446,172,1,230.825863838
1479782935.353526,172,1,0.643080235
1479782936.641512,172,1,1.287985802
1479782939.217528,172,1,2.576016188
1479782939.709455,42,1,0.491926908
1479782939.709498,42,0,0.000042915
1479782939.912050,103,1,0.202552080
1479782944.369538,172,1,4.457488060
1479782952.494377,80,1,8.124838829
1479782952.503384,418,0,0.009007215
1479782952.504532,74,1,0.001147985
1479782952.648333,74,0,0.143800974
1479782952.649275,66,1,0.000941992
1479782952.650188,281,1,0.000912905
1479782952.794054,66,0,0.143866062
1479782952.797208,1514,0,0.003154039
1479782952.797320,1514,0,0.000111818
1479782952.797404,743,0,0.000084162
1479782952.798691,66,1,0.001286983
1479782952.799338,66,1,0.000647068
1479782952.799732,66,1,0.000393867
1479782952.888979,200,1,0.089246988
1479782953.033473,300,0,0.144494057
1479782953.035758,66,1,0.002285004
1479782953.122359,620,1,0.086601019
1479782953.280937,167,0,0.158577919
1479782953.321498,66,1,0.040560961
1479782953.430932,284,1,0.109434128
1479782953.581212,135,0,0.150279999
1479782953.637601,66,1,0.056388855
1479782954.673562,172,1,1.035961151
1479782957.510232,42,0,2.836669922
1479782957.511012,42,1,0.000780106
1479782975.281627,172,1,17.770614862
1479783016.497728,172,1,41.216101170
1479783021.497956,42,1,5.000227928
1479783021.497997,42,0,0.000041008
1479783098.929863,172,1,77.431865931
1479783103.929780,42,1,4.999917030
1479783103.929821,42,0,0.000041008
1479783143.979189,113,1,40.049367905
1479783189.506917,172,1,45.527728081
1479783189.651512,135,0,0.144594908
1479783189.653944,66,1,0.002432108
1479783194.660229,42,0,5.006284952
1479783194.660999,42,1,0.000770092
1479783425.535372,172,1,230.874372959
1479783425.679994,135,0,0.144622087
1479783425.682530,66,1,0.002535820
1479783430.680243,42,0,4.997713089
1479783430.681009,42,1,0.000766039
1479783661.511734,172,1,230.830724955
1479783661.656361,135,0,0.144627094
1479783661.878790,172,1,0.222428799
1479783661.971089,135,0,0.092298985
1479783661.973949,66,1,0.002860069
1479783662.022278,78,0,0.048329115
1479783666.660233,42,0,4.637954950
1479783666.662263,42,1,0.002029896
1479783724.179400,75,1,57.517137051
1479783724.200614,525,0,0.021214008
1479783729.178861,42,1,4.978246927
1479783729.178919,42,0,0.000058174
1479783734.194188,75,1,5.015269041
1479783734.194538,139,0,0.000349998
1479783734.195625,90,1,0.001086950
1479783739.200233,42,0,5.004607916
1479783739.202907,90,1,0.002674103
1479783739.203742,42,1,0.000834942
1479783739.468684,90,0,0.264941931
1479783743.968915,113,1,4.500231028
1479783897.800178,172,1,153.831263065
1479783897.943702,66,0,0.143523932
1479783897.944829,135,0,0.001127005
1479783897.946434,66,1,0.001605034
1479783902.950242,42,0,5.003808022
1479783902.951195,42,1,0.000952959
1479784133.776514,172,1,230.825319052
1479784133.921158,135,0,0.144644022
1479784133.923640,66,1,0.002481937
1479784138.930238,42,0,5.006597996
1479784138.933766,42,1,0.003527880
1479784343.976138,113,1,205.042372227
1479784369.648900,172,1,25.672761917
1479784369.793512,135,0,0.144612074
1479784370.066854,135,0,0.273341894
1479784370.067732,66,1,0.000878096
1479784374.800231,42,0,4.732498884
1479784374.801043,42,1,0.000812054
1479784605.937509,172,1,231.136466026
1479784606.082186,135,0,0.144676924
1479784606.085432,66,1,0.003246069
1479784611.090236,42,0,5.004803896
1479784611.091036,42,1,0.000800133
1479784841.915178,172,1,230.824141979
1479784842.060354,135,0,0.145175934
1479784842.326687,135,0,0.266333103
1479784842.327604,66,1,0.000916958
1479784847.070247,42,0,4.742642879
1479784847.071006,42,1,0.000759125
1479784943.988758,113,1,96.917752028
1479785078.098510,172,1,134.109751940
1479785078.243110,135,0,0.144599915
1479785078.245668,66,1,0.002557993
1479785083.250254,42,0,5.004585981
1479785083.251036,42,1,0.000782013
1479785314.158355,172,1,230.907319069
1479785314.302976,135,0,0.144620895
1479785314.305573,66,1,0.002597094
1479785319.310281,42,0,5.004708052
1479785319.314344,42,1,0.004062891
1479785536.108218,590,1,216.793874025
1479785536.111310,342,0,0.003092051
1479785541.108240,42,1,4.996929884
1479785541.108296,42,0,0.000056028
1479785543.982394,113,1,2.874098063
1479785550.134701,172,1,6.152307034
1479785550.279350,135,0,0.144649029
1479785550.538747,135,0,0.259397030
1479785550.539604,66,1,0.000856876
1479785555.280228,42,0,4.740623951
1479785555.285423,42,1,0.005195141
1479785786.323650,172,1,231.038226843
1479785786.468285,135,0,0.144635201
1479785786.726423,135,0,0.258137941
1479785786.727251,66,1,0.000828028
1479785791.470229,42,0,4.742977858
1479785791.475155,42,1,0.004926205
1479786022.507450,172,1,231.032294989
1479786022.652491,135,0,0.145040989
1479786022.654907,66,1,0.002415895
1479786027.660238,42,0,5.005331039
1479786027.661004,42,1,0.000766039
1479786143.989522,113,1,116.328517914
1479786258.483893,172,1,114.494370937
1479786258.628468,135,0,0.144575119
1479786258.886384,135,0,0.257915974
1479786258.892341,66,1,0.005956888
1479786263.630229,42,0,4.737888098
1479786263.631020,42,1,0.000791073
1479786494.668497,172,1,231.037477016
1479786494.813083,135,0,0.144585848
1479786494.814595,66,1,0.001512051
1479786499.820243,42,0,5.005647898
1479786499.820997,42,1,0.000754118
1479786730.644781,172,1,230.823784113
1479786730.789358,135,0,0.144576788
1479786730.793597,66,1,0.004239082
1479786735.790232,42,0,4.996634960
1479786735.791196,42,1,0.000964165
1479786743.994207,113,1,8.203010798
1479786966.622116,172,1,222.627909184
1479786966.766775,135,0,0.144658804
1479786966.775753,66,1,0.008978128
1479786971.770231,42,0,4.994477987
1479786971.771518,42,1,0.001286983
1479787202.741661,172,1,230.970143080
1479787202.886378,135,0,0.144716978
1479787202.891084,66,1,0.004705906
1479787207.890245,42,0,4.999161005
1479787207.900696,42,1,0.010451078
1479787341.873475,75,1,133.972779036
1479787341.894696,529,0,0.021220922
1479787341.896216,90,1,0.001519918
1479787342.191680,90,0,0.295464039
1479787344.006288,113,1,1.814608097
1479787346.889031,42,1,2.882742882
1479787346.889085,42,0,0.000054121
1479787438.720762,172,1,91.831676960
1479787438.865619,135,0,0.144856930
1479787438.868066,66,1,0.002447128
1479787443.870243,42,0,5.002177000
1479787443.871003,42,1,0.000759840
1479787674.694544,172,1,230.823541164
1479787674.839198,135,0,0.144654036
1479787675.098442,135,0,0.259243965
1479787675.099679,66,1,0.001236916
1479787679.840238,42,0,4.740559101
1479787679.842690,42,1,0.002451897
1479787910.879008,172,1,231.036318064
1479787911.023651,135,0,0.144642830
1479787911.026263,66,1,0.002612114
1479787916.030242,42,0,5.003978968
1479787916.033518,42,1,0.003276110
1479787944.032702,113,1,27.999183893
1479788146.863399,172,1,202.830697060
1479788147.008014,135,0,0.144614935
1479788147.010393,66,1,0.002378941
1479788152.010235,42,0,4.999842167
1479788152.011047,42,1,0.000811815
1479788382.831870,172,1,230.820823193
1479788382.976470,135,0,0.144599915
1479788383.230431,135,0,0.253961086
1479788383.231630,66,1,0.001199007
1479788387.980244,42,0,4.748613834
1479788387.981007,42,1,0.000763178
1479788544.011182,113,1,156.030174971
1479788619.016132,172,1,75.004950047
1479788619.161517,135,0,0.145384789
1479788619.414383,135,0,0.252866030
1479788619.418478,66,1,0.004095078
1479788624.170231,42,0,4.751753092
1479788624.172342,42,1,0.002110958
1479788855.200746,172,1,231.028403997
1479788855.345712,135,0,0.144965887
1479788855.350994,66,1,0.005282164
1479788860.350242,42,0,4.999247789
1479788860.352589,42,1,0.002346992
1479789091.324886,172,1,230.972297192
1479789092.104211,172,1,0.779325008
1479789093.664224,172,1,1.560012817
1479789096.324169,42,1,2.659945011
1479789096.324208,42,0,0.000039101
1479789096.526576,103,1,0.202368021
1479789096.787166,172,1,0.260590076
1479789103.024233,172,1,6.237066984
1479789115.504275,172,1,12.480041981
1479789116.389041,80,1,0.884765863
1479789116.398074,418,0,0.009032965
1479789121.400230,42,0,5.002156019
1479789121.401452,42,1,0.001222134
1479789126.405591,80,1,5.004138947
1479789126.414545,418,0,0.008954048
1479789126.415659,74,1,0.001113892
1479789126.559516,74,0,0.143857002
1479789126.560336,66,1,0.000820160
1479789126.561295,281,1,0.000958920
1479789126.705191,66,0,0.143895864
1479789126.708960,1514,0,0.003769159
1479789126.709079,1514,0,0.000118971
1479789126.709162,743,0,0.000082970
1479789126.712886,66,1,0.003724098
1479789126.712999,66,1,0.000113010
1479789126.713064,66,1,0.000064850
1479789126.800962,200,1,0.087898016
1479789126.949639,300,0,0.148677111
1479789126.951963,66,1,0.002323866
1479789126.998419,620,1,0.046456099
1479789127.160606,167,0,0.162186861
1479789127.200233,66,1,0.039627075
1479789127.310675,284,1,0.110441923
1479789127.462014,135,0,0.151339054
1479789127.516810,66,1,0.054795980
1479789140.464184,172,1,12.947374105
1479789144.023111,113,1,3.558927059
1479789190.384433,172,1,46.361321926
1479789195.384343,42,1,4.999909878
1479789195.384384,42,0,0.000041008
1479789290.225702,172,1,94.841318130
1479789295.224516,42,1,4.998813868
1479789295.224556,42,0,0.000040054
1479789296.224525,42,1,0.999969006
1479789296.224568,42,0,0.000042915
1479789363.391195,172,1,67.166627169
1479789363.535803,135,0,0.144608021
1479789363.541005,66,1,0.005201817
1479789368.540241,42,0,4.999236107
1479789368.544522,42,1,0.004281044
1479789599.366038,172,1,230.821516037
1479789599.510623,135,0,0.144584894
1479789599.511456,66,1,0.000833035
1479789604.520247,42,0,5.008790970
1479789604.520976,42,1,0.000729084
1479789744.021797,113,1,139.500820875
1479789835.342418,172,1,91.320621014
1479789835.487076,135,0,0.144658089
1479789835.717375,172,1,0.230298996
1479789835.806138,135,0,0.088762999
1479789835.806984,66,1,0.000845909
1479789835.860842,78,0,0.053858042
1479789840.490233,42,0,4.629390955
1479789840.491018,42,1,0.000785112
1479790071.630849,172,1,231.139830828
1479790071.774337,66,0,0.143488169
1479790071.775477,135,0,0.001139879
1479790071.782282,66,1,0.006805182
1479790076.780246,42,0,4.997963905
1479790076.785100,42,1,0.004853964
1479790307.613548,172,1,230.828448057
1479790307.759128,135,0,0.145580053
1479790307.763611,66,1,0.004482985
1479790312.760242,42,0,4.996630907
1479790312.781423,42,1,0.021181107
1479790344.018957,113,1,31.237533808
1479790543.583689,172,1,199.564732075
1479790543.728313,135,0,0.144623995
1479790544.010092,135,0,0.281779051
1479790544.010972,66,1,0.000880003
1479790548.730250,42,0,4.719277859
1479790548.741749,42,1,0.011499166
1479790779.872289,172,1,231.130539894
1479790780.016921,135,0,0.144632101
1479790780.019481,66,1,0.002559900
1479790785.020244,42,0,5.000762939
1479790785.021007,42,1,0.000763178
1479790944.020939,113,1,158.999932051
1479790944.600603,75,1,0.579663992
1479790944.808353,541,0,0.207749844
1479790944.810858,90,1,0.002505064
1479790945.082621,90,0,0.271763086
1479790949.599605,42,1,4.516983986
1479790949.599666,42,0,0.000061035
1479791016.036743,172,1,66.437076807
1479791016.181391,135,0,0.144648075
1479791016.182244,66,1,0.000853062
1479791021.190231,42,0,5.007987022
1479791021.190994,42,1,0.000762939
1479791252.014095,172,1,230.823101044
1479791252.158715,135,0,0.144619942
1479791252.422356,135,0,0.263640881
1479791252.423187,66,1,0.000831127
1479791257.160240,42,0,4.737052917
1479791257.161008,42,1,0.000767946
1479791488.197747,172,1,231.036739111
1479791488.342346,135,0,0.144598961
1479791488.598418,135,0,0.256072044
1479791488.599298,66,1,0.000880003
1479791493.350242,42,0,4.750943899
1479791493.350777,42,1,0.000535011
1479791544.040592,113,1,50.689815044
1479791724.382241,172,1,180.341649055
1479791724.526828,135,0,0.144587040
1479791724.529268,66,1,0.002439976
1479791729.530241,42,0,5.000972986
1479791729.532195,42,1,0.001954079
1479791960.358814,172,1,230.826618910
1479791960.503433,135,0,0.144618988
1479791960.507494,66,1,0.004060984
1479791965.510252,42,0,5.002758026
1479791965.511586,42,1,0.001333952
1479792144.052675,113,1,178.541089058
1479792196.338436,172,1,52.285760880
1479792196.483055,135,0,0.144619226
1479792196.485591,66,1,0.002535820
1479792201.490242,42,0,5.004651070
1479792201.497243,42,1,0.007000923
1479792432.317639,172,1,230.820396185
1479792432.462288,135,0,0.144648790
1479792432.718566,135,0,0.256278038
1479792432.720396,66,1,0.001830101
1479792437.470242,42,0,4.749845982
1479792437.470998,42,1,0.000756025
1479792668.496176,172,1,231.025177956
1479792668.640741,135,0,0.144565105
1479792668.899091,135,0,0.258349895
1479792668.908114,66,1,0.009022951
1479792673.650243,42,0,4.742129087
1479792673.651011,42,1,0.000767946
1479792744.044592,113,1,70.393580914
1479792904.764690,172,1,160.720098019
1479792904.909319,135,0,0.144629002
1479792904.910780,66,1,0.001461029
1479792909.910246,42,0,4.999465942
1479792909.911018,42,1,0.000771999
1479793140.741117,172,1,230.830099106
1479793140.885740,135,0,0.144623041
1479793140.888416,66,1,0.002676010
1479793145.890241,42,0,5.001824856
1479793145.891000,42,1,0.000759125
1479793344.039499,113,1,198.148499012
1479793376.717573,172,1,32.678073883
1479793376.862356,135,0,0.144783020
1479793376.864808,66,1,0.002452135
1479793381.870240,42,0,5.005431890
1479793381.872794,42,1,0.002553940
1479793612.698542,172,1,230.825748205
1479793612.843152,135,0,0.144609928
1479793612.845621,66,1,0.002469063
1479793617.850252,42,0,5.004630804
1479793617.851011,42,1,0.000759125
1479793848.674982,172,1,230.823971033
1479793848.819630,135,0,0.144647837
1479793848.822205,66,1,0.002575159
1479793853.820241,42,0,4.998035908
1479793853.821018,42,1,0.000777006
1479793944.040534,113,1,90.219516039
1479794084.653874,172,1,140.613339901
1479794084.798465,135,0,0.144591093
1479794085.054268,135,0,0.255802870
1479794085.055884,66,1,0.001616001
1479794089.800239,42,0,4.744355202
1479794089.801026,42,1,0.000787020
1479794320.835470,172,1,231.034443855
1479794320.980135,135,0,0.144665003
1479794321.234213,135,0,0.254078150
1479794321.235056,66,1,0.000842810
1479794325.980234,42,0,4.745177984
1479794325.980990,42,1,0.000756025
1479794544.066173,113,1,218.085183144
1479794547.493040,75,1,3.426867008
1479794547.703697,529,0,0.210656881
1479794547.710516,90,1,0.006819010
1479794547.998292,90,0,0.287775993
1479794552.490945,42,1,4.492653131
1479794552.491006,42,0,0.000060797
1479794557.091930,172,1,4.600924015
1479794557.236542,135,0,0.144612074
1479794557.238659,66,1,0.002116919
1479794562.240230,42,0,5.001571178
1479794562.243981,42,1,0.003750801
1479794793.091887,172,1,230.847906113
1479794793.236525,135,0,0.144638062
1479794793.238983,66,1,0.002457857
1479794798.240246,42,0,5.001263142
1479794798.249834,42,1,0.009588003
1479795029.045080,172,1,230.795245886
1479795029.189858,135,0,0.144778013
1479795029.192989,66,1,0.003131151
1479795034.190243,42,0,4.997253895
1479795034.219979,42,1,0.029736042
1479795144.049955,113,1,109.829975843
1479795265.021697,172,1,120.971742153
1479795265.735485,172,1,0.713788033
1479795267.156671,172,1,1.421185970
1479795270.009657,172,1,2.852985859
1479795270.020597,42,1,0.010940075
1479795270.020636,42,0,0.000039101
1479795270.223983,103,1,0.203346968
1479795275.700690,172,1,5.476706982
1479795286.965506,80,1,11.264816046
1479795286.974343,418,0,0.008836985
1479795286.979438,74,1,0.005095005
1479795287.092737,172,1,0.113298893
1479795287.123525,74,0,0.030787945
1479795287.124339,66,1,0.000814199
1479795287.125342,281,1,0.001002789
1479795287.269489,66,0,0.144147158
1479795287.272632,1514,0,0.003142834
1479795287.272747,1514,0,0.000115156
1479795287.272830,743,0,0.000082970
1479795287.273901,66,1,0.001070976
1479795287.274458,66,1,0.000556946
1479795287.275496,66,1,0.001038074
1479795287.366115,200,1,0.090619087
1479795287.510939,300,0,0.144823790
1479795287.513267,66,1,0.002328157
1479795287.592454,620,1,0.079186916
1479795287.754838,167,0,0.162384033
1479795287.792670,66,1,0.037832022
1479795287.901914,284,1,0.109243870
1479795288.052077,135,0,0.150163174
1479795288.108822,66,1,0.056745052
1479795291.980229,42,0,3.871406794
1479795291.980989,42,1,0.000760078
1479795309.876801,172,1,17.895812035
1479795355.444929,172,1,45.568127871
1479795360.444845,42,1,4.999916077
1479795360.444887,42,0,0.000041962
1479795446.582803,172,1,86.137916088
1479795451.581058,42,1,4.998255014
1479795451.581098,42,0,0.000040054
1479795523.982218,172,1,72.401119947
1479795524.126371,135,0,0.144152880
1479795524.128970,66,1,0.002599001
1479795529.130234,42,0,5.001264095
1479795529.139483,42,1,0.009248972
1479795744.064816,113,1,214.925333023
1479795759.960065,172,1,15.895248890
1479795760.104378,135,0,0.144313097
1479795760.105848,66,1,0.001470089
1479795765.110250,42,0,5.004401922
1479795765.111029,42,1,0.000778913
1479795995.935340,172,1,230.824311018
1479795996.080918,135,0,0.145578146
1479795996.083972,66,1,0.003053904
1479796001.090249,42,0,5.006277084
1479796001.091029,42,1,0.000779867
1479796231.911877,172,1,230.820847988
1479796232.056531,135,0,0.144654036
1479796232.059056,66,1,0.002525091
1479796237.060244,42,0,5.001188040
1479796237.062270,42,1,0.002025843
1479796344.062051,113,1,106.999781132
1479796467.973670,172,1,123.911618948
1479796468.118193,135,0,0.144522905
1479796468.327734,172,1,0.209541082
1479796468.402996,135,0,0.075262070
1479796468.432033,66,1,0.029036999
1479796468.471875,78,0,0.039841890
1479796473.120242,42,0,4.648367167
1479796473.121054,42,1,0.000811815
1479796704.249015,172,1,231.127961159
1479796704.393154,66,0,0.144138813
1479796704.393505,135,0,0.000351191
1479796704.395788,66,1,0.002282858
1479796709.400233,42,0,5.004445076
1479796709.402324,42,1,0.002090931
1479796940.225515,172,1,230.823190928
1479796940.370979,135,0,0.145464182
1479796940.374090,66,1,0.003110886
1479796944.065164,113,1,3.691074133
1479796945.380231,42,0,1.315066814
1479796945.381030,42,1,0.000799179
1479797176.202116,172,1,230.821085930
1479797176.346588,135,0,0.144471884
1479797176.615278,135,0,0.268690109
1479797176.616117,66,1,0.000838995
1479797181.350227,42,0,4.734110117
1479797181.355310,42,1,0.005082846
1479797412.386634,172,1,231.031324148
1479797412.531125,135,0,0.144490957
1479797412.533754,66,1,0.002629042
1479797417.540234,42,0,5.006479979
1479797417.541018,42,1,0.000783920
1479797544.065431,113,1,126.524413109
1479797648.363188,172,1,104.297756910
1479797648.507690,135,0,0.144501925
1479797648.509167,66,1,0.001477003
1479797653.510239,42,0,5.001071930
1479797653.513534,42,1,0.003295183
1479797884.339752,172,1,230.826217890
1479797884.484219,135,0,0.144467115
1479797884.747545,135,0,0.263325930
1479797884.748375,66,1,0.000829935
1479797889.490242,42,0,4.741867065
1479797889.491614,42,1,0.001372099
1479798120.524281,172,1,231.032666922
1479798120.668774,135,0,0.144492865
1479798120.671382,66,1,0.002608061
1479798125.670243,42,0,4.998861074
1479798125.671026,42,1,0.000782967
1479798144.073354,113,1,18.402328014
1479798150.407910,75,1,6.334556103
1479798150.412236,545,0,0.004325867
1479798150.414687,90,1,0.002450943
1479798150.741262,90,0,0.326575041
1479798356.576872,172,1,205.835610151
1479798356.721352,135,0,0.144479990
1479798356.723946,66,1,0.002593994
1479798361.730241,42,0,5.006294966
1479798361.731021,42,1,0.000779867
1479798592.553362,172,1,230.822340965
1479798592.697839,135,0,0.144477129
1479798592.700429,66,1,0.002589941
1479798597.700246,42,0,4.999817133
1479798597.701093,42,1,0.000846863
1479798744.067914,113,1,146.366821051
1479798828.529907,172,1,84.461992979
1479798828.674342,135,0,0.144434929
1479798828.675816,66,1,0.001474142
1479798833.680240,42,0,5.004423857
1479798833.681479,42,1,0.001239061
1479799064.506471,172,1,230.824991941
1479799064.650958,135,0,0.144487143
1479799064.652423,66,1,0.001464844
1479799069.660230,42,0,5.007807016
1479799069.662502,42,1,0.002272129
1479799300.378952,172,1,230.716449976
1479799300.523421,135,0,0.144469023
1479799300.779901,135,0,0.256479979
1479799300.780731,66,1,0.000829935
1479799305.530242,42,0,4.749511003
1479799305.531025,42,1,0.000782967
1479799344.094035,113,1,38.563009977
1479799536.563472,172,1,192.469437122
1479799536.707984,135,0,0.144511938
1479799536.712499,66,1,0.004514933
1479799541.710242,42,0,4.997743130
1479799541.711046,42,1,0.000803947
1479799772.540512,172,1,230.829466105
1479799772.685079,135,0,0.144567013
1479799772.687618,66,1,0.002538919
1479799777.690237,42,0,5.002619028
1479799777.691019,42,1,0.000782013
1479799944.102145,113,1,166.411125898
1479800008.516452,172,1,64.414307117
1479800008.662194,135,0,0.145741940
1479800008.920048,135,0,0.257853985
1479800008.920906,66,1,0.000858068
1479800013.670234,42,0,4.749327898
1479800013.671046,42,1,0.000812054
1479800244.677017,172,1,231.005970955
1479800244.821536,135,0,0.144519091
1479800244.823915,66,1,0.002378941
1479800249.830240,42,0,5.006325006
1479800249.831022,42,1,0.000782013
1479800480.653494,172,1,230.822471857
1479800480.797999,135,0,0.144505024
1479800480.800566,66,1,0.002567053
1479800485.800229,42,0,4.999663115
1479800485.804112,42,1,0.003882885
1479800544.102725,113,1,58.298613071
1479800716.526043,172,1,172.423317909
1479800716.670609,135,0,0.144566059
1479800716.673715,66,1,0.003106117
1479800721.680238,42,0,5.006522894
1479800721.681279,42,1,0.001040936
1479800952.398523,172,1,230.717244148
1479800952.543003,135,0,0.144479990
1479800952.545536,66,1,0.002532959
1479800957.550238,42,0,5.004701853
1479800957.551021,42,1,0.000783205
1479801144.101613,113,1,186.550591946
1479801188.375050,172,1,44.273437023
1479801188.519685,135,0,0.144634962
1479801188.776265,135,0,0.256579876
1479801188.864704,66,1,0.088438988
1479801193.520242,42,0,4.655538082
1479801193.523366,42,1,0.003123999
1479801424.663612,172,1,231.140245914
1479801425.422645,172,1,0.759033203
1479801426.944858,172,1,1.522212982
1479801429.664279,42,1,2.719420910
1479801429.664321,42,0,0.000041962
1479801429.869981,103,1,0.205660105
1479801429.982643,172,1,0.112661839
1479801436.062667,172,1,6.080024004
1479801448.222729,172,1,12.160062075
1479801448.687461,80,1,0.464731932
1479801448.696261,418,0,0.008800030
1479801448.698715,74,1,0.002454042
1479801448.842936,74,0,0.144221067
1479801448.844160,66,1,0.001224041
1479801448.845112,281,1,0.000952005
1479801448.989421,66,0,0.144308805
1479801448.992449,1514,0,0.003028154
1479801448.992556,1514,0,0.000107050
1479801448.992623,743,0,0.000066996
1479801448.995072,66,1,0.002448797
1479801448.995300,66,1,0.000228167
1479801448.995398,66,1,0.000097990
1479801449.087462,200,1,0.092063904
1479801449.232411,300,0,0.144948959
1479801449.235196,66,1,0.002785206
1479801449.312793,620,1,0.077596903
1479801449.469168,167,0,0.156374931
1479801449.506634,66,1,0.037466049
1479801449.624081,284,1,0.117446899
1479801449.777842,135,0,0.153761148
1479801449.831861,66,1,0.054018974
1479801453.700230,42,0,3.868368864
1479801453.704605,42,1,0.004375219
1479801472.546178,172,1,18.841573000
1479801521.186402,172,1,48.640223980
1479801526.182845,42,1,4.996443033
1479801526.182888,42,0,0.000042915
1479801618.467225,172,1,92.284337044
1479801623.463054,42,1,4.995828867
1479801623.463095,42,0,0.000041008
1479801685.706809,172,1,62.243714094
1479801685.851129,135,0,0.144320011
1479801685.853588,66,1,0.002459049
1479801690.860240,42,0,5.006651878
1479801690.865418,42,1,0.005177975
1479801744.100580,113,1,53.235162020
1479801753.147885,75,1,9.047305107
1479801753.168786,529,0,0.020900965
1479801753.174071,90,1,0.005285025
1479801753.505966,90,0,0.331894875
1479801758.147329,42,1,4.641363144
1479801758.147387,42,0,0.000057936
1479801921.682179,172,1,163.534791946
1479801921.826557,135,0,0.144377947
1479801922.063749,172,1,0.237192154
1479801922.164478,135,0,0.100728989
1479801922.165348,66,1,0.000869989
1479801922.207746,78,0,0.042397976
1479801926.830231,42,0,4.622484922
1479801926.831021,42,1,0.000790119
1479802155.929201,172,1,229.098179817
1479802156.073188,66,0,0.143987179
1479802156.073523,135,0,0.000334978
1479802156.075839,66,1,0.002315998
1479802161.080251,42,0,5.004411936
1479802161.081040,42,1,0.000788927
1479802344.098274,113,1,183.017234087
1479802391.905931,172,1,47.807657003
1479802392.050267,135,0,0.144335985
1479802392.055617,66,1,0.005350113
1479802397.060230,42,0,5.004612923
1479802397.061048,42,1,0.000818014
1479802627.882305,172,1,230.821256876
1479802628.026646,135,0,0.144340992
1479802628.029726,66,1,0.003080130
1479802633.030229,42,0,5.000503063
1479802633.031379,42,1,0.001149893
1479802863.858783,172,1,230.827404022
1479802864.003110,135,0,0.144326925
1479802864.284656,135,0,0.281546116
1479802864.285521,66,1,0.000864983
1479802869.010249,42,0,4.724727869
1479802869.011013,42,1,0.000764132
1479802944.104014,113,1,75.093000889
1479803100.147363,172,1,156.043349028
1479803100.291705,135,0,0.144341946
1479803100.560707,135,0,0.269002199
1479803100.561552,66,1,0.000844955
1479803105.300235,42,0,4.738682985
1479803105.301019,42,1,0.000783920
1479803336.331869,172,1,231.030849934
1479803336.476201,135,0,0.144332170
1479803336.478687,66,1,0.002485991
1479803341.480228,42,0,5.001540899
1479803341.481037,42,1,0.000808954
1479803544.104774,113,1,202.623737097
1479803572.308588,172,1,28.203814030
1479803572.452906,135,0,0.144317865
1479803572.716803,135,0,0.263897181
1479803572.717655,66,1,0.000851870
1479803577.460236,42,0,4.742581129
1479803577.461017,42,1,0.000780821
1479803808.495692,172,1,231.034675121
1479803808.639995,135,0,0.144303083
1479803808.896869,135,0,0.256873846
1479803808.899903,66,1,0.003034115
1479803813.640230,42,0,4.740326881
1479803813.641222,42,1,0.000992060
1479804044.857409,172,1,231.216187000
1479804045.001706,135,0,0.144296885
1479804045.004142,66,1,0.002436161
1479804050.010241,42,0,5.006098986
1479804050.011004,42,1,0.000762939
1479804144.113747,113,1,94.102742910
1479804280.729967,172,1,136.616220236
1479804280.874124,135,0,0.144156933
1479804280.876584,66,1,0.002460003
1479804285.880249,42,0,5.003664970
1479804285.881145,42,1,0.000895977
1479804516.602526,172,1,230.721380949
1479804516.746703,135,0,0.144176960
1479804516.749082,66,1,0.002379179
1479804521.750240,42,0,5.001157999
1479804521.751020,42,1,0.000779867
1479804744.109915,113,1,222.358895063
1479804752.579019,172,1,8.469104052
1479804752.723213,135,0,0.144193888
1479804752.725656,66,1,0.002443075
1479804757.730236,42,0,5.004580021
1479804757.731015,42,1,0.000778913
1479804988.557471,172,1,230.826456070
1479804988.701592,135,0,0.144120932
1479804988.960966,135,0,0.259374142
1479804988.961805,66,1,0.000838995
1479804993.710241,42,0,4.748435974
1479804993.711019,42,1,0.000777960
1479805224.740478,172,1,231.029459000
1479805224.884664,135,0,0.144186020
1479805225.141017,135,0,0.256352901
1479805225.141853,66,1,0.000836134
1479805229.890235,42,0,4.748381853
1479805229.891032,42,1,0.000797033
1479805344.120518,113,1,114.229485989
1479805355.915927,75,1,11.795408964
1479805355.937394,545,0,0.021466970
1479805355.940042,90,1,0.002648115
1479805356.271818,90,0,0.331775904
1479805360.915414,42,1,4.643596172
1479805360.915474,42,0,0.000059843
1479805460.924616,172,1,100.009142160
1479805461.068750,135,0,0.144133806
1479805461.325116,135,0,0.256366014
1479805461.328431,66,1,0.003314972
1479805466.070233,42,0,4.741802216
1479805466.071005,42,1,0.000771999
1479805697.109195,172,1,231.038189888
1479805697.253337,135,0,0.144141912
1479805697.255854,66,1,0.002516985
1479805702.260243,42,0,5.004389048
1479805702.263085,42,1,0.002841949
1479805933.169705,172,1,230.906620026
1479805933.313818,135,0,0.144113064
1479805933.316404,66,1,0.002586126
1479805938.320233,42,0,5.003829002
1479805938.321075,42,1,0.000841856
1479805944.123055,113,1,5.801980019
1479806169.146281,172,1,225.023226023
1479806169.290415,135,0,0.144134045
1479806169.292829,66,1,0.002413988
1479806174.300229,42,0,5.007400036
1479806174.301009,42,1,0.000779867
1479806405.122802,172,1,230.821793079
1479806405.266943,135,0,0.144140959
1479806405.521342,135,0,0.254399061
1479806405.522212,66,1,0.000869989
1479806410.270249,42,0,4.748036861
1479806410.271004,42,1,0.000755072
1479806544.125301,113,1,133.854296923
1479806641.307334,172,1,97.182033062
1479806641.451473,135,0,0.144139051
1479806641.454018,66,1,0.002545118
1479806646.460229,42,0,5.006210804
1479806646.461286,42,1,0.001057148
1479806877.283923,172,1,230.822636843
1479806877.428066,135,0,0.144143105
1479806877.429530,66,1,0.001463890
1479806882.430239,42,0,5.000709057
1479806882.433223,42,1,0.002984047
1479807113.260415,172,1,230.827192068
1479807113.404572,135,0,0.144156933
1479807113.406922,66,1,0.002350092
1479807118.410233,42,0,5.003310919
1479807118.410992,42,1,0.000758886
1479807136.691784,590,1,18.280791998
1479807136.694506,342,0,0.002722025
1479807142.003547,42,1,5.309041023
1479807142.003588,42,0,0.000041008
1479807144.127372,113,1,2.123784065
1479807349.237035,172,1,205.109663010
1479807349.381212,135,0,0.144176960
1479807349.384182,66,1,0.002969980
1479807354.390236,42,0,5.006053925
1479807354.391021,42,1,0.000785112
1479807585.241467,172,1,230.850445986
1479807585.936532,172,1,0.695065022
1479807587.328523,172,1,1.391990900
1479807590.112532,172,1,2.784008980
1479807590.240491,42,1,0.127959013
1479807590.240533,42,0,0.000042200
1479807590.442899,103,1,0.202365875
1479807595.680555,172,1,5.237656116
1479807603.025359,80,1,7.344803810
1479807603.034571,418,0,0.009212017
1479807603.037005,74,1,0.002434015
1479807603.280452,74,0,0.243447065
1479807603.281302,66,1,0.000849962
1479807603.282263,281,1,0.000961065
1479807603.525805,66,0,0.243541956
1479807603.528864,1514,0,0.003058910
1479807603.528986,1514,0,0.000122070
1479807603.529075,743,0,0.000088930
1479807603.531990,66,1,0.002915144
1479807603.532379,66,1,0.000388861
1479807603.532472,66,1,0.000092983
1479807603.618385,200,1,0.085913181
1479807603.862582,300,0,0.244196892
1479807603.864963,66,1,0.002381086
1479807603.962653,620,1,0.097689867
1479807604.218954,167,0,0.256301165
1479807604.256508,66,1,0.037554026
1479807604.380909,284,1,0.124400854
1479807604.631508,135,0,0.250599146
1479807604.689064,66,1,0.057555914
1479807606.816565,172,1,2.127501011
1479807608.040232,42,0,1.223666906
1479807608.040989,42,1,0.000756979
1479807629.088443,172,1,21.047454119
1479807673.632726,172,1,44.544282913
1479807678.632721,42,1,4.999994993
1479807678.632761,42,0,0.000040054
1479807744.124179,113,1,65.491417885
1479807762.720925,172,1,18.596746206
1479807767.729273,42,1,5.008347988
1479807767.729316,42,0,0.000042915
1479807840.561971,172,1,72.832654953
1479807840.806209,135,0,0.244238138
1479807840.809236,66,1,0.003026962
1479807845.810239,42,0,5.001003027
1479807845.811022,42,1,0.000782967
1479808076.638960,172,1,230.827937841
1479808076.883296,135,0,0.244336128
1479808076.885914,66,1,0.002618074
1479808081.890242,42,0,5.004328012
1479808081.895821,42,1,0.005578995
1479808312.718829,172,1,230.823007822
1479808312.963133,135,0,0.244304180
1479808312.965596,66,1,0.002462864
1479808317.970243,42,0,5.004647017
1479808317.971010,42,1,0.000766993
1479808344.158474,113,1,26.187463999
1479808548.799320,172,1,204.640846014
1479808549.043606,135,0,0.244286060
1479808549.046176,66,1,0.002569914
1479808554.050243,42,0,5.004066944
1479808554.051028,42,1,0.000785112
1479808784.879731,172,1,230.828702927
1479808785.124072,135,0,0.244341135
1479808785.126647,66,1,0.002574921
1479808790.130232,42,0,5.003585100
1479808790.130995,42,1,0.000762939
1479808944.161690,113,1,154.030694962
1479808958.684565,75,1,14.522875071
1479808958.857452,525,0,0.172886848
1479808958.860259,90,1,0.002807140
1479808959.127347,90,0,0.267087936
1479808963.680251,42,1,4.552903891
1479808963.680307,42,0,0.000056028
1479809020.960610,172,1,57.280303001
1479809021.204907,135,0,0.244297028
1479809021.207427,66,1,0.002520084
1479809026.210242,42,0,5.002815008
1479809026.211000,42,1,0.000757933
1479809257.040736,172,1,230.829735994
1479809257.285049,135,0,0.244313002
1479809257.291036,66,1,0.005986929
1479809262.290239,42,0,4.999203205
1479809262.291012,42,1,0.000772953
1479809493.357173,172,1,231.066160917
1479809493.601460,135,0,0.244287014
1479809493.824218,172,1,0.222758055
1479809493.985809,135,0,0.161591053
1479809493.990604,66,1,0.004794836
1479809494.067375,78,0,0.076771021
1479809498.610232,42,0,4.542857170
1479809498.610998,42,1,0.000765800
1479809544.136105,113,1,45.525107145
1479809729.853683,172,1,185.717577934
1479809730.096830,66,0,0.243146896
1479809730.098039,135,0,0.001209021
1479809730.099492,66,1,0.001453161
1479809735.100247,42,0,5.000754833
1479809735.101029,42,1,0.000782013
1479809965.934122,172,1,230.833093166
1479809966.178593,135,0,0.244470835
1479809966.181125,66,1,0.002532005
1479809971.180240,42,0,4.999114990
1479809971.181018,42,1,0.000778198
1479810144.168346,113,1,172.987327814
1479810202.014596,172,1,57.846250057
1479810202.259473,135,0,0.244877100
1479810202.625407,135,0,0.365933895
1479810202.626567,66,1,0.001159906
1479810207.260244,42,0,4.633677006
1479810207.262431,42,1,0.002187014
1479810438.407135,172,1,231.144704103
1479810438.652036,135,0,0.244900942
1479810438.654575,66,1,0.002539158
1479810443.660234,42,0,5.005658865
1479810443.660986,42,1,0.000751972
1479810674.487528,172,1,230.826542139
1479810674.732398,135,0,0.244869947
1479810674.740249,66,1,0.007850885
1479810679.740255,42,0,5.000006199
1479810679.741011,42,1,0.000755787
1479810744.161739,113,1,64.420728207
1479810910.568539,172,1,166.406799793
1479810910.813428,135,0,0.244889021
1479810910.816611,66,1,0.003183126
1479810915.820233,42,0,5.003622055
1479810915.825459,42,1,0.005225897
1479811146.648620,172,1,230.823160887
1479811146.893543,135,0,0.244923115
1479811147.253138,135,0,0.359595060
1479811147.253973,66,1,0.000834942
1479811151.900236,42,0,4.646262884
1479811151.901404,42,1,0.001168013
1479811344.152576,113,1,192.251172066
1479811380.949099,172,1,36.796523094
1479811381.193996,135,0,0.244896889
1479811381.196724,66,1,0.002727985
1479811386.200240,42,0,5.003515959
1479811386.201024,42,1,0.000784159
1479811616.925803,172,1,230.724778891
1479811617.170737,135,0,0.244934082
1479811617.173223,66,1,0.002485991
1479811622.180244,42,0,5.007020950
1479811622.181014,42,1,0.000770092
1479811853.006958,172,1,230.825943947
1479811853.894275,172,1,0.887316942
1479811855.669395,172,1,1.775120020
1479811858.005089,42,1,2.335694075
1479811858.005132,42,0,0.000042915
1479811858.207477,103,1,0.202345133
1479811859.221112,172,1,1.013634920
1479811866.325669,172,1,7.104557037
1479811872.876630,80,1,6.550961018
1479811872.885841,418,0,0.009210825
1479811877.890244,42,0,5.004403114
1479811877.891992,42,1,0.001748085
1479811880.533150,172,1,2.641157866
1479811882.881312,80,1,2.348161936
1479811882.881690,220,0,0.000378132
1479811882.882784,74,1,0.001093864
1479811883.026547,74,0,0.143763065
1479811883.027406,66,1,0.000859022
1479811883.028364,281,1,0.000957966
1479811883.172222,66,0,0.143857956
1479811883.175302,1514,0,0.003080130
1479811883.175415,1514,0,0.000113010
1479811883.175500,743,0,0.000084877
1479811883.176904,66,1,0.001404047
1479811883.177010,66,1,0.000106096
1479811883.177075,66,1,0.000064850
1479811883.265909,200,1,0.088834047
1479811883.410390,300,0,0.144480944
1479811883.413182,66,1,0.002792120
1479811883.479242,620,1,0.066060066
1479811883.641362,167,0,0.162119865
1479811883.681097,66,1,0.039735079
1479811883.790339,284,1,0.109241962
1479811883.947925,135,0,0.157586098
1479811883.997218,66,1,0.049292803
1479811908.949220,172,1,24.952002048
1479811944.163812,113,1,35.214591980
1479811965.781354,172,1,21.617542028
1479811970.781260,42,1,4.999906063
1479811970.781302,42,0,0.000041962
1479812079.445545,172,1,108.664242983
1479812084.445455,42,1,4.999910116
1479812084.445496,42,0,0.000041008
1479812085.445446,42,1,0.999949932
1479812085.445487,42,0,0.000041008
1479812119.870474,172,1,34.424987078
1479812120.015138,135,0,0.144663811
1479812120.017710,66,1,0.002572060
1479812125.020330,42,0,5.002619982
1479812125.021120,42,1,0.000790119
1479812355.847727,172,1,230.826606989
1479812355.992377,135,0,0.144649982
1479812356.225984,172,1,0.233607054
1479812356.336299,135,0,0.110314846
1479812356.337123,66,1,0.000823975
1479812356.369446,78,0,0.032323122
1479812361.000238,42,0,4.630791903
1479812361.004194,42,1,0.003956079
1479812544.162924,113,1,183.158730030
1479812561.534834,75,1,17.371909857
1479812562.557807,545,0,1.022973061
1479812566.534282,42,1,3.976475000
1479812566.534343,42,0,0.000061035
1479812571.546479,75,1,5.012135983
1479812571.555690,139,0,0.009211063
1479812571.556781,90,1,0.001091003
1479812571.837913,90,0,0.281131983
1479812576.560243,42,0,4.722329855
1479812576.561013,42,1,0.000770092
1479812592.135319,172,1,15.574306011
1479812592.278824,66,0,0.143505096
1479812592.279977,135,0,0.001152992
1479812592.283083,66,1,0.003105879
1479812828.111885,172,1,235.828802109
1479812828.256548,135,0,0.144662857
1479812828.259045,66,1,0.002496958
1479812833.260230,42,0,5.001185179
1479812833.262074,42,1,0.001843929
1479813064.088152,172,1,230.826077938
1479813064.232886,135,0,0.144734144
1479813064.237084,66,1,0.004197836
1479813069.240229,42,0,5.003144979
1479813069.240985,42,1,0.000756025
1479813144.168837,113,1,74.927852154
1479813300.141812,172,1,155.972975016
1479813300.287641,135,0,0.145828962
1479813300.290034,66,1,0.002393007
1479813305.290240,42,0,5.000205994
1479813305.291008,42,1,0.000767946
1479813536.117040,172,1,230.826031923
1479813536.261665,135,0,0.144625187
1479813536.264101,66,1,0.002435923
1479813541.270241,42,0,5.006139994
1479813541.271006,42,1,0.000765085
1479813744.170012,113,1,202.899005890
1479813772.093416,172,1,27.923403978
1479813772.238035,135,0,0.144618988
1479813772.241112,66,1,0.003077030
1479813777.240252,42,0,4.999140024
1479813777.242680,42,1,0.002428055
1479814008.069921,172,1,230.827240944
1479814008.214594,135,0,0.144672871
1479814008.216948,66,1,0.002354145
1479814013.220232,42,0,5.003283978
1479814013.221000,42,1,0.000767946
1479814244.046308,172,1,230.825308084
1479814244.191146,135,0,0.144837856
1479814244.194138,66,1,0.002992153
1479814249.200234,42,0,5.006095886
1479814249.201049,42,1,0.000815153
1479814344.197620,113,1,94.996570826
1479814480.022811,172,1,135.825191021
1479814480.167486,135,0,0.144675016
1479814480.170010,66,1,0.002524137
1479814485.170240,42,0,5.000229836
1479814485.171020,42,1,0.000780106
1479814715.999212,172,1,230.828191996
1479814716.143913,135,0,0.144701004
1479814716.390286,172,1,0.246372938
1479814716.400699,135,0,0.010412931
1479814716.401510,66,1,0.000811100
1479814716.533785,78,0,0.132275105
1479814721.150242,42,0,4.616456985
1479814721.151026,42,1,0.000783920
1479814944.182999,113,1,223.031972885
1479814952.183669,172,1,8.000670195
1479814952.327166,66,0,0.143496990
1479814952.328321,135,0,0.001154900
1479814952.330440,66,1,0.002119064
1479814957.330239,42,0,4.999799013
1479814957.331025,42,1,0.000785828
1479815188.256174,172,1,230.925149202
1479815188.400834,135,0,0.144659996
1479815188.403313,66,1,0.002478838
1479815193.410231,42,0,5.006918192
1479815193.411027,42,1,0.000795841
1479815236.711529,590,1,43.300502062
1479815236.714191,342,0,0.002661943
1479815241.713407,42,1,4.999216080
1479815241.713468,42,0,0.000061035
1479815424.234117,172,1,182.520648956
1479815424.380065,135,0,0.145947933
1479815424.384780,66,1,0.004714966
1479815429.380233,42,0,4.995453119
1479815429.383226,42,1,0.002992868
1479815544.198083,113,1,114.814857006
1479815660.205086,172,1,116.007003069
1479815660.349712,135,0,0.144625902
1479815660.608878,135,0,0.259166002
1479815660.609730,66,1,0.000852108
1479815665.350241,42,0,4.740510941
1479815665.351025,42,1,0.000784159
1479815896.389480,172,1,231.038455009
1479815896.535152,135,0,0.145671844
1479815896.792832,135,0,0.257679939
1479815896.793682,66,1,0.000850201
1479815901.540241,42,0,4.746558905
1479815901.554450,42,1,0.014209032
1479816132.573773,172,1,231.019322872
1479816132.718432,135,0,0.144659042
1479816132.720867,66,1,0.002434969
1479816137.720233,42,0,4.999366045
1479816137.721032,42,1,0.000798941
1479816144.185544,113,1,6.464512110
1479816174.245673,75,1,30.060128927
1479816174.269011,529,0,0.023338079
1479816174.271404,90,1,0.002393007
1479816174.552318,90,0,0.280914068
1479816179.245093,42,1,4.692775011
1479816179.245154,42,0,0.000060797
1479816368.553747,172,1,189.308593035
1479816368.698383,135,0,0.144636154
1479816368.700874,66,1,0.002490997
1479816373.700232,42,0,4.999357939
1479816373.701011,42,1,0.000778913
1479816604.527346,172,1,230.826334953
1479816604.673364,135,0,0.146018028
1479816604.675802,66,1,0.002438068
1479816609.680241,42,0,5.004439116
1479816609.681004,42,1,0.000762939
1479816744.189936,113,1,134.508931875
1479816840.503588,172,1,96.313652039
1479816840.648259,135,0,0.144670963
1479816840.651581,66,1,0.003322124
1479816845.650237,42,0,4.998656034
1479816845.651018,42,1,0.000780821
1479817076.636334,172,1,230.985316038
1479817076.780988,135,0,0.144654036
1479817076.783570,66,1,0.002582073
1479817081.790234,42,0,5.006664038
1479817081.791051,42,1,0.000816822
1479817312.612627,172,1,230.821576118
1479817312.757342,135,0,0.144715071
1479817312.763249,66,1,0.005906820
1479817317.760243,42,0,4.996994019
1479817317.762138,42,1,0.001894951
1479817344.207796,113,1,26.445658207
1479817548.589278,172,1,204.381481886
1479817548.733911,135,0,0.144633055
1479817548.736615,66,1,0.002703905
1479817553.740230,42,0,5.003615141
1479817553.741019,42,1,0.000788927
1479817784.565691,172,1,230.824671984
1479817785.091657,172,1,0.525965929
1479817786.112761,172,1,1.021104097
1479817788.176776,172,1,2.064014912
1479817789.564756,42,1,1.387979984
1479817789.564799,42,0,0.000043154
1479817789.767139,103,1,0.202339888
1479817792.304787,172,1,2.537647963
1479817800.560821,172,1,8.256034136
1479817804.429599,80,1,3.868777990
1479817804.438568,418,0,0.008969069
1479817804.441207,74,1,0.002638817
1479817804.675009,74,0,0.233802080
1479817804.676875,66,1,0.001866102
1479817804.678099,281,1,0.001223803
1479817804.912359,66,0,0.234260082
1479817804.915407,1514,0,0.003047943
1479817804.915521,1514,0,0.000113964
1479817804.915603,743,0,0.000082016
1479817804.917031,66,1,0.001428127
1479817804.917203,66,1,0.000171900
1479817804.917291,66,1,0.000087976
1479817805.009513,200,1,0.092221975
1479817805.244096,300,0,0.234583139
1479817805.246361,66,1,0.002264977
1479817805.262929,620,1,0.016567945
1479817805.516845,167,0,0.253916025
1479817805.556753,66,1,0.039907932
1479817805.678403,284,1,0.121649981
1479817805.920800,135,0,0.242397070
1479817805.960751,66,1,0.039951086
1479817809.440229,42,0,3.479477882
1479817809.447163,42,1,0.006934166
1479817817.072874,172,1,7.625710964
1479817850.096950,172,1,33.024075985
1479817855.096889,42,1,4.999938965
1479817855.096930,42,0,0.000041008
1479817916.145105,172,1,61.048174858
1479817921.145010,42,1,4.999905109
1479817921.145054,42,0,0.000044107
1479817922.145016,42,1,0.999961853
1479817922.145058,42,0,0.000041962
1479817944.193534,113,1,22.048475981
1479818041.862319,172,1,97.668785095
1479818042.096778,135,0,0.234458923
1479818042.099320,66,1,0.002542019
1479818047.100240,42,0,5.000920057
1479818047.101025,42,1,0.000785112
1479818277.945313,172,1,230.844287872
1479818278.180162,135,0,0.234848976
1479818278.489928,172,1,0.309766054
1479818278.680955,135,0,0.191026926
1479818278.683405,66,1,0.002449989
1479818278.724052,78,0,0.040647030
1479818283.180240,42,0,4.456187963
1479818283.181075,42,1,0.000835180
1479818514.543328,172,1,231.362252951
1479818514.776676,66,0,0.233347893
1479818514.777844,135,0,0.001168013
1479818514.779421,66,1,0.001577139
1479818519.780246,42,0,5.000824928
1479818519.781083,42,1,0.000837088
1479818544.195871,113,1,24.414788008
1479818750.723843,172,1,206.527971983
1479818750.958464,135,0,0.234620810
1479818751.393168,135,0,0.434704065
1479818751.394025,66,1,0.000857115
1479818755.960274,42,0,4.566248894
1479818755.961072,42,1,0.000797987
1479818985.036408,172,1,229.075335979
1479818985.270931,135,0,0.234523058
1479818985.274905,66,1,0.003973961
1479818990.280242,42,0,5.005337000
1479818990.281035,42,1,0.000792980
1479819144.218954,113,1,153.937919140
1479819221.116926,172,1,76.897971869
1479819221.351659,135,0,0.234733105
1479819221.353152,66,1,0.001492977
1479819226.360228,42,0,5.007076025
1479819226.361020,42,1,0.000792027
1479819457.197407,172,1,230.836386919
1479819457.431720,135,0,0.234313011
1479819457.434759,66,1,0.003038883
1479819462.440241,42,0,5.005482197
1479819462.442030,42,1,0.001788855
1479819692.157934,172,1,229.715903997
1479819692.392512,135,0,0.234578133
1479819692.395101,66,1,0.002588987
1479819697.400241,42,0,5.005139828
1479819697.401014,42,1,0.000773191
1479819744.222301,113,1,46.821286917
1479819777.125720,75,1,32.903419018
1479819777.304754,533,0,0.179033995
1479819777.307306,90,1,0.002552032
1479819777.588487,90,0,0.281180859
1479819782.125916,42,1,4.537429094
1479819782.125974,42,0,0.000057936
1479819928.238484,172,1,146.112509966
1479819928.473415,135,0,0.234930992
1479819928.475860,66,1,0.002445221
1479819933.480242,42,0,5.004381895
1479819933.480999,42,1,0.000756979
1479820164.319169,172,1,230.838170052
1479820164.557163,135,0,0.237993956
1479820164.559702,66,1,0.002538919
1479820169.560230,42,0,5.000528097
1479820169.561337,42,1,0.001106977
1479820344.206804,113,1,174.645467043
1479820400.403497,172,1,56.196692944
1479820400.638161,135,0,0.234663963
1479820400.993874,135,0,0.355713129
1479820400.994729,66,1,0.000854969
1479820405.640241,42,0,4.645511866
1479820405.641033,42,1,0.000792027
1479820636.797228,172,1,231.156195164
1479820637.031846,135,0,0.234617949
1479820637.034209,66,1,0.002362967
1479820642.040242,42,0,5.006032944
1479820642.041003,42,1,0.000761032
1479820872.876158,172,1,230.835155010
1479820873.111897,135,0,0.235738993
1479820873.113390,66,1,0.001492977
1479820878.120245,42,0,5.006855011
1479820878.121354,42,1,0.001109123
1479820944.221542,113,1,66.100187778
1479821108.956544,172,1,164.735002041
1479821109.195292,135,0,0.238748074
1479821109.196783,66,1,0.001491070
1479821114.200230,42,0,5.003446817
1479821114.201033,42,1,0.000803232
1479821345.036870,172,1,230.835836887
1479821345.275417,135,0,0.238547087
1479821345.278011,66,1,0.002593994
1479821350.280239,42,0,5.002228022
1479821350.281011,42,1,0.000771999
1479821544.218707,113,1,193.937695980
1479821581.265299,172,1,37.046591997
1479821581.500684,135,0,0.235384941
1479821581.503162,66,1,0.002477884
1479821586.510237,42,0,5.007075071
1479821586.514744,42,1,0.004507065
1479821817.345839,172,1,230.831094980
1479821817.580184,135,0,0.234344959
1479821817.925604,135,0,0.345420122
1479821817.926433,66,1,0.000828981
1479821822.580241,42,0,4.653807878
1479821822.583578,42,1,0.003337145
1479822053.737940,172,1,231.154361963
1479822053.973397,135,0,0.235456944
1479822054.000445,66,1,0.027047873
1479822058.980239,42,0,4.979794025
1479822058.981012,42,1,0.000773191
1479822144.218008,113,1,85.236995935
1479822289.818376,172,1,145.600368023
1479822290.053187,135,0,0.234810829
1479822290.056413,66,1,0.003226042
1479822295.060232,42,0,5.003818989
1479822295.063771,42,1,0.003539085
1479822525.898726,172,1,230.834954977
1479822526.133077,135,0,0.234350920
1479822526.135550,66,1,0.002473116
1479822531.140228,42,0,5.004678011
1479822531.141053,42,1,0.000824928
1479822744.238041,113,1,213.096987963
1479822761.979114,172,1,17.741073132
1479822762.215983,135,0,0.236868858
1479822762.218515,66,1,0.002532005
1479822767.220247,42,0,5.001732111
1479822767.221030,42,1,0.000782967
1479822998.059653,172,1,230.838623047
1479822998.294011,135,0,0.234358072
1479822998.296480,66,1,0.002468824
1479823003.300239,42,0,5.003759146
1479823003.304301,42,1,0.004061937
1479823234.139889,172,1,230.835587978
1479823234.375538,135,0,0.235649109
1479823234.378140,66,1,0.002601862
1479823239.380239,42,0,5.002099037
1479823239.381003,42,1,0.000763893
1479823344.235972,113,1,104.854969025
1479823379.995701,75,1,35.759729147
1479823380.288495,533,0,0.292793989
1479823380.291321,90,1,0.002825975
1479823380.569020,90,0,0.277698994
1479823384.995173,42,1,4.426152945
1479823384.995232,42,0,0.000059128
1479823470.408313,172,1,85.413080931
1479823470.650329,135,0,0.242016077
1479823471.001649,135,0,0.351319790
1479823471.003910,66,1,0.002261162
1479823475.660240,42,0,4.656329870
1479823475.661001,42,1,0.000761032
1479823706.800740,172,1,231.139739037
1479823707.035209,135,0,0.234468937
1479823707.385669,135,0,0.350460052
1479823707.390189,66,1,0.004519939
1479823712.040229,42,0,4.650040150
1479823712.040982,42,1,0.000752926
1479823941.009108,172,1,228.968126059
1479823942.036190,172,1,1.027081966
1479823944.092187,172,1,2.055996895
1479823944.239483,113,1,0.147296190
1479823946.008156,42,1,1.768672943
1479823946.008190,42,0,0.000033855
1479823946.210596,103,1,0.202406168
1479823948.204205,172,1,1.993608952
1479823956.428712,172,1,8.224506855
1479823958.689019,80,1,2.260307074
1479823958.697985,418,0,0.008965969
1479823963.700258,42,0,5.002273083
1479823963.705535,42,1,0.005276918
1479823968.700380,80,1,4.994845152
1479823968.700764,220,0,0.000383854
1479823968.701854,74,1,0.001090050
1479823968.845959,74,0,0.144104958
1479823968.846786,66,1,0.000827074
1479823968.847748,281,1,0.000962019
1479823968.991538,66,0,0.143790007
1479823968.994619,1514,0,0.003080845
1479823968.994735,1514,0,0.000116110
1479823968.994818,743,0,0.000082970
1479823968.996397,66,1,0.001579046
1479823968.996499,66,1,0.000102043
1479823968.996565,66,1,0.000066042
1479823969.084950,200,1,0.088384867
1479823969.229439,300,0,0.144489050
1479823969.232784,66,1,0.003345013
1479823969.298324,620,1,0.065540075
1479823969.460744,167,0,0.162419796
1479823969.504006,66,1,0.043262005
1479823969.609420,284,1,0.105414152
1479823969.761480,135,0,0.152060032
1479823969.816284,66,1,0.054803848
1479823972.876280,172,1,3.059996128
1479824005.772324,172,1,32.896044016
1479824010.772270,42,1,4.999945879
1479824010.772311,42,0,0.000041008
1479824071.564432,172,1,60.792120934
1479824076.564397,42,1,4.999965191
1479824076.564438,42,0,0.000041008
1479824205.691439,172,1,129.127000809
1479824205.836062,135,0,0.144623041
1479824205.856148,66,1,0.020086050
1479824210.840244,42,0,4.984096050
1479824210.841006,42,1,0.000761986
1479824441.666028,172,1,230.825021982
1479824441.810732,135,0,0.144703865
1479824441.812204,66,1,0.001471996
1479824446.820245,42,0,5.008041143
1479824446.821015,42,1,0.000769854
1479824544.248222,113,1,97.427207232
1479824677.642503,172,1,133.394280910
1479824677.787145,135,0,0.144641876
1479824677.789766,66,1,0.002621174
1479824682.790244,42,0,5.000478029
1479824682.791006,42,1,0.000761986
1479824913.619023,172,1,230.828016996
1479824913.763642,135,0,0.144618988
1479824913.986055,172,1,0.222412825
1479824914.071331,135,0,0.085276127
1479824914.075408,66,1,0.004076958
1479824914.129520,78,0,0.054111958
1479824918.770232,42,0,4.640712023
1479824918.770999,42,1,0.000766993
1479825144.269205,113,1,225.498206139
1479825150.083175,172,1,5.813969851
1479825150.226639,66,0,0.143464088
1479825150.227811,135,0,0.001172066
1479825150.230582,66,1,0.002770901
1479825155.230236,42,0,4.999654055
1479825155.231024,42,1,0.000787973
1479825385.952250,172,1,230.721225977
1479825386.097188,135,0,0.144937992
1479825386.379327,135,0,0.282139063
1479825386.384085,66,1,0.004757881
1479825391.100241,42,0,4.716156006
1479825391.101017,42,1,0.000776052
1479825622.240485,172,1,231.139467955
1479825622.385148,135,0,0.144663095
1479825622.391235,66,1,0.006087065
1479825627.390229,42,0,4.998993874
1479825627.391003,42,1,0.000773907
1479825744.249815,113,1,116.858812094
1479825858.218110,172,1,113.968295097
1479825858.362708,135,0,0.144598007
1479825858.364182,66,1,0.001473904
1479825863.370243,42,0,5.006061077
1479825863.371021,42,1,0.000777960
1479826094.193478,172,1,230.822457075
1479826094.338109,135,0,0.144630909
1479826094.340546,66,1,0.002436876
1479826099.340237,42,0,4.999691010
1479826099.340994,42,1,0.000756979
1479826330.172927,172,1,230.831933022
1479826330.317531,135,0,0.144604206
1479826330.320012,66,1,0.002480984
1479826335.320241,42,0,5.000228882
1479826335.321060,42,1,0.000818968
1479826344.255869,113,1,8.934808969
1479826566.147085,172,1,221.891216040
1479826566.291705,135,0,0.144619942
1479826566.294140,66,1,0.002435207
1479826571.300241,42,0,5.006100893
1479826571.300997,42,1,0.000756025
1479826802.122959,172,1,230.821961880
1479826802.268863,135,0,0.145904064
1479826802.271548,66,1,0.002685070
1479826807.270248,42,0,4.998699903
1479826807.271500,42,1,0.001252174
1479826944.254501,113,1,136.983000994
1479826982.974888,75,1,38.720386982
1479826982.996151,517,0,0.021262884
1479826983.003316,90,1,0.007164955
1479826983.320629,90,0,0.317312956
1479826987.974383,42,1,4.653754234
1479826987.974445,42,0,0.000061989
1479827038.159434,172,1,50.184988976
1479827038.304081,135,0,0.144646883
1479827038.306531,66,1,0.002449989
1479827043.310239,42,0,5.003708124
1479827043.315515,42,1,0.005275965
1479827273.511954,172,1,230.196439028
1479827273.656581,135,0,0.144626856
1479827273.915651,135,0,0.259070158
1479827273.922419,66,1,0.006767988
1479827278.660243,42,0,4.737823963
1479827278.684443,42,1,0.024199963
1479827508.968419,172,1,230.283976078
1479827509.113065,135,0,0.144645929
1479827509.115689,66,1,0.002624035
1479827514.120246,42,0,5.004556894
1479827514.121017,42,1,0.000771046
1479827544.261672,113,1,30.140655041
1479827744.113497,172,1,199.851824999
1479827744.258348,135,0,0.144850969
1479827744.260764,66,1,0.002415895
1479827749.260241,42,0,4.999477148
1479827749.261015,42,1,0.000773907
1479827979.153405,172,1,229.892390013
1479827979.298079,135,0,0.144674063
1479827979.300580,66,1,0.002501011
1479827984.300245,42,0,4.999665022
1479827984.301006,42,1,0.000761032
1479828144.274267,113,1,159.973260880
1479828214.401907,172,1,70.127640009
1479828214.936960,172,1,0.535053015
1479828216.008948,172,1,1.071988106
1479828218.152963,172,1,2.144014835
1479828219.400944,42,1,1.247981071
1479828219.400986,42,0,0.000041962
1479828219.603390,103,1,0.202404022
1479828222.440978,172,1,2.837588072
1479828231.017057,172,1,8.576078892
1479828231.145782,80,1,0.128725052
1479828231.155458,418,0,0.009675980
1479828236.160232,42,0,5.004774094
1479828236.161063,42,1,0.000830889
1479828241.157962,80,1,4.996899128
1479828241.158338,220,0,0.000375986
1479828241.159421,74,1,0.001082897
1479828241.303165,74,0,0.143743992
1479828241.303996,66,1,0.000831127
1479828241.304994,281,1,0.000998020
1479828241.448792,66,0,0.143797874
1479828241.451918,1514,0,0.003125906
1479828241.452037,1514,0,0.000119209
1479828241.452122,743,0,0.000084877
1479828241.453428,66,1,0.001306057
1479828241.453530,66,1,0.000102043
1479828241.453593,66,1,0.000062943
1479828241.542128,200,1,0.088535070
1479828241.686643,300,0,0.144514799
1479828241.688982,66,1,0.002339125
1479828241.755118,620,1,0.066135883
1479828241.925510,167,0,0.170392036
1479828241.961069,66,1,0.035559177
1479828242.066211,284,1,0.105141878
1479828242.218711,135,0,0.152499914
1479828242.260960,66,1,0.042249203
1479828248.169086,172,1,5.908125877
1479828282.473142,172,1,34.304055929
1479828287.473081,42,1,4.999939203
1479828287.473121,42,0,0.000039816
1479828351.081324,172,1,63.608203173
1479828356.081234,42,1,4.999909878
1479828356.081274,42,0,0.000040054
1479828478.148060,172,1,122.066786051
1479828478.292681,135,0,0.144620895
1479828478.295097,66,1,0.002416134
1479828483.300240,42,0,5.005142927
1479828483.301006,42,1,0.000766039
1479828714.122949,172,1,230.821942806
1479828714.267569,135,0,0.144620180
1479828714.270167,66,1,0.002598047
1479828719.270238,42,0,5.000070810
1479828719.270998,42,1,0.000760078
1479828744.266261,113,1,24.995263100
1479828950.215466,172,1,205.949204922
1479828950.360064,135,0,0.144598007
1479828950.362528,66,1,0.002464056
1479828955.360233,42,0,4.997704983
1479828955.361013,42,1,0.000779867
1479829186.191908,172,1,230.830894947
1479829186.336502,135,0,0.144594193
1479829186.338096,66,1,0.001593828
1479829191.340235,42,0,5.002139091
1479829191.340998,42,1,0.000762939
1479829344.274303,113,1,152.933305025
1479829421.960594,172,1,77.686290979
1479829422.105150,135,0,0.144556046
1479829422.319421,172,1,0.214271069
1479829422.392092,135,0,0.072670937
1479829422.394165,66,1,0.002073050
1479829422.462896,78,0,0.068731070
1479829427.110237,42,0,4.647340775
1479829427.111022,42,1,0.000785112
1479829657.728885,172,1,230.617862940
1479829657.872372,66,0,0.143486977
1479829657.873490,135,0,0.001118183
1479829657.874984,66,1,0.001493931
1479829662.880230,42,0,5.005245924
1479829662.885036,42,1,0.004806042
1479829893.185327,172,1,230.300291061
1479829893.329972,135,0,0.144644976
1479829893.600276,135,0,0.270303965
1479829893.601133,66,1,0.000857115
1479829898.330232,42,0,4.729098797
1479829898.331057,42,1,0.000825167
1479829944.271430,113,1,45.940372944
1479830128.641795,172,1,184.370364904
1479830128.786409,135,0,0.144613981
1479830128.788845,66,1,0.002436161
1479830133.790226,42,0,5.001380920
1479830133.791005,42,1,0.000778913
1479830363.890314,172,1,230.099309206
1479830364.034869,135,0,0.144554853
1479830364.037493,66,1,0.002624035
1479830369.040247,42,0,5.002753973
1479830369.041034,42,1,0.000787020
1479830544.276425,113,1,175.235390902
1479830585.726291,75,1,41.449866056
1479830585.748134,517,0,0.021842957
1479830585.750721,90,1,0.002587080
1479830586.032602,90,0,0.281881094
1479830590.725748,42,1,4.693145990
1479830590.725807,42,0,0.000058889
1479830599.034762,172,1,8.308954954
1479830599.179317,135,0,0.144555092
1479830599.436479,135,0,0.257162094
1479830599.437326,66,1,0.000846863
1479830604.180243,42,0,4.742917061
1479830604.181023,42,1,0.000779867
1479830835.207213,172,1,231.026190042
1479830835.351823,135,0,0.144610167
1479830835.353311,66,1,0.001487970
1479830840.360230,42,0,5.006918907
1479830840.367625,42,1,0.007395029
1479831071.079698,172,1,230.712073088
1479831071.225452,135,0,0.145753860
1479831071.228064,66,1,0.002612114
1479831076.230236,42,0,5.002171993
1479831076.230998,42,1,0.000761986
1479831144.284511,113,1,68.053513050
1479831307.056198,172,1,162.771686792
1479831307.200778,135,0,0.144580126
1479831307.460671,135,0,0.259892941
1479831307.461526,66,1,0.000854969
1479831312.210236,42,0,4.748710155
1479831312.211015,42,1,0.000778913
1479831543.253534,172,1,231.042519093
1479831543.398197,135,0,0.144662857
1479831543.656756,135,0,0.258558989
1479831543.657609,66,1,0.000853062
1479831548.400241,42,0,4.742631912
1479831548.401011,42,1,0.000770092
1479831744.287107,113,1,195.886096001
1479831779.529212,172,1,35.242105007
1479831779.673769,135,0,0.144556999
1479831779.676119,66,1,0.002350092
1479831784.680239,42,0,5.004119873
1479831784.683866,42,1,0.003627062
1479832015.505675,172,1,230.821809053
1479832015.650289,135,0,0.144613981
1479832015.652673,66,1,0.002383947
1479832020.660240,42,0,5.007566929
1479832020.660998,42,1,0.000758171
1479832251.482130,172,1,230.821131945
1479832251.626756,135,0,0.144625902
1479832251.629225,66,1,0.002469063
1479832256.630229,42,0,5.001003981
1479832256.634285,42,1,0.004055977
1479832344.294638,113,1,87.660352945
1479832487.458685,172,1,143.164047003
1479832487.603306,135,0,0.144621134
1479832487.605828,66,1,0.002521992
1479832492.610244,42,0,5.004415989
1479832492.611035,42,1,0.000791073
1479832723.543133,172,1,230.932097912
1479832723.687710,135,0,0.144577026
1479832723.945077,135,0,0.257366896
1479832723.945923,66,1,0.000846148
1479832728.690233,42,0,4.744309902
1479832728.690996,42,1,0.000762939
1479832944.314182,113,1,215.623186111
1479832959.521168,172,1,15.206985950
1479832959.665995,135,0,0.144826889
1479832959.668376,66,1,0.002381086
1479832964.670306,42,0,5.001929998
1479832964.671450,42,1,0.001143932
1479833194.872105,172,1,230.200654984
1479833195.016708,135,0,0.144603014
1479833195.019169,66,1,0.002461195
1479833200.020245,42,0,5.001075983
1479833200.021007,42,1,0.000761986
1479833430.224538,172,1,230.203531027
1479833430.369163,135,0,0.144624949
1479833430.629147,135,0,0.259984016
1479833430.629981,66,1,0.000833988
1479833435.370238,42,0,4.740257025
1479833435.371003,42,1,0.000764847
1479833544.296221,113,1,108.925218105
1479833665.577026,172,1,121.280804873
1479833665.721628,135,0,0.144602060
1479833665.977251,135,0,0.255623102
1479833666.012891,66,1,0.035640001
1479833670.730235,42,0,4.717344046
1479833670.731020,42,1,0.000784874
1479833901.137458,172,1,230.406438112
1479833901.282064,135,0,0.144605875
1479833901.286178,66,1,0.004114151
1479833906.290233,42,0,5.004054785
1479833906.291017,42,1,0.000784159
1479834136.593923,172,1,230.302906036
1479834136.739901,135,0,0.145977974
1479834136.997342,135,0,0.257441044
1479834136.998194,66,1,0.000851870
1479834141.740242,42,0,4.742048025
1479834141.741033,42,1,0.000791073
1479834144.301049,113,1,2.560015917
1479834188.441573,75,1,44.140523911
1479834188.738223,529,0,0.296650171
1479834193.443972,42,1,4.705749035
1479834193.444025,42,0,0.000052929
1479834198.453244,75,1,5.009218931
1479834198.453595,139,0,0.000350952
1479834198.454679,90,1,0.001084089
1479834198.742529,90,0,0.287849903
1479834203.460241,42,0,4.717712164
1479834203.461040,42,1,0.000798941
1479834372.050417,172,1,168.589376926
1479834372.874989,172,1,0.824572086
1479834374.521445,172,1,1.646456003
1479834377.049434,42,1,2.527988911
1479834377.049474,42,0,0.000040054
1479834377.251832,103,1,0.202358007
1479834377.817458,172,1,0.565625906
1479834378.049391,42,1,0.231933117
1479834378.049434,42,0,0.000042915
1479834384.409469,172,1,6.360034943
1479834396.074464,80,1,11.664995193
1479834396.083889,418,0,0.009424925
1479834397.593504,172,1,1.509614944
1479834401.090252,42,0,3.496747971
1479834401.091013,42,1,0.000761032
1479834406.085669,80,1,4.994656086
1479834406.094804,418,0,0.009135008
1479834406.096228,74,1,0.001423836
1479834406.240714,74,0,0.144486189
1479834406.241558,66,1,0.000844002
1479834406.242520,281,1,0.000962019
1479834406.387033,66,0,0.144512892
1479834406.390116,1514,0,0.003082991
1479834406.390259,1514,0,0.000143051
1479834406.390353,743,0,0.000093937
1479834406.391531,66,1,0.001178026
1479834406.391635,66,1,0.000103951
1479834406.391699,66,1,0.000064135
1479834406.480011,200,1,0.088311911
1479834406.625188,300,0,0.145177126
1479834406.627454,66,1,0.002265930
1479834406.683600,620,1,0.056145906
1479834406.845432,167,0,0.161832094
1479834406.888880,66,1,0.043447971
1479834406.994705,284,1,0.105824947
1479834407.146166,135,0,0.151461124
1479834407.208740,66,1,0.062573910
1479834423.961574,172,1,16.752834082
1479834476.697687,172,1,52.736112833
1479834481.697628,42,1,4.999941111
1479834481.697670,42,0,0.000041962
1479834582.169888,172,1,100.472218037
1479834587.169832,42,1,4.999943972
1479834587.169870,42,0,0.000037909
1479834642.770916,172,1,55.601046085
1479834642.915448,135,0,0.144531965
1479834643.161989,172,1,0.246541023
1479834643.277180,135,0,0.115190983
1479834643.278014,66,1,0.000833988
1479834643.306176,78,0,0.028162003
1479834647.920244,42,0,4.614068031
1479834647.923756,42,1,0.003511906
1479834744.328112,113,1,96.404356003
1479834878.435388,172,1,134.107276201
1479834878.579604,66,0,0.144215822
1479834878.580009,135,0,0.000405073
1479834878.587861,66,1,0.007852077
1479834883.580231,42,0,4.992369890
1479834883.581009,42,1,0.000777960
1479835114.099899,172,1,230.518890142
1479835114.244484,135,0,0.144584894
1479835114.247039,66,1,0.002555132
1479835119.250227,42,0,5.003187895
1479835119.252018,42,1,0.001791000
1479835344.309785,113,1,225.057766914
1479835349.244351,172,1,4.934566021
1479835349.388957,135,0,0.144606113
1479835349.391338,66,1,0.002381086
1479835354.390243,42,0,4.998904943
1479835354.391529,42,1,0.001286030
1479835584.284840,172,1,229.893311024
1479835584.429403,135,0,0.144562960
1479835584.430862,66,1,0.001458883
1479835589.430228,42,0,4.999366045
1479835589.431001,42,1,0.000772953
1479835819.429885,172,1,229.998883963
1479835819.574553,135,0,0.144668102
1479835819.576995,66,1,0.002441883
1479835824.580234,42,0,5.003239155
1479835824.580995,42,1,0.000761032
1479835944.312209,113,1,119.731213808
1479836055.199288,172,1,110.887079000
1479836055.343813,135,0,0.144525051
1479836055.346189,66,1,0.002376080
1479836060.350251,42,0,5.004061937
1479836060.351032,42,1,0.000781059
1479836290.446237,172,1,230.095205069
1479836290.590739,135,0,0.144501925
1479836290.593816,66,1,0.003077030
1479836295.600229,42,0,5.006412983
1479836295.605425,42,1,0.005195856
1479836526.603850,172,1,230.998425007
1479836526.748520,135,0,0.144670010
1479836527.013171,135,0,0.264651060
1479836527.014286,66,1,0.001115084
1479836531.750244,42,0,4.735957861
1479836531.751013,42,1,0.000769138
1479836544.318635,113,1,12.567621946
1479836762.787306,172,1,218.468671083
1479836762.932112,135,0,0.144805908
1479836762.934465,66,1,0.002352953
1479836767.940236,42,0,5.005771160
1479836767.941014,42,1,0.000777960
1479836836.286627,590,1,68.345613003
1479836836.289078,342,0,0.002450943
1479836841.286386,42,1,4.997308016
1479836841.286448,42,0,0.000061989
1479836998.659678,172,1,157.373229980
1479836998.804207,135,0,0.144529104
1479836998.806675,66,1,0.002467871
1479837003.810238,42,0,5.003562927
1479837003.811024,42,1,0.000786066
1479837144.316086,113,1,140.505062103
1479837234.636749,172,1,90.320662975
1479837234.781446,135,0,0.144696951
1479837235.041196,135,0,0.259750128
1479837235.042469,66,1,0.001272917
1479837239.790239,42,0,4.747770071
1479837239.791043,42,1,0.000803947
1479837470.820556,172,1,231.029512882
1479837470.965049,135,0,0.144493103
1479837470.967488,66,1,0.002439022
1479837475.970247,42,0,5.002758980
1479837475.971009,42,1,0.000761986
1479837706.797885,172,1,230.826875925
1479837706.942466,135,0,0.144581079
1479837706.944809,66,1,0.002342939
1479837711.950239,42,0,5.005429983
1479837711.951001,42,1,0.000761986
1479837744.322389,113,1,32.371387959
1479837801.148850,75,1,56.826461077
1479837801.170866,541,0,0.022016048
1479837801.173257,90,1,0.002391100
1479837801.440624,90,0,0.267366886
1479837806.148269,42,1,4.707644939
1479837806.148329,42,0,0.000060081
1479837942.773576,172,1,136.625247002
1479837942.918086,135,0,0.144510031
1479837942.920465,66,1,0.002378941
1479837947.920256,42,0,4.999790907
1479837947.921016,42,1,0.000760078
1479838178.929964,172,1,231.008948088
1479838179.075710,135,0,0.145745993
1479838179.333152,135,0,0.257441998
1479838179.333986,66,1,0.000833988
1479838184.080232,42,0,4.746245861
1479838184.081007,42,1,0.000775099
1479838344.331022,113,1,160.250015020
1479838415.114430,172,1,70.783407927
1479838415.258956,135,0,0.144526005
1479838415.517126,135,0,0.258170128
1479838415.518008,66,1,0.000881910
1479838420.260238,42,0,4.742229939
1479838420.261813,42,1,0.001574993
1479838651.298924,172,1,231.037111044
1479838651.443613,135,0,0.144689083
1479838651.444475,66,1,0.000861883
1479838656.450233,42,0,5.005758047
1479838656.451965,42,1,0.001732111
1479838887.279973,172,1,230.828007936
1479838887.424343,135,0,0.144370079
1479838887.426919,66,1,0.002575874
1479838892.430247,42,0,5.003328085
1479838892.431008,42,1,0.000761032
1479838944.331956,113,1,51.900947809
1479839123.251849,172,1,178.919893026
1479839123.396177,135,0,0.144328117
1479839123.398765,66,1,0.002588034
1479839128.400226,42,0,5.001461029
1479839128.402428,42,1,0.002201796
1479839359.228698,172,1,230.826270103
1479839359.374283,135,0,0.145585060
1479839359.378432,66,1,0.004148960
1479839364.380248,42,0,5.001816034
1479839364.381012,42,1,0.000763893
1479839544.329109,113,1,179.948096991
1479839595.205880,172,1,50.876770973
1479839595.350480,135,0,0.144600153
1479839595.609149,135,0,0.258668900
1479839595.610002,66,1,0.000853062
1479839600.360242,42,0,4.750239849
1479839600.361031,42,1,0.000789165
1479839831.389236,172,1,231.028204918
1479839831.533648,135,0,0.144412041
1479839831.536090,66,1,0.002441883
1479839836.540228,42,0,5.004137993
1479839836.544397,42,1,0.004169226
1479840067.428571,172,1,230.884173870
1479840067.572913,135,0,0.144341946
1479840067.828930,135,0,0.256016970
1479840067.831358,66,1,0.002428055
1479840072.580232,42,0,4.748873949
1479840072.581659,42,1,0.001427174
1479840144.357349,113,1,71.775689840
1479840303.602147,172,1,159.244798183
1479840303.746676,135,0,0.144528866
1479840303.749583,66,1,0.002907038
1479840308.750246,42,0,5.000663042
1479840308.751029,42,1,0.000782967
1479840539.578642,172,1,230.827612877
1479840540.329663,172,1,0.751021147
1479840541.833721,172,1,1.504057884
1479840544.579094,42,1,2.745373011
1479840544.579138,42,0,0.000044107
1479840544.780034,103,1,0.200896025
1479840544.841647,172,1,0.061612844
1479840550.857675,172,1,6.016028166
1479840556.322504,80,1,5.464828968
1479840556.331941,418,0,0.009436846
1479840561.340230,42,0,5.008289099
1479840561.341006,42,1,0.000776052
1479840562.891519,172,1,1.550513029
1479840566.333848,80,1,3.442328930
1479840566.337543,418,0,0.003695011
1479840566.338671,74,1,0.001127958
1479840566.581807,74,0,0.243135929
1479840566.582713,66,1,0.000905991
1479840566.583674,281,1,0.000961065
1479840566.826903,66,0,0.243229151
1479840566.830064,1514,0,0.003160954
1479840566.830176,1514,0,0.000112057
1479840566.830295,743,0,0.000118971
1479840566.836738,66,1,0.006443024
1479840566.836842,66,1,0.000103951
1479840566.836917,66,1,0.000074863
1479840566.925039,200,1,0.088122129
1479840567.172864,300,0,0.247824907
1479840567.175186,66,1,0.002321959
1479840567.248377,620,1,0.073191166
1479840567.505569,167,0,0.257191896
1479840567.545662,66,1,0.040092945
1479840567.658879,284,1,0.113217115
1479840567.910889,135,0,0.252009869
1479840567.969750,66,1,0.058861017
1479840586.955334,172,1,18.985584021
1479840635.081871,172,1,48.126537085
1479840640.081823,42,1,4.999952078
1479840640.081864,42,0,0.000041008
1479840731.338066,172,1,91.256201982
1479840736.338013,42,1,4.999946833
1479840736.338056,42,0,0.000043154
1479840744.344060,113,1,8.006003857
1479840803.843117,172,1,59.499057055
1479840804.086360,135,0,0.243242979
1479840804.088775,66,1,0.002414942
1479840809.090230,42,0,5.001455069
1479840809.091027,42,1,0.000797033
1479841039.924022,172,1,230.832994938
1479841040.172166,135,0,0.248144150
1479841040.174709,66,1,0.002542973
1479841045.180228,42,0,5.005518913
1479841045.180992,42,1,0.000763893
1479841276.004045,172,1,230.823053122
1479841276.247283,135,0,0.243237972
1479841276.534935,172,1,0.287652016
1479841276.745666,135,0,0.210731030
1479841276.746515,66,1,0.000849009
1479841276.777776,78,0,0.031260967
1479841281.250237,42,0,4.472460985
1479841281.251025,42,1,0.000787973
1479841344.352386,113,1,63.101361036
1479841403.847961,75,1,59.495574951
1479841403.870475,541,0,0.022514105
1479841403.877868,90,1,0.007392883
1479841404.153187,90,0,0.275319099
1479841408.847333,42,1,4.694145918
1479841408.847389,42,0,0.000056028
1479841512.622422,172,1,103.775032997
1479841512.870111,66,0,0.247689009
1479841512.870442,135,0,0.000330925
1479841512.872940,66,1,0.002498150
1479841517.870235,42,0,4.997294903
1479841517.871012,42,1,0.000777006
1479841748.680975,172,1,230.809962988
1479841748.924137,135,0,0.243162155
1479841748.926539,66,1,0.002401829
1479841753.930234,42,0,5.003695011
1479841753.931014,42,1,0.000780106
1479841944.359594,113,1,190.428580046
1479841984.833397,172,1,40.473802805
1479841985.076862,135,0,0.243465185
1479841985.079335,66,1,0.002472878
1479841990.080242,42,0,5.000906944
1479841990.081022,42,1,0.000780106
1479842220.185845,172,1,230.104822874
1479842220.429260,135,0,0.243415117
1479842220.431854,66,1,0.002593994
1479842225.430239,42,0,4.998384953
1479842225.431031,42,1,0.000792027
1479842455.538231,172,1,230.107199907
1479842455.786465,135,0,0.248234034
1479842456.173575,135,0,0.387109995
1479842456.177309,66,1,0.003734112
1479842460.790242,42,0,4.612932920
1479842460.791008,42,1,0.000766039
1479842544.353238,113,1,83.562230110
1479842691.410645,172,1,147.057406902
1479842691.658685,135,0,0.248039961
1479842691.661818,66,1,0.003133059
1479842696.660233,42,0,4.998414993
1479842696.661015,42,1,0.000782013
1479842926.867108,172,1,230.206093073
1479842927.115153,135,0,0.248044968
1479842927.485523,135,0,0.370369911
1479842927.487884,66,1,0.002361059
1479842932.120233,42,0,4.632349014
1479842932.122515,42,1,0.002281904
1479843144.355232,113,1,212.232717037
1479843163.051636,172,1,18.696403980
1479843163.294892,135,0,0.243256092
1479843163.661497,135,0,0.366605043
1479843163.662385,66,1,0.000887871
1479843168.300232,42,0,4.637846947
1479843168.301019,42,1,0.000787020
1479843398.715909,172,1,230.414890051
1479843398.960406,135,0,0.244497061
1479843398.963002,66,1,0.002595901
1479843403.970230,42,0,5.007228136
1479843403.972338,42,1,0.002107859
1479843634.072400,172,1,230.100062132
1479843634.315634,135,0,0.243233919
1479843634.318227,66,1,0.002593040
1479843639.320247,42,0,5.002019882
1479843639.321009,42,1,0.000761986
1479843744.361618,113,1,105.040609121
1479843869.920790,172,1,125.559171915
1479843870.164040,135,0,0.243250132
1479843870.165504,66,1,0.001463890
1479843875.170231,42,0,5.004727125
1479843875.171024,42,1,0.000792980
1479844106.003055,172,1,230.832031012
1479844106.247517,135,0,0.244462013
1479844106.605377,135,0,0.357859850
1479844106.606752,66,1,0.001374960
1479844111.250233,42,0,4.643481016
1479844111.251035,42,1,0.000802040
1479844342.394148,172,1,231.143113136
1479844342.637518,135,0,0.243369818
1479844342.997314,135,0,0.359796047
1479844343.000071,66,1,0.002757072
1479844344.359115,113,1,1.359043837
1479844347.640297,42,0,3.281182051
1479844347.641085,42,1,0.000787973
1479844578.791358,172,1,231.150273085
1479844579.039512,135,0,0.248153925
1479844579.397310,135,0,0.357798100
1479844579.398165,66,1,0.000854969
1479844584.040231,42,0,4.642066002
1479844584.041020,42,1,0.000788927
1479844812.994722,172,1,228.953701973
1479844813.242722,135,0,0.248000145
1479844813.245238,66,1,0.002516031
1479844818.250239,42,0,5.005000830
1479844818.250993,42,1,0.000754118
1479844944.378860,113,1,126.127866983
1479845006.558459,75,1,62.179599047
1479845006.730894,533,0,0.172435045
1479845011.557904,42,1,4.827009916
1479845011.557960,42,0,0.000056028
1479845016.570140,75,1,5.012179852
1479845016.570511,139,0,0.000371218
1479845016.571612,90,1,0.001100779
1479845021.578033,90,1,5.006421089
1479845021.580239,42,0,0.002206087
1479845021.580973,42,1,0.000733852
1479845021.892296,90,0,0.311323166
1479845049.074974,172,1,27.182677984
1479845049.318516,135,0,0.243541956
1479845049.323101,66,1,0.004585028
1479845285.155454,172,1,235.832352877
1479845285.398522,135,0,0.243067980
1479845285.403003,66,1,0.004481077
1479845290.400229,42,0,4.997226000
1479845290.400997,42,1,0.000767946
1479845521.235868,172,1,230.834871054
1479845521.479052,135,0,0.243184090
1479845521.481448,66,1,0.002395868
1479845526.480232,42,0,4.998784065
1479845526.487804,42,1,0.007571936
1479845544.369501,113,1,17.881697178
1479845757.152325,172,1,212.782823801
1479845757.400172,135,0,0.247847080
1479845757.756921,135,0,0.356749058
1479845757.757776,66,1,0.000854969
1479845762.400239,42,0,4.642462969
1479845762.401373,42,1,0.001133919
1479845992.713927,172,1,230.312554121
1479845992.956916,135,0,0.242989063
1479845993.316854,135,0,0.359937906
1479845993.317980,66,1,0.001126051
1479845997.960231,42,0,4.642251015
1479845997.960993,42,1,0.000761986
1479846144.371383,113,1,146.410389900
1479846228.380999,172,1,84.009616137
1479846228.624091,135,0,0.243091822
1479846228.628212,66,1,0.004121065
1479846233.630242,42,0,5.002030134
1479846233.631023,42,1,0.000780821
1479846463.833699,172,1,230.202676058
1479846464.076803,135,0,0.243103981
1479846464.078304,66,1,0.001501083
1479846469.080228,42,0,5.001924038
1479846469.080989,42,1,0.000760794
1479846699.290154,172,1,230.209165096
1479846700.421161,172,1,1.131006956
1479846702.685161,172,1,2.264000177
1479846704.289140,42,1,1.603978872
1479846704.289180,42,0,0.000040054
1479846704.493799,103,1,0.204618931
1479846707.213163,172,1,2.719363928
1479846716.269212,172,1,9.056049109
1479846718.113979,80,1,1.844767094
1479846718.123264,418,0,0.009284973
1479846718.125672,74,1,0.002408028
1479846718.369641,74,0,0.243968964
1479846718.370479,66,1,0.000838041
1479846718.371431,281,1,0.000952005
1479846718.615435,66,0,0.244003773
1479846718.618502,1514,0,0.003067017
1479846718.618630,1514,0,0.000128031
1479846718.618720,743,0,0.000090122
1479846718.620602,66,1,0.001881838
1479846718.620789,66,1,0.000187159
1479846718.620878,66,1,0.000088930
1479846718.709897,200,1,0.089019060
1479846718.954776,300,0,0.244879007
1479846718.957123,66,1,0.002346992
1479846719.052386,620,1,0.095263004
1479846719.317493,167,0,0.265106916
1479846719.357145,66,1,0.039652109
1479846719.466380,284,1,0.109234810
1479846719.716658,135,0,0.250278234
1479846719.777243,66,1,0.060584784
1479846723.130239,42,0,3.352996111
1479846723.130987,42,1,0.000747919
1479846734.381333,172,1,11.250346184
1479846744.385670,113,1,10.004336834
1479846770.605383,172,1,26.219712973
1479846775.605264,42,1,4.999881029
1479846775.605306,42,0,0.000041962
1479846843.053473,172,1,67.448167086
1479846848.053499,42,1,5.000025988
1479846848.053533,42,0,0.000034094
1479846955.650602,172,1,107.597069025
1479846955.894554,135,0,0.243951797
1479846955.896886,66,1,0.002332211
1479846960.900242,42,0,5.003355980
1479846960.901222,42,1,0.000979900
1479847191.731034,172,1,230.829812050
1479847191.975458,135,0,0.244423866
1479847191.977918,66,1,0.002460003
1479847196.980244,42,0,5.002326012
1479847196.983925,42,1,0.003681183
1479847344.394363,113,1,147.410437822
1479847427.812021,172,1,83.417658091
1479847428.060950,135,0,0.248929024
1479847428.063509,66,1,0.002558947
1479847433.070245,42,0,5.006736040
1479847433.071042,42,1,0.000797033
1479847663.967919,172,1,230.896877050
1479847664.211977,135,0,0.244057894
1479847664.214571,66,1,0.002593994
1479847669.220232,42,0,5.005661011
1479847669.220992,42,1,0.000760078
1479847899.944394,172,1,230.723402023
1479847900.188539,135,0,0.244144917
1479847900.191217,66,1,0.002677917
1479847905.190241,42,0,4.999024153
1479847905.190993,42,1,0.000751972
1479847944.385133,113,1,39.194139957
1479848135.920904,172,1,191.535770893
1479848136.169724,135,0,0.248820066
1479848136.403919,172,1,0.234194994
1479848136.584454,135,0,0.180535078
1479848136.585305,66,1,0.000850916
1479848136.653202,78,0,0.067897081
1479848141.170246,42,0,4.517043829
1479848141.171022,42,1,0.000776052
1479848372.313333,172,1,231.142311096
1479848372.556985,66,0,0.243651867
1479848372.557504,135,0,0.000519037
1479848372.559678,66,1,0.002174139
1479848377.560245,42,0,5.000566959
1479848377.561004,42,1,0.000758886
1479848544.394575,113,1,166.833571196
1479848608.289785,172,1,63.895209789
1479848608.533821,135,0,0.244036198
1479848608.536208,66,1,0.002386808
1479848613.540243,42,0,5.004034996
1479848613.541051,42,1,0.000808001
1479848624.298022,75,1,10.756971121
1479848624.498434,541,0,0.200412035
1479848634.309429,75,1,9.810994864
1479848634.309871,139,0,0.000442028
1479848634.312397,90,1,0.002526045
1479848634.588719,90,0,0.276321888
1479848844.370254,172,1,209.781535149
1479848844.619073,135,0,0.248818874
1479848844.992283,135,0,0.373210192
1479848844.995845,66,1,0.003561974
1479848849.620238,42,0,4.624392986
1479848849.621007,42,1,0.000768900
1479849080.866670,172,1,231.245662928
1479849081.110856,135,0,0.244186163
1479849081.113436,66,1,0.002579927
1479849086.120244,42,0,5.006808043
1479849086.121001,42,1,0.000756979
1479849144.400385,113,1,58.279383898
1479849316.947205,172,1,172.546820164
1479849317.196058,135,0,0.248852968
1479849317.560272,135,0,0.364213943
1479849317.561126,66,1,0.000854015
1479849322.200242,42,0,4.639116049
1479849322.201024,42,1,0.000782013
1479849553.411617,172,1,231.210592985
1479849553.655679,135,0,0.244061947
1479849553.658092,66,1,0.002413034
1479849558.660242,42,0,5.002150059
1479849558.661689,42,1,0.001446962
1479849744.409849,113,1,185.748159885
1479849789.492114,172,1,45.082265139
1479849789.736040,135,0,0.243926048
1479849789.738623,66,1,0.002582788
1479849794.740241,42,0,5.001618147
1479849794.741649,42,1,0.001407862
1479850025.572612,172,1,230.830963135
1479850025.816514,135,0,0.243901968
1479850026.175955,135,0,0.359441042
1479850026.176793,66,1,0.000838041
1479850030.820244,42,0,4.643450975
1479850030.821867,42,1,0.001622915
1479850261.966891,172,1,231.145024061
1479850262.215574,135,0,0.248682976
1479850262.218160,66,1,0.002585888
1479850267.220245,42,0,5.002084970
1479850267.221003,42,1,0.000758171
1479850344.427084,113,1,77.206080914
1479850498.047846,172,1,153.620762110
1479850498.291844,135,0,0.243997812
1479850498.647855,135,0,0.356011152
1479850498.648918,66,1,0.001062870
1479850503.300242,42,0,4.651324034
1479850503.301663,42,1,0.001420975
1479850734.438001,172,1,231.136337996
1479850734.683675,135,0,0.245674133
1479850734.686895,66,1,0.003219843
1479850739.690308,42,0,5.003413200
1479850739.699648,42,1,0.009339809
1479850944.409263,113,1,204.709614992
1479850970.518462,172,1,26.109199047
1479850970.767290,135,0,0.248828173
1479850970.769841,66,1,0.002550840
1479850975.770231,42,0,5.000390053
1479850975.771922,42,1,0.001691103
1479851206.778964,172,1,231.007041931
1479851207.027672,135,0,0.248708010
1479851207.030111,66,1,0.002439022
1479851212.030234,42,0,5.000123024
1479851212.034038,42,1,0.003803968
1479851442.859265,172,1,230.825227022
1479851443.108098,135,0,0.248832941
1479851443.110484,66,1,0.002385855
1479851448.110245,42,0,4.999761105
1479851448.111008,42,1,0.000762939
1479851544.407646,113,1,96.296638012
1479851678.939904,172,1,134.532258034
1479851679.188783,135,0,0.248878956
1479851679.547641,135,0,0.358858109
1479851679.548527,66,1,0.000885963
1479851684.190233,42,0,4.641705990
1479851684.191024,42,1,0.000791073
1479851915.336266,172,1,231.145241976
1479851915.580484,135,0,0.244217873
1479851915.582878,66,1,0.002394199
1479851920.590244,42,0,5.007365942
1479851920.590992,42,1,0.000747919
1479852144.422301,113,1,223.831309080
1479852151.413025,172,1,6.990723848
1479852151.657171,135,0,0.244146109
1479852151.667749,66,1,0.010577917
1479852156.660244,42,0,4.992495060
1479852156.661034,42,1,0.000790119
1479852237.000545,75,1,80.339510918
1479852237.210112,541,0,0.209567070
1479852237.212742,90,1,0.002629995
1479852237.490458,90,0,0.277715921
1479852242.000016,42,1,4.509557962
1479852242.000072,42,0,0.000056028
1479852387.495921,172,1,145.495848894
1479852387.744738,135,0,0.248817205
1479852388.103512,135,0,0.358773947
1479852388.104349,66,1,0.000836849
1479852392.750243,42,0,4.645894051
1479852392.753167,42,1,0.002923965
1479852623.886075,172,1,231.132908106
1479852624.130263,135,0,0.244188070
1479852624.133406,66,1,0.003142834
1479852629.140238,42,0,5.006832123
1479852629.141001,42,1,0.000762939
1479852744.424070,113,1,115.283068895
1479852859.966249,172,1,115.542179108
1479852861.009293,172,1,1.043044090
1479852863.097303,172,1,2.088009834
1479852864.965255,42,1,1.867952108
1479852864.965298,42,0,0.000042915
1479852865.167681,103,1,0.202383041
1479852867.273314,172,1,2.105633020
1479852875.625352,172,1,8.352037907
1479852885.030151,80,1,9.404798985
1479852885.039236,418,0,0.009085178
1479852885.041697,74,1,0.002460957
1479852885.290398,74,0,0.248700857
1479852885.291242,66,1,0.000844002
1479852885.292214,281,1,0.000972033
1479852885.540994,66,0,0.248780012
1479852885.544118,1514,0,0.003123999
1479852885.544236,1514,0,0.000118017
1479852885.544325,743,0,0.000089169
1479852885.545787,66,1,0.001461983
1479852885.545887,66,1,0.000099897
1479852885.546456,66,1,0.000569105
1479852885.634328,200,1,0.087871790
1479852885.883782,300,0,0.249454021
1479852885.886558,66,1,0.002776146
1479852885.967435,620,1,0.080876827
1479852886.238709,167,0,0.271274090
1479852886.277306,66,1,0.038597107
1479852886.382539,284,1,0.105232954
1479852886.638801,135,0,0.256262064
1479852886.693680,66,1,0.054878950
1479852890.040237,42,0,3.346556902
1479852890.040999,42,1,0.000761986
1479852892.333869,172,1,2.292870045
1479852925.737459,172,1,33.403589964
1479852930.737380,42,1,4.999921083
1479852930.737423,42,0,0.000042915
1479852992.553595,172,1,61.816172123
1479852997.553526,42,1,4.999930859
1479852997.553567,42,0,0.000041008
1479853122.626764,172,1,125.073197126
1479853122.870875,135,0,0.244110823
1479853122.873467,66,1,0.002592087
1479853127.880243,42,0,5.006776094
1479853127.881008,42,1,0.000764847
1479853344.425390,113,1,216.544382095
1479853358.291385,172,1,13.865994930
1479853358.535567,135,0,0.244182110
1479853358.858302,172,1,0.322735071
1479853359.083466,135,0,0.225163937
1479853359.084322,66,1,0.000855923
1479853359.101886,78,0,0.017564058
1479853363.540232,42,0,4.438345909
1479853363.541025,42,1,0.000792980
1479853594.059978,172,1,230.518953085
1479853594.303594,66,0,0.243616104
1479853594.303925,135,0,0.000330925
1479853594.307051,66,1,0.003125906
1479853599.310241,42,0,5.003190041
1479853599.311195,42,1,0.000953913
1479853829.516403,172,1,230.205208063
1479853829.760553,135,0,0.244149923
1479853829.763048,66,1,0.002495050
1479853834.770245,42,0,5.007197142
1479853834.771009,42,1,0.000763893
1479853944.428841,113,1,109.657832146
1479854065.077651,172,1,120.648809910
1479854065.321599,135,0,0.243947983
1479854065.763371,135,0,0.441771984
1479854065.764228,66,1,0.000857115
1479854070.330255,42,0,4.566026926
1479854070.331238,42,1,0.000983000
1479854300.741190,172,1,230.409951925
1479854300.985133,135,0,0.243942976
1479854301.403316,135,0,0.418183088
1479854301.404149,66,1,0.000833035
1479854305.990242,42,0,4.586092949
1479854305.991062,42,1,0.000819921
1479854536.616610,172,1,230.625548124
1479854536.865524,135,0,0.248914003
1479854536.868125,66,1,0.002600908
1479854541.870236,42,0,5.002110958
1479854541.871020,42,1,0.000784159
1479854544.438666,113,1,2.567646027
1479854772.174246,172,1,227.735579967
1479854772.423163,135,0,0.248916864
1479854772.425534,66,1,0.002371073
1479854777.430254,42,0,5.004719973
1479854777.449310,42,1,0.019056082
1479855008.019014,172,1,230.569703817
1479855008.267747,135,0,0.248733044
1479855008.270152,66,1,0.002405167
1479855013.270243,42,0,5.000090837
1479855013.271004,42,1,0.000761032
1479855144.465200,113,1,131.194195986
1479855244.099300,172,1,99.634099960
1479855244.348112,135,0,0.248812199
1479855244.723463,135,0,0.375350952
1479855244.724334,66,1,0.000870943
1479855249.350242,42,0,4.625907898
1479855249.351034,42,1,0.000792027
1479855480.595888,172,1,231.244853973
1479855480.845040,135,0,0.249152184
1479855480.847554,66,1,0.002513885
1479855485.850243,42,0,5.002689123
1479855485.851366,42,1,0.001122952
1479855716.676361,172,1,230.824995041
1479855716.920516,135,0,0.244154930
1479855716.960842,66,1,0.040325880
1479855721.930239,42,0,4.969397068
1479855721.930995,42,1,0.000756025
1479855744.443681,113,1,22.512686014
1479855839.900226,75,1,95.456545115
1479855840.109572,545,0,0.209345818
1479855844.899670,42,1,4.790097952
1479855844.899733,42,0,0.000063181
1479855849.911898,75,1,5.012164831
1479855849.912268,139,0,0.000370026
1479855849.913365,90,1,0.001096964
1479855850.179544,90,0,0.266179085
1479855854.920245,42,0,4.740700960
1479855854.921004,42,1,0.000759125
1479855952.757702,172,1,97.836698055
1479855953.001872,135,0,0.244169950
1479855953.003352,66,1,0.001479864
1479855958.010234,42,0,5.006882191
1479855958.010995,42,1,0.000760794
1479856188.837420,172,1,230.826425076
1479856189.081451,135,0,0.244030952
1479856189.443594,135,0,0.362143040
1479856189.446351,66,1,0.002757072
1479856194.090243,42,0,4.643892050
1479856194.091012,42,1,0.000768900
1479856344.445409,113,1,150.354397058
1479856423.057823,172,1,78.612413883
1479856423.306816,135,0,0.248993158
1479856423.667614,135,0,0.360797882
1479856423.668724,66,1,0.001110077
1479856428.310224,42,0,4.641499996
1479856428.311005,42,1,0.000781059
1479856659.438521,172,1,231.127515793
1479856659.682679,135,0,0.244158030
1479856659.685091,66,1,0.002412081
1479856664.690244,42,0,5.005152941
1479856664.690996,42,1,0.000751972
1479856895.723645,172,1,231.032649040
1479856895.967899,135,0,0.244254112
1479856896.331726,135,0,0.363826990
1479856896.332559,66,1,0.000833035
1479856900.970245,42,0,4.637685776
1479856900.971002,42,1,0.000757217
1479856944.454298,113,1,43.483295918
1479857129.927538,172,1,185.473239899
1479857130.171781,135,0,0.244243145
1479857130.174207,66,1,0.002425909
1479857135.180230,42,0,5.006022930
1479857135.181014,42,1,0.000784159
1479857366.008154,172,1,230.827139854
1479857366.252360,135,0,0.244206190
1479857366.253907,66,1,0.001546860
1479857371.260245,42,0,5.006338120
1479857371.260999,42,1,0.000753880
1479857544.451152,113,1,173.190153122
1479857602.088515,172,1,57.637362957
1479857602.332659,135,0,0.244143963
1479857602.335265,66,1,0.002605915
1479857607.340242,42,0,5.004976988
1479857607.341022,42,1,0.000780106
1479857838.173618,172,1,230.832596064
1479857838.422412,135,0,0.248793840
1479857838.779961,135,0,0.357549191
1479857838.780797,66,1,0.000835896
1479857843.430241,42,0,4.649444103
1479857843.430997,42,1,0.000755787
1479858074.561522,172,1,231.130525112
1479858074.810309,135,0,0.248786926
1479858074.811755,66,1,0.001446009
1479858079.820241,42,0,5.008486032
1479858079.821740,42,1,0.001498938
1479858144.458373,113,1,64.636633158
1479858309.918088,172,1,165.459714890
1479858310.167091,135,0,0.249002934
1479858310.524105,135,0,0.357014179
1479858310.524982,66,1,0.000876904
1479858315.170239,42,0,4.645256996
1479858315.171025,42,1,0.000786066
1479858436.862806,590,1,121.691781044
1479858436.864969,342,0,0.002162933
1479858441.862273,42,1,4.997303963
1479858441.862333,42,0,0.000060081
1479858545.894256,172,1,104.031923056
1479858546.138238,135,0,0.243981838
1479858546.139707,66,1,0.001469135
1479858551.140241,42,0,5.000533819
1479858551.142402,42,1,0.002161026
1479858744.476281,113,1,193.333878994
1479858779.946729,172,1,35.470448017
1479858780.190865,135,0,0.244136095
1479858780.547602,135,0,0.356736898
1479858780.548456,66,1,0.000854015
1479858785.200231,42,0,4.651775122
1479858785.201038,42,1,0.000806808
1479859016.339706,172,1,231.138668060
1479859017.517787,172,1,1.178081036
1479859019.881020,172,1,2.363233089
1479859021.337742,42,1,1.456722021
1479859021.337785,42,0,0.000042915
1479859021.540158,103,1,0.202373028
1479859024.597807,172,1,3.057648897
1479859034.037834,172,1,9.440026999
1479859041.403286,80,1,7.365452051
1479859041.412296,418,0,0.009010077
1479859046.420241,42,0,5.007945061
1479859046.421126,42,1,0.000884771
1479859051.413989,80,1,4.992863178
1479859051.422857,418,0,0.008867979
1479859051.423965,74,1,0.001107931
1479859051.657349,74,0,0.233384132
1479859051.660813,66,1,0.003463984
1479859051.661768,281,1,0.000954866
1479859051.895229,66,0,0.233461142
1479859051.898380,1514,0,0.003150940
1479859051.898496,1514,0,0.000115871
1479859051.898579,743,0,0.000082970
1479859051.899542,66,1,0.000963211
1479859051.900300,66,1,0.000757933
1479859051.900399,66,1,0.000098944
1479859051.989082,200,1,0.088683128
1479859052.223175,300,0,0.234092951
1479859052.225452,66,1,0.002276897
1479859052.323932,620,1,0.098479986
1479859052.574861,167,0,0.250929117
1479859052.613759,66,1,0.038897991
1479859052.738991,284,1,0.125231981
1479859052.917864,172,1,0.178873062
1479859052.980294,135,0,0.062429905
1479859053.049859,66,1,0.069565058
1479859090.677891,172,1,37.628031969
1479859095.677811,42,1,4.999919891
1479859095.677852,42,0,0.000041008
1479859166.197970,172,1,70.520117998
1479859171.197910,42,1,4.999940157
1479859171.197950,42,0,0.000039816
1479859288.924868,172,1,117.726918221
1479859289.159874,135,0,0.235005856
1479859289.162394,66,1,0.002520084
1479859294.160249,42,0,4.997854948
1479859294.171683,42,1,0.011434078
1479859344.482113,113,1,50.310429811
1479859452.734744,75,1,108.252631187
1479859453.088140,529,0,0.353395939
1479859458.090238,42,0,5.002098083
1479859458.091607,42,1,0.001368999
1479859462.747639,75,1,4.656031847
1479859462.747989,139,0,0.000349998
1479859462.753389,90,1,0.005399942
1479859463.019614,90,0,0.266225100
1479859525.003286,172,1,61.983671904
1479859525.242917,135,0,0.239631176
1479859525.244394,66,1,0.001477003
1479859530.250241,42,0,5.005846977
1479859530.250999,42,1,0.000757933
1479859761.083569,172,1,230.832570076
1479859761.323348,135,0,0.239778996
1479859761.325725,66,1,0.002377033
1479859766.330257,42,0,5.004531860
1479859766.331001,42,1,0.000744104
1479859944.462875,113,1,178.131873846
1479859997.163840,172,1,52.700965166
1479859997.403550,135,0,0.239709854
1479859997.405954,66,1,0.002403975
1479860002.410233,42,0,5.004279137
1479860002.411923,42,1,0.001689911
1479860233.244095,172,1,230.832172155
1479860233.496980,135,0,0.252884865
1479860233.731150,172,1,0.234169960
1479860233.904514,135,0,0.173364162
1479860233.905330,66,1,0.000815868
1479860233.964837,78,0,0.059507132
1479860238.500238,42,0,4.535400867
1479860238.503064,42,1,0.002825975
1479860469.740378,172,1,231.237313986
1479860469.974084,66,0,0.233705997
1479860469.975289,135,0,0.001205206
1479860469.978173,66,1,0.002883911
1479860474.980226,42,0,5.002053022
1479860474.981000,42,1,0.000773907
1479860544.484796,113,1,69.503796101
1479860705.932703,172,1,161.447906971
1479860706.167008,135,0,0.234304905
1479860706.555743,135,0,0.388735056
1479860706.557830,66,1,0.002087116
1479860711.170234,42,0,4.612403870
1479860711.186885,42,1,0.016651154
1479860942.431689,172,1,231.244803905
1479860942.665963,135,0,0.234273911
1479860943.039558,135,0,0.373594999
1479860943.040392,66,1,0.000833988
1479860947.670230,42,0,4.629837990
1479860947.674601,42,1,0.004371166
1479861144.478593,113,1,196.803992033
1479861178.821293,172,1,34.342700005
1479861179.055719,135,0,0.234425783
1479861179.058443,66,1,0.002724171
1479861184.060240,42,0,5.001796961
1479861184.061023,42,1,0.000782967
1479861414.797633,172,1,230.736609936
1479861415.031885,135,0,0.234251976
1479861415.395238,135,0,0.363353014
1479861415.398020,66,1,0.002782106
1479861420.040230,42,0,4.642210007
1479861420.041516,42,1,0.001286030
1479861649.009504,172,1,228.967988014
1479861649.243831,135,0,0.234326839
1479861649.603141,135,0,0.359310150
1479861649.603986,66,1,0.000844955
1479861654.250227,42,0,4.646240950
1479861654.250999,42,1,0.000771999
1479861744.460403,113,1,90.209403992
1479861885.398253,172,1,140.937849998
1479861885.632688,135,0,0.234435081
1479861885.983529,135,0,0.350841045
1479861885.984380,66,1,0.000850916
1479861890.640246,42,0,4.655865908
1479861890.641409,42,1,0.001163006
1479862121.790524,172,1,231.149115086
1479862122.024774,135,0,0.234250069
1479862122.027150,66,1,0.002375841
1479862127.030233,42,0,5.003082991
1479862127.030990,42,1,0.000756979
1479862344.485141,113,1,217.454151154
1479862357.831139,172,1,13.345998049
1479862358.065604,135,0,0.234464884
1479862358.067996,66,1,0.002392054
1479862363.070242,42,0,5.002245903
1479862363.072456,42,1,0.002213955
1479862593.911455,172,1,230.838999033
1479862594.145813,135,0,0.234358072
1479862594.148209,66,1,0.002396107
1479862599.150243,42,0,5.002033949
1479862599.151006,42,1,0.000762939
1479862829.992039,172,1,230.841032982
1479862830.226401,135,0,0.234362125
1479862830.228965,66,1,0.002563953
1479862835.230243,42,0,5.001277924
1479862835.231017,42,1,0.000774145
1479862944.485289,113,1,109.254271984
1479863065.428235,75,1,120.942945957
1479863065.635782,533,0,0.207546949
1479863065.637430,90,1,0.001647949
1479863065.919252,90,0,0.281821966
1479863066.072670,172,1,0.153418064
1479863066.307181,135,0,0.234510899
1479863066.308037,66,1,0.000856161
1479863070.640240,42,0,4.332202911
1479863070.641002,42,1,0.000761986
1479863302.153315,172,1,231.512313128
1479863302.387593,135,0,0.234277964
1479863302.390096,66,1,0.002502918
1479863307.390246,42,0,5.000149965
1479863307.391001,42,1,0.000755072
1479863538.234160,172,1,230.843158960
1479863538.468687,135,0,0.234527111
1479863538.471250,66,1,0.002563000
1479863543.470240,42,0,4.998990059
1479863543.471032,42,1,0.000791788
1479863544.488277,113,1,1.017245054
1479863774.324988,172,1,229.836710930
1479863774.559310,135,0,0.234322071
1479863774.561786,66,1,0.002475977
1479863779.560248,42,0,4.998461962
1479863779.657958,42,1,0.097710133
1479864010.395136,172,1,230.737178087
1479864010.629479,135,0,0.234342813
1479864010.976198,135,0,0.346719027
1479864010.977604,66,1,0.001405954
1479864015.630231,42,0,4.652626991
1479864015.631019,42,1,0.000788212
1479864144.492627,113,1,128.861607790
1479864246.959769,172,1,102.467142105
1479864247.194149,135,0,0.234380007
1479864247.196591,66,1,0.002441883
1479864252.200232,42,0,5.003641129
1479864252.201020,42,1,0.000787973
1479864482.525155,172,1,230.324135065
1479864482.764776,135,0,0.239620924
1479864482.767396,66,1,0.002619982
1479864487.770246,42,0,5.002850056
1479864487.771030,42,1,0.000783920
1479864717.872941,172,1,230.101911068
1479864718.107902,135,0,0.234961033
1479864718.110537,66,1,0.002635002
1479864723.110230,42,0,4.999692917
1479864723.110996,42,1,0.000766039
1479864744.492049,113,1,21.381052971
1479864953.121485,172,1,208.629436016
1479864953.361275,135,0,0.239789963
1479864953.363821,66,1,0.002546072
1479864958.370240,42,0,5.006418943
1479864958.371029,42,1,0.000788927
1479865188.577991,172,1,230.206962109
1479865189.396927,172,1,0.818936110
1479865191.025073,172,1,1.628145933
1479865193.577040,42,1,2.551966906
1479865193.577085,42,0,0.000045061
1479865193.779469,103,1,0.202383995
1479865194.289072,172,1,0.509603024
1479865194.577040,42,1,0.287967920
1479865194.577081,42,0,0.000041008
1479865200.817098,172,1,6.240016937
1479865209.378745,80,1,8.561647177
1479865209.387605,418,0,0.008859873
1479865209.390954,74,1,0.003349066
1479865209.535375,74,0,0.144421101
1479865209.536220,66,1,0.000844955
1479865209.537446,281,1,0.001225948
1479865209.681943,66,0,0.144496918
1479865209.684971,1514,0,0.003028154
1479865209.685085,1514,0,0.000113964
1479865209.685171,743,0,0.000085831
1479865209.686233,66,1,0.001062155
1479865209.687375,66,1,0.001142025
1479865209.687468,66,1,0.000092983
1479865209.774720,200,1,0.087251902
1479865209.919928,300,0,0.145208120
1479865209.926225,66,1,0.006296873
1479865210.011046,620,1,0.084820986
1479865210.172566,167,0,0.161520004
1479865210.210972,66,1,0.038406134
1479865210.314303,284,1,0.103330851
1479865210.465045,135,0,0.150742054
1479865210.505119,66,1,0.040074110
1479865213.873134,172,1,3.368014812
1479865214.390245,42,0,0.517111063
1479865214.391002,42,1,0.000756979
1479865239.985748,172,1,25.594746113
1479865292.209335,172,1,52.223587036
1479865297.213673,42,1,5.004338026
1479865297.213714,42,0,0.000040770
1479865298.209285,42,1,0.995571136
1479865298.209327,42,0,0.000041962
1479865344.497201,113,1,46.287873983
1479865396.657643,172,1,52.160442114
1479865401.661067,42,1,5.003423929
1479865401.661110,42,0,0.000042915
1479865446.395742,172,1,44.734632015
1479865446.540321,135,0,0.144579172
1479865446.542947,66,1,0.002625942
1479865451.550245,42,0,5.007297993
1479865451.551161,42,1,0.000916004
1479865682.371580,172,1,230.820418835
1479865682.516023,135,0,0.144443035
1479865682.518517,66,1,0.002494097
1479865687.520236,42,0,5.001718998
1479865687.521010,42,1,0.000773907
1479865918.348618,172,1,230.827608109
1479865918.495686,135,0,0.147068024
1479865918.498385,66,1,0.002698898
1479865923.500240,42,0,5.001855135
1479865923.500999,42,1,0.000758886
1479865944.503485,113,1,21.002485991
1479866154.388284,172,1,209.884799004
1479866154.534062,135,0,0.145777941
1479866154.755302,172,1,0.221240044
1479866154.831116,135,0,0.075814009
1479866154.835974,66,1,0.004858017
1479866154.899277,78,0,0.063302994
1479866159.540235,42,0,4.640958071
1479866159.545632,42,1,0.005396843
1479866390.690306,172,1,231.144674063
1479866390.834320,66,0,0.144014120
1479866390.834680,135,0,0.000360012
1479866390.837053,66,1,0.002372980
1479866395.840240,42,0,5.003186941
1479866395.841405,42,1,0.001164913
1479866544.509815,113,1,148.668410063
1479866626.653302,172,1,82.143486977
1479866626.797768,135,0,0.144466162
1479866626.800251,66,1,0.002482891
1479866631.800248,42,0,4.999996901
1479866631.805813,42,1,0.005565166
1479866668.332947,75,1,36.527133942
1479866668.357654,541,0,0.024707079
1479866673.360229,42,0,5.002574921
1479866673.361048,42,1,0.000818968
1479866678.357528,75,1,4.996479988
1479866678.357913,139,0,0.000385046
1479866678.359010,90,1,0.001096964
1479866678.628333,90,0,0.269323111
1479866683.344441,42,1,4.716107845
1479866683.344477,42,0,0.000036001
1479866862.630885,172,1,179.286407948
1479866862.775215,135,0,0.144330025
1479866863.043268,135,0,0.268053055
1479866863.046352,66,1,0.003083944
1479866867.780232,42,0,4.733880043
1479866867.780993,42,1,0.000761032
1479867098.814423,172,1,231.033430099
1479867098.958846,135,0,0.144423008
1479867099.223377,135,0,0.264530897
1479867099.224207,66,1,0.000829935
1479867103.960228,42,0,4.736021042
1479867103.961012,42,1,0.000783920
1479867144.500787,113,1,40.539775133
1479867334.999557,172,1,190.498769999
1479867335.143954,135,0,0.144397020
1479867335.146293,66,1,0.002338886
1479867340.150240,42,0,5.003947020
1479867340.151026,42,1,0.000786066
1479867570.975592,172,1,230.824565887
1479867571.120029,135,0,0.144437075
1479867571.126081,66,1,0.006052017
1479867576.120236,42,0,4.994154930
1479867576.121935,42,1,0.001698971
1479867744.517547,113,1,168.395612001
1479867806.952362,172,1,62.434815168
1479867807.096630,135,0,0.144268036
1479867807.099133,66,1,0.002502918
1479867812.100240,42,0,5.001106977
1479867812.101022,42,1,0.000782013
1479868043.024882,172,1,230.923860073
1479868043.169189,135,0,0.144306898
1479868043.172447,66,1,0.003257990
1479868048.170232,42,0,4.997785091
1479868048.170986,42,1,0.000753880
1479868279.001232,172,1,230.830245972
1479868279.145689,135,0,0.144457102
1479868279.148215,66,1,0.002526045
1479868284.150242,42,0,5.002027035
1479868284.153859,42,1,0.003616810
1479868344.542707,113,1,60.388848066
1479868514.977792,172,1,170.435085058
1479868515.123546,135,0,0.145753860
1479868515.126086,66,1,0.002540112
1479868520.130231,42,0,5.004144907
1479868520.131012,42,1,0.000781059
1479868750.954363,172,1,230.823351145
1479868751.098689,135,0,0.144325972
1479868751.355961,135,0,0.257272005
1479868751.356846,66,1,0.000885010
1479868756.100246,42,0,4.743399858
1479868756.101015,42,1,0.000769138
1479868944.514508,113,1,188.413492918
1479868987.138852,172,1,42.624343872
1479868987.283142,135,0,0.144290209
1479868987.540062,135,0,0.256919861
1479868987.541286,66,1,0.001224041
1479868992.290242,42,0,4.748955965
1479868992.291641,42,1,0.001399040
1479869223.323463,172,1,231.031821966
1479869223.467736,135,0,0.144273043
1479869223.724150,135,0,0.256413937
1479869223.724784,66,1,0.000633955
1479869228.470241,42,0,4.745457172
1479869228.470990,42,1,0.000748873
1479869459.507939,172,1,231.036949158
1479869459.652222,135,0,0.144282818
1479869459.912183,135,0,0.259961128
1479869459.916618,66,1,0.004435062
1479869464.660236,42,0,4.743617773
1479869464.660999,42,1,0.000763178
1479869544.526825,113,1,79.865825891
1479869695.692477,172,1,151.165652037
1479869695.836737,135,0,0.144259930
1479869695.839170,66,1,0.002433062
1479869700.840243,42,0,5.001073122
1479869700.841020,42,1,0.000777006
1479869931.641040,172,1,230.800019979
1479869931.785338,135,0,0.144297838
1479869932.040548,135,0,0.255210161
1479869932.041373,66,1,0.000824928
1479869936.790226,42,0,4.748852968
1479869936.796709,42,1,0.006483078
1479870144.529389,113,1,207.732679844
1479870167.305498,172,1,22.776108980
1479870167.449794,135,0,0.144296169
1479870167.452381,66,1,0.002586842
1479870172.450230,42,0,4.997848988
1479870172.451625,42,1,0.001395226
1479870281.037305,75,1,108.585680008
1479870281.333600,525,0,0.296294928
1479870281.336081,90,1,0.002480984
1479870281.775121,90,0,0.439039946
1479870286.036777,42,1,4.261656046
1479870286.036836,42,0,0.000058889
1479870402.866686,172,1,116.829850197
1479870403.011037,135,0,0.144351006
1479870403.013637,66,1,0.002599955
1479870408.020239,42,0,5.006602049
1479870408.020997,42,1,0.000757933
1479870638.842544,172,1,230.821547031
1479870638.986885,135,0,0.144340992
1479870639.244464,135,0,0.257578850
1479870639.245295,66,1,0.000831127
1479870643.990243,42,0,4.744947910
1479870643.991000,42,1,0.000756979
1479870744.522559,113,1,100.531558990
1479870875.028231,172,1,130.505671978
1479870875.172534,135,0,0.144303083
1479870875.428529,135,0,0.255995035
1479870875.429388,66,1,0.000859022
1479870880.180239,42,0,4.750850916
1479870880.181018,42,1,0.000779152
1479871111.215996,172,1,231.034977913
1479871111.360441,135,0,0.144444942
1479871111.363039,66,1,0.002598047
1479871116.370248,42,0,5.007209063
1479871116.371015,42,1,0.000766993
1479871344.539240,113,1,228.168224812
1479871347.188091,172,1,2.648851156
1479871348.011176,172,1,0.823085070
1479871349.659173,172,1,1.647996902
1479871352.188556,42,1,2.529382944
1479871352.188602,42,0,0.000046015
1479871352.391246,103,1,0.202644110
1479871352.955166,172,1,0.563920021
1479871359.547332,172,1,6.592165947
1479871369.133836,80,1,9.586503983
1479871369.143285,418,0,0.009449005
1479871372.731255,172,1,3.587970018
1479871374.150242,42,0,1.418987036
1479871374.151070,42,1,0.000828028
1479871379.143396,80,1,4.992325783
1479871379.152509,418,0,0.009113073
1479871379.155563,74,1,0.003054142
1479871379.299685,74,0,0.144121885
1479871379.300550,66,1,0.000864983
1479871379.301497,281,1,0.000946999
1479871379.445693,66,0,0.144196033
1479871379.448747,1514,0,0.003053904
1479871379.448860,1514,0,0.000113010
1479871379.448941,743,0,0.000081062
1479871379.449962,66,1,0.001020908
1479871379.450714,66,1,0.000752211
1479871379.451179,66,1,0.000464916
1479871379.539145,200,1,0.087965965
1479871379.683987,300,0,0.144841909
1479871379.686281,66,1,0.002294064
1479871379.741667,620,1,0.055386066
1479871379.901072,167,0,0.159404993
1479871379.939193,66,1,0.038120985
1479871380.052615,284,1,0.113421917
1479871380.206407,135,0,0.153792143
1479871380.259275,66,1,0.052867889
1479871399.099290,172,1,18.840014935
1479871451.835409,172,1,52.736119032
1479871456.835382,42,1,4.999973059
1479871456.835419,42,0,0.000036955
1479871557.307669,172,1,100.472249985
1479871562.307591,42,1,4.999922037
1479871562.307630,42,0,0.000039101
1479871563.307583,42,1,0.999953032
1479871563.307622,42,0,0.000038862
1479871616.132680,172,1,52.825057983
1479871616.277056,135,0,0.144376040
1479871616.279474,66,1,0.002418041
1479871621.280240,42,0,5.000766039
1479871621.281000,42,1,0.000759840
1479871852.225242,172,1,230.944242001
1479871852.369502,135,0,0.144260168
1479871852.600294,172,1,0.230792046
1479871852.704631,135,0,0.104336977
1479871852.705460,66,1,0.000828981
1479871852.744188,78,0,0.038727999
1479871857.370238,42,0,4.626049995
1479871857.370996,42,1,0.000757933
1479871944.537091,113,1,87.166095018
1479872088.517481,172,1,143.980390072
1479872088.661322,66,0,0.143841028
1479872088.661681,135,0,0.000358820
1479872088.666771,66,1,0.005089998
1479872093.670248,42,0,5.003477097
1479872093.671023,42,1,0.000774860
1479872324.490256,172,1,230.819233179
1479872324.634573,135,0,0.144316912
1479872324.637167,66,1,0.002593994
1479872329.640322,42,0,5.003154993
1479872329.642774,42,1,0.002452135
1479872544.545669,113,1,214.902894974
1479872560.466753,172,1,15.921083927
1479872560.611159,135,0,0.144406080
1479872560.613725,66,1,0.002565861
1479872565.620231,42,0,5.006505966
1479872565.625778,42,1,0.005547047
1479872796.444522,172,1,230.818743944
1479872796.589036,135,0,0.144514084
1479872796.592346,66,1,0.003309965
1479872801.590231,42,0,4.997884989
1479872801.595652,42,1,0.005421162
1479873032.424801,172,1,230.829149008
1479873032.569155,135,0,0.144353867
1479873032.844970,135,0,0.275815010
1479873032.845792,66,1,0.000822067
1479873037.570232,42,0,4.724439859
1479873037.570995,42,1,0.000763178
1479873144.552939,113,1,106.981943846
1479873268.708756,172,1,124.155817032
1479873268.853378,135,0,0.144622087
1479873268.855736,66,1,0.002357960
1479873273.860239,42,0,5.004503012
1479873273.861147,42,1,0.000907898
1479873504.684846,172,1,230.823698997
1479873504.829349,135,0,0.144503117
1479873504.831891,66,1,0.002542019
1479873509.830238,42,0,4.998347044
1479873509.833377,42,1,0.003138781
1479873740.697300,172,1,230.863923073
1479873740.841799,135,0,0.144499063
1479873741.101055,135,0,0.259255886
1479873741.102136,66,1,0.001080990
1479873744.565870,113,1,3.463734150
1479873745.850250,42,0,1.284379959
1479873745.851037,42,1,0.000787020
1479873884.193197,75,1,138.342159986
1479873884.216048,533,0,0.022850990
1479873889.192630,42,1,4.976582050
1479873889.192690,42,0,0.000059843
1479873894.206991,75,1,5.014301062
1479873894.207342,139,0,0.000350952
1479873894.208717,90,1,0.001375198
1479873894.493271,90,0,0.284554005
1479873899.210243,42,0,4.716971874
1479873899.211003,42,1,0.000760078
1479873976.781877,172,1,77.570873976
1479873976.927530,135,0,0.145653009
1479873976.930185,66,1,0.002655029
1479873981.930244,42,0,5.000058889
1479873981.931001,42,1,0.000756979
1479874212.758328,172,1,230.827327013
1479874212.902961,135,0,0.144633055
1479874212.904437,66,1,0.001476049
1479874217.910243,42,0,5.005805969
1479874217.911005,42,1,0.000761986
1479874344.548103,113,1,126.637098074
1479874448.734834,172,1,104.186730862
1479874448.879386,135,0,0.144551992
1479874448.883613,66,1,0.004227161
1479874453.880242,42,0,4.996629000
1479874453.881032,42,1,0.000789881
1479874684.711985,172,1,230.830953121
1479874684.856777,135,0,0.144791842
1479874684.859283,66,1,0.002506018
1479874689.860243,42,0,5.000960112
1479874689.862350,42,1,0.002106905
1479874920.687843,172,1,230.825493097
1479874920.832329,135,0,0.144485950
1479874920.836857,66,1,0.004528046
1479874925.840246,42,0,5.003388882
1479874925.841640,42,1,0.001394033
1479874944.550616,113,1,18.708976030
1479875156.664403,172,1,212.113786936
1479875156.808912,135,0,0.144509077
1479875156.811373,66,1,0.002460957
1479875161.810228,42,0,4.998855114
1479875161.811046,42,1,0.000817776
1479875392.820871,172,1,231.009825230
1479875392.965361,135,0,0.144490004
1479875392.967972,66,1,0.002610922
1479875397.970243,42,0,5.002270937
1479875397.971936,42,1,0.001693010
1479875544.559919,113,1,146.587983131
1479875628.797301,172,1,84.237381935
1479875629.276348,172,1,0.479047060
1479875630.241146,172,1,0.964797974
1479875632.156335,172,1,1.915189028
1479875633.796317,42,1,1.639981985
1479875633.796358,42,0,0.000041008
1479875634.000027,103,1,0.203668833
1479875635.996358,172,1,1.996330976
1479875643.677410,172,1,7.681051970
1479875653.861200,80,1,10.183790207
1479875653.873679,418,0,0.012478828
1479875658.880245,42,0,5.006566048
1479875658.882793,42,1,0.002547979
1479875659.036394,172,1,0.153600931
1479875663.879241,80,1,4.842847109
1479875663.896371,418,0,0.017129898
1479875663.901701,74,1,0.005330086
1479875664.150297,74,0,0.248595953
1479875664.151447,66,1,0.001150131
1479875664.152456,281,1,0.001008987
1479875664.401117,66,0,0.248661041
1479875664.404348,1514,0,0.003230810
1479875664.404462,1514,0,0.000114202
1479875664.404544,743,0,0.000082016
1479875664.406048,66,1,0.001503944
1479875664.406269,66,1,0.000221014
1479875664.406357,66,1,0.000087976
1479875664.494857,200,1,0.088500023
1479875664.744106,300,0,0.249248981
1479875664.746414,66,1,0.002307892
1479875664.782546,620,1,0.036132097
1479875665.046490,167,0,0.263943911
1479875665.084357,66,1,0.037867069
1479875665.197717,284,1,0.113359928
1479875665.452989,135,0,0.255272150
1479875665.492510,66,1,0.039520979
1479875689.756503,172,1,24.263993025
1479875694.758091,42,1,5.001587868
1479875694.758131,42,0,0.000040054
1479875695.756426,42,1,0.998295069
1479875695.756467,42,0,0.000041008
1479875751.196618,172,1,55.440150976
1479875756.196566,42,1,4.999948025
1479875756.196607,42,0,0.000041008
1479875901.381827,172,1,145.185220003
1479875901.630513,135,0,0.248685837
1479875901.976880,172,1,0.346367121
1479875902.209067,135,0,0.232187033
1479875902.209898,66,1,0.000830889
1479875902.225180,78,0,0.015281916
1479875906.640241,42,0,4.415060997
1479875906.641002,42,1,0.000761032
1479876137.982301,172,1,231.341299057
1479876138.230676,66,0,0.248374939
1479876138.231199,135,0,0.000523090
1479876138.233507,66,1,0.002307892
1479876143.240244,42,0,5.006736994
1479876143.241035,42,1,0.000791073
1479876144.559621,113,1,1.318586111
1479876374.062797,172,1,229.503175974
1479876374.311519,135,0,0.248721838
1479876374.314405,66,1,0.002886057
1479876379.320240,42,0,5.005835056
1479876379.320992,42,1,0.000751972
1479876610.145576,172,1,230.824584007
1479876610.394202,135,0,0.248625994
1479876610.396744,66,1,0.002542019
1479876615.400242,42,0,5.003498077
1479876615.401043,42,1,0.000800848
1479876744.560043,113,1,129.159000158
1479876846.224202,172,1,101.664158821
1479876846.472838,135,0,0.248636007
1479876846.904938,135,0,0.432100058
1479876846.905794,66,1,0.000855923
1479876851.480240,42,0,4.574446201
1479876851.481018,42,1,0.000777960
1479877082.728279,172,1,231.247261047
1479877082.977008,135,0,0.248728991
1479877082.979577,66,1,0.002568960
1479877087.980242,42,0,5.000664949
1479877087.980995,42,1,0.000752926
1479877318.952625,172,1,230.971630096
1479877319.201325,135,0,0.248699903
1479877319.203782,66,1,0.002457142
1479877324.210241,42,0,5.006458998
1479877324.211001,42,1,0.000759840
1479877344.580570,113,1,20.369569063
1479877496.900555,75,1,152.319984913
1479877496.923012,545,0,0.022457123
1479877496.925830,90,1,0.002817869
1479877497.205530,90,0,0.279700041
1479877501.900002,42,1,4.694472075
1479877501.900060,42,0,0.000057936
1479877555.033164,172,1,53.133104086
1479877555.277242,135,0,0.244077921
1479877555.664851,135,0,0.387609005
1479877555.691956,66,1,0.027105093
1479877560.280228,42,0,4.588271856
1479877560.284488,42,1,0.004260063
1479877791.529577,172,1,231.245089054
1479877791.773699,135,0,0.244122028
1479877791.776261,66,1,0.002562046
1479877796.780228,42,0,5.003966808
1479877796.781002,42,1,0.000774145
1479877944.571335,113,1,147.790333033
1479878027.610110,172,1,83.038774967
1479878027.854145,135,0,0.244035006
1479878027.856568,66,1,0.002423048
1479878032.860236,42,0,5.003667831
1479878032.861488,42,1,0.001252174
1479878263.690436,172,1,230.828947783
1479878263.934412,135,0,0.243976116
1479878264.304831,135,0,0.370419025
1479878264.305681,66,1,0.000849962
1479878268.940242,42,0,4.634561062
1479878268.941004,42,1,0.000761986
1479878500.083229,172,1,231.142225027
1479878500.327106,135,0,0.243876934
1479878500.329805,66,1,0.002698898
1479878505.330249,42,0,5.000444174
1479878505.331004,42,1,0.000754833
1479878544.583616,113,1,39.252612114
1479878736.174526,172,1,191.590909958
1479878736.418435,135,0,0.243909121
1479878736.420958,66,1,0.002522945
1479878741.420241,42,0,4.999283075
1479878741.421848,42,1,0.001606941
1479878972.244492,172,1,230.822643995
1479878972.488397,135,0,0.243904829
1479878972.844873,135,0,0.356476068
1479878972.845708,66,1,0.000834942
1479878977.490243,42,0,4.644535065
1479878977.491375,42,1,0.001132011
1479879144.580326,113,1,167.088951111
1479879208.696482,172,1,64.116155863
1479879208.940598,135,0,0.244116068
1479879208.942091,66,1,0.001492977
1479879213.950249,42,0,5.008157969
1479879213.951028,42,1,0.000779152
1479879444.776997,172,1,230.825968981
1479879445.020880,135,0,0.243882895
1479879445.022342,66,1,0.001461983
1479879450.030243,42,0,5.007900953
1479879450.031005,42,1,0.000761986
1479879680.859684,172,1,230.828679085
1479879681.103590,135,0,0.243906021
1479879681.106101,66,1,0.002511024
1479879686.110243,42,0,5.004142046
1479879686.110998,42,1,0.000754833
1479879744.588501,113,1,58.477503061
1479879916.937944,172,1,172.349442959
1479879917.181854,135,0,0.243910074
1479879917.540864,135,0,0.359009981
1479879917.543796,66,1,0.002932072
1479879922.190238,42,0,4.646441936
1479879922.194570,42,1,0.004332066
1479880036.437436,590,1,114.242866039
1479880036.439866,342,0,0.002429962
1479880041.437194,42,1,4.997328043
1479880041.437251,42,0,0.000056982
1479880151.146401,172,1,109.709149837
1479880151.390299,135,0,0.243898153
1479880151.752832,135,0,0.362532854
1479880151.753692,66,1,0.000859976
1479880156.400244,42,0,4.646552086
1479880156.401013,42,1,0.000768900
1479880344.587331,113,1,188.186318159
1479880387.538885,172,1,42.951554060
1479880387.782796,135,0,0.243910789
1479880387.785391,66,1,0.002595186
1479880392.790244,42,0,5.004853010
1479880392.790995,42,1,0.000750780
1479880623.619398,172,1,230.828403234
1479880623.863272,135,0,0.243873835
1479880623.865987,66,1,0.002715111
1479880628.870244,42,0,5.004256964
1479880628.871003,42,1,0.000758886
1479880859.699850,172,1,230.828847170
1479880859.943737,135,0,0.243886948
1479880859.946550,66,1,0.002812862
1479880864.950240,42,0,5.003690004
1479880864.951137,42,1,0.000897169
1479880944.595736,113,1,79.644598961
1479881095.960350,172,1,151.364614010
1479881096.204194,135,0,0.243844032
1479881096.206632,66,1,0.002437830
1479881099.616072,75,1,3.409440041
1479881099.637822,517,0,0.021749973
1479881099.638993,90,1,0.001171112
1479881099.920462,90,0,0.281468868
1479881101.210237,42,0,1.289775133
1479881101.211007,42,1,0.000770092
1479881331.936763,172,1,230.725755930
1479881332.180766,135,0,0.244003057
1479881332.182622,66,1,0.001855850
1479881337.190248,42,0,5.007626057
1479881337.191521,42,1,0.001272917
1479881544.600107,113,1,207.408586025
1479881568.017389,172,1,23.417282104
1479881568.261337,135,0,0.243947983
1479881568.263744,66,1,0.002407074
1479881573.270241,42,0,5.006496906
1479881573.271275,42,1,0.001034021
1479881803.993819,172,1,230.722543955
1479881804.904831,172,1,0.911011934
1479881806.728851,172,1,1.824020147
1479881808.998423,42,1,2.269572020
1479881808.998465,42,0,0.000041962
1479881809.195210,103,1,0.196744919
1479881810.376835,172,1,1.181625128
1479881817.672860,172,1,7.296024799
1479881820.737656,80,1,3.064796209
1479881820.746767,418,0,0.009110928
1479881820.748409,74,1,0.001641989
1479881820.892834,74,0,0.144424915
1479881820.908055,66,1,0.015221119
1479881820.908197,281,1,0.000141859
1479881821.052662,66,0,0.144464970
1479881821.055812,1514,0,0.003149986
1479881821.055928,1514,0,0.000116110
1479881821.056014,743,0,0.000086069
1479881821.057251,66,1,0.001236916
1479881821.059631,66,1,0.002380133
1479881821.059724,66,1,0.000092983
1479881821.148335,200,1,0.088610888
1479881821.293553,300,0,0.145218134
1479881821.297083,66,1,0.003529787
1479881821.363232,620,1,0.066148996
1479881821.545084,66,0,0.181852102
1479881821.558632,167,0,0.013547897
1479881821.568733,66,1,0.010101080
1479881821.675912,284,1,0.107178926
1479881821.820284,66,0,0.144371986
1479881821.832808,135,0,0.012524128
1479881821.872787,66,1,0.039978981
1479881825.750248,42,0,3.877460957
1479881825.751005,42,1,0.000756979
1479881832.264888,172,1,6.513883114
1479881861.448964,172,1,29.184076071
1479881866.448914,42,1,4.999949932
1479881866.448955,42,0,0.000041008
1479881919.826552,172,1,53.377596855
1479881924.817023,42,1,4.990471125
1479881924.817064,42,0,0.000041008
1479882036.553324,172,1,111.736259937
1479882041.553257,42,1,4.999933004
1479882041.553298,42,0,0.000041008
1479882057.759900,172,1,16.206602097
1479882057.904568,135,0,0.144667864
1479882057.906019,66,1,0.001451015
1479882062.910242,42,0,5.004223108
1479882062.911025,42,1,0.000782967
1479882144.594429,113,1,81.683403969
1479882293.730812,172,1,149.136383057
1479882293.875447,135,0,0.144634962
1479882293.877933,66,1,0.002485991
1479882298.880242,42,0,5.002309084
1479882298.883221,42,1,0.002978802
1479882529.707645,172,1,230.824424028
1479882529.852122,135,0,0.144477129
1479882529.854513,66,1,0.002390862
1479882534.860248,42,0,5.005735159
1479882534.861020,42,1,0.000771999
1479882744.598023,113,1,209.737002850
1479882765.679749,172,1,21.081726074
1479882765.824382,135,0,0.144633055
1479882765.826746,66,1,0.002363920
1479882770.830249,42,0,5.003503084
1479882770.832545,42,1,0.002295971
1479883001.348390,172,1,230.515845060
1479883001.492872,135,0,0.144481897
1479883001.494341,66,1,0.001468897
1479883006.500241,42,0,5.005900145
1479883006.500994,42,1,0.000752926
1479883236.492744,172,1,229.991750002
1479883236.638147,135,0,0.145403147
1479883236.640761,66,1,0.002613783
1479883241.640246,42,0,4.999485016
1479883241.641008,42,1,0.000761986
1479883344.620112,113,1,102.979104042
1479883471.533216,172,1,126.913104057
1479883471.677909,135,0,0.144692898
1479883471.680321,66,1,0.002412081
1479883476.680241,42,0,4.999920130
1479883476.681701,42,1,0.001459837
1479883706.573712,172,1,229.892011166
1479883706.718212,135,0,0.144499779
1479883706.932722,172,1,0.214510202
1479883706.989071,135,0,0.056348801
1479883706.989922,66,1,0.000851154
1479883707.076703,78,0,0.086781025
1479883711.720252,42,0,4.643548965
1479883711.721288,42,1,0.001035929
1479883942.239192,172,1,230.517904043
1479883942.383354,66,0,0.144161940
1479883942.383696,135,0,0.000342131
1479883942.387500,66,1,0.003803968
1479883944.614694,113,1,2.227194071
1479883947.390245,42,0,2.775550842
1479883947.396401,42,1,0.006155968
1479884177.278592,172,1,229.882191181
1479884177.423226,135,0,0.144634008
1479884177.425763,66,1,0.002536774
1479884182.430240,42,0,5.004477024
1479884182.431007,42,1,0.000766993
1479884412.422954,172,1,229.991947174
1479884412.567609,135,0,0.144654989
1479884412.570179,66,1,0.002569914
1479884417.570242,42,0,5.000062943
1479884417.571000,42,1,0.000758171
1479884544.616331,113,1,127.045331001
1479884647.575905,172,1,102.959573984
1479884647.720542,135,0,0.144636869
1479884647.976953,135,0,0.256411076
1479884647.977813,66,1,0.000859976
1479884652.730226,42,0,4.752413034
1479884652.731016,42,1,0.000789881
1479884702.327105,75,1,49.596089125
1479884702.628992,529,0,0.301887035
1479884702.631703,90,1,0.002710819
1479884702.816460,90,0,0.184756994
1479884707.326541,42,1,4.510081053
1479884707.326601,42,0,0.000060081
1479884883.731926,172,1,176.405324936
1479884883.876460,135,0,0.144534111
1479884883.878937,66,1,0.002476931
1479884888.880268,42,0,5.001331091
1479884888.880973,42,1,0.000705004
1479885119.708319,172,1,230.827345848
1479885119.852861,135,0,0.144541979
1479885119.855389,66,1,0.002528191
1479885124.860243,42,0,5.004853964
1479885124.864855,42,1,0.004611969
1479885144.619823,113,1,19.754967928
1479885355.688193,172,1,211.068370104
1479885355.832658,135,0,0.144464970
1479885355.835280,66,1,0.002621889
1479885360.840245,42,0,5.004965067
1479885360.846415,42,1,0.006170034
1479885591.661249,172,1,230.814833879
1479885591.805809,135,0,0.144560099
1479885592.064834,135,0,0.259025097
1479885592.065657,66,1,0.000822783
1479885596.810244,42,0,4.744587183
1479885596.811001,42,1,0.000756979
1479885744.617751,113,1,147.806749821
1479885827.845750,172,1,83.227999210
1479885827.990255,135,0,0.144505024
1479885828.248849,135,0,0.258593798
1479885828.254072,66,1,0.005223036
1479885833.000240,42,0,4.746168137
1479885833.001463,42,1,0.001222849
1479886064.032605,172,1,231.031141996
1479886064.177256,135,0,0.144651175
1479886064.183520,66,1,0.006263971
1479886069.180239,42,0,4.996718884
1479886069.180998,42,1,0.000759125
1479886300.013142,172,1,230.832144022
1479886300.157676,135,0,0.144533873
1479886300.160049,66,1,0.002372980
1479886305.160243,42,0,5.000194073
1479886305.161003,42,1,0.000760078
1479886344.626503,113,1,39.465499878
1479886536.216363,172,1,191.589859962
1479886536.360846,135,0,0.144483089
1479886536.363322,66,1,0.002475977
1479886541.370256,42,0,5.006933928
1479886541.371928,42,1,0.001672029
1479886772.191575,172,1,230.819647074
1479886772.335986,135,0,0.144410849
1479886772.338560,66,1,0.002574205
1479886777.340238,42,0,5.001677990
1479886777.340993,42,1,0.000754833
1479886944.616072,113,1,167.275079012
1479887008.168036,172,1,63.551964045
1479887008.312355,135,0,0.144319057
1479887008.568836,135,0,0.256480932
1479887008.571234,66,1,0.002398014
1479887013.320231,42,0,4.748996973
1479887013.321414,42,1,0.001183033
1479887244.352554,172,1,231.031140089
1479887244.496984,135,0,0.144429922
1479887244.498453,66,1,0.001468897
1479887249.500232,42,0,5.001779079
1479887249.500995,42,1,0.000762939
1479887480.328986,172,1,230.827991009
1479887480.473306,135,0,0.144320011
1479887480.475930,66,1,0.002624035
1479887485.480244,42,0,5.004313946
1479887485.481001,42,1,0.000756979
1479887544.627504,113,1,59.146503210
1479887716.305507,172,1,171.678002834
1479887716.450027,135,0,0.144520044
1479887716.452418,66,1,0.002391100
1479887721.450230,42,0,4.997811794
1479887721.451001,42,1,0.000771046
1479887952.282282,172,1,230.831281185
1479887952.904691,172,1,0.622408867
1479887954.152965,172,1,1.248274088
1479887956.652555,172,1,2.499589920
1479887957.280896,42,1,0.628340960
1479887957.280940,42,0,0.000044107
1479887957.483338,103,1,0.202398062
1479887958.280896,42,1,0.797557831
1479887958.280930,42,0,0.000034094
1479887961.640976,172,1,3.360045910
1479887967.985825,80,1,6.344849110
1479887967.994724,418,0,0.008898973
1479887967.997458,74,1,0.002733946
1479887968.245264,74,0,0.247806072
1479887968.246097,66,1,0.000833035
1479887968.247057,281,1,0.000959873
1479887968.494885,66,0,0.247828007
1479887968.498005,1514,0,0.003119946
1479887968.498115,1514,0,0.000110149
1479887968.498198,743,0,0.000082970
1479887968.499004,66,1,0.000805855
1479887968.500805,66,1,0.001801014
1479887968.501254,66,1,0.000449181
1479887968.588876,200,1,0.087621927
1479887968.837395,300,0,0.248518944
1479887968.839861,66,1,0.002465963
1479887968.923058,620,1,0.083197117
1479887969.189960,167,0,0.266901970
1479887969.228909,66,1,0.038949013
1479887969.338156,284,1,0.109246969
1479887969.591965,135,0,0.253808975
1479887969.649767,66,1,0.057801962
1479887971.624985,172,1,1.975218058
1479887973.000236,42,0,1.375251055
1479887973.001006,42,1,0.000769854
1479887991.593057,172,1,18.592051029
1479888031.529127,172,1,39.936069965
1479888036.529681,42,1,5.000554085
1479888036.529720,42,0,0.000039101
1479888111.401271,172,1,74.871551037
1479888116.401193,42,1,4.999921799
1479888116.401236,42,0,0.000043154
1479888144.627187,113,1,28.225950956
1479888205.522360,172,1,60.895173073
1479888205.765588,135,0,0.243227959
1479888205.767394,66,1,0.001806021
1479888210.770228,42,0,5.002833843
1479888210.772772,42,1,0.002544165
1479888305.224673,75,1,94.451900959
1479888305.435546,529,0,0.210872889
1479888305.438328,90,1,0.002782106
1479888305.712088,90,0,0.273760080
1479888310.221546,42,1,4.509457827
1479888310.221606,42,0,0.000060081
1479888441.690821,172,1,131.469214916
1479888441.934021,135,0,0.243200064
1479888441.936416,66,1,0.002394915
1479888446.940242,42,0,5.003826141
1479888446.947553,42,1,0.007310867
1479888677.771236,172,1,230.823683023
1479888678.014455,135,0,0.243219137
1479888678.314027,172,1,0.299571991
1479888678.516420,135,0,0.202392817
1479888678.520126,66,1,0.003706217
1479888678.556918,78,0,0.036791801
1479888683.020243,42,0,4.463325024
1479888683.020998,42,1,0.000755072
1479888744.631599,113,1,61.610600948
1479888912.187667,172,1,167.556067944
1479888912.430547,66,0,0.242880106
1479888912.430883,135,0,0.000335932
1479888912.433208,66,1,0.002325058
1479888917.440252,42,0,5.007044077
1479888917.442644,42,1,0.002391815
1479889148.268327,172,1,230.825683117
1479889148.511520,135,0,0.243192911
1479889148.514024,66,1,0.002504110
1479889153.520241,42,0,5.006217003
1479889153.521016,42,1,0.000774860
1479889344.643033,113,1,191.122017145
1479889384.351787,172,1,39.708754063
1479889384.595081,135,0,0.243294001
1479889384.597872,66,1,0.002790928
1479889389.600241,42,0,5.002368927
1479889389.602019,42,1,0.001778126
1479889620.429263,172,1,230.827244043
1479889620.672556,135,0,0.243292809
1479889620.675116,66,1,0.002560139
1479889625.680242,42,0,5.005125999
1479889625.680992,42,1,0.000749826
1479889856.509497,172,1,230.828505039
1479889856.752708,135,0,0.243211031
1479889856.755112,66,1,0.002403975
1479889861.760360,42,0,5.005248070
1479889861.763050,42,1,0.002690077
1479889944.642621,113,1,82.879570961
1479890092.591765,172,1,147.949143887
1479890092.834925,135,0,0.243160009
1479890092.837353,66,1,0.002428055
1479890097.840242,42,0,5.002888918
1479890097.841039,42,1,0.000797033
1479890328.774463,172,1,230.933423996
1479890329.022401,135,0,0.247938156
1479890329.392344,135,0,0.369942904
1479890329.393165,66,1,0.000821114
1479890334.030232,42,0,4.637066841
1479890334.030998,42,1,0.000766039
1479890544.647368,113,1,210.616369963
1479890565.166883,172,1,20.519515038
1479890565.414784,135,0,0.247900963
1479890565.417258,66,1,0.002474070
1479890570.420241,42,0,5.002983093
1479890570.421043,42,1,0.000801802
1479890801.249307,172,1,230.828263998
1479890801.492378,135,0,0.243071079
1479890801.856371,135,0,0.363992929
1479890801.858358,66,1,0.001986980
1479890806.500244,42,0,4.641885996
1479890806.501008,42,1,0.000764132
1479891037.639819,172,1,231.138810873
1479891037.887778,135,0,0.247959137
1479891037.890449,66,1,0.002671003
1479891042.890255,42,0,4.999805927
1479891042.891510,42,1,0.001255035
1479891144.645305,113,1,101.753794909
1479891273.720289,172,1,129.074984074
1479891273.963353,135,0,0.243063927
1479891273.966010,66,1,0.002657175
1479891278.970550,42,0,5.004539967
1479891278.972129,42,1,0.001579046
1479891509.803163,172,1,230.831033945
1479891510.046272,135,0,0.243108988
1479891510.404258,135,0,0.357985973
1479891510.405078,66,1,0.000819921
1479891515.050242,42,0,4.645164013
1479891515.051006,42,1,0.000764132
1479891744.009389,172,1,228.958382845
1479891744.252562,135,0,0.243173122
1479891744.254953,66,1,0.002390862
1479891744.648337,113,1,0.393383980
1479891749.260240,42,0,4.611903191
1479891749.264625,42,1,0.004384995
1479891908.121662,75,1,158.857036829
1479891908.417779,525,0,0.296117067
1479891908.420357,90,1,0.002578020
1479891908.695157,90,0,0.274800062
1479891913.120596,42,1,4.425438881
1479891913.120657,42,0,0.000061035
1479891980.089781,172,1,66.969124079
1479891980.337758,135,0,0.247977018
1479891980.340762,66,1,0.003003836
1479891985.340233,42,0,4.999471188
1479891985.340989,42,1,0.000756025
1479892216.246239,172,1,230.905249834
1479892216.494195,135,0,0.247956038
1479892216.496656,66,1,0.002460957
1479892221.500232,42,0,5.003576040
1479892221.500993,42,1,0.000761032
1479892344.662336,113,1,123.161343098
1479892452.222757,172,1,107.560420990
1479892452.465830,135,0,0.243072987
1479892452.468415,66,1,0.002584934
1479892457.470232,42,0,5.001816988
1479892457.471013,42,1,0.000781059
1479892688.096567,172,1,230.625553846
1479892688.339658,135,0,0.243091106
1479892688.342318,66,1,0.002660036
1479892693.340240,42,0,4.997921944
1479892693.341008,42,1,0.000767946
1479892924.175804,172,1,230.834795952
1479892924.423608,135,0,0.247804165
1479892924.780438,135,0,0.356829882
1479892924.787117,66,1,0.006679058
1479892929.430242,42,0,4.643125057
1479892929.431352,42,1,0.001109838
1479892944.665176,113,1,15.233824015
1479893160.571613,172,1,215.906437159
1479893160.814646,135,0,0.243032932
1479893160.817790,66,1,0.003144026
1479893165.820230,42,0,5.002439976
1479893165.821001,42,1,0.000771046
1479893396.648891,172,1,230.827889919
1479893396.891917,135,0,0.243026018
1479893396.892756,66,1,0.000838995
1479893401.900242,42,0,5.007486105
1479893401.901002,42,1,0.000759840
1479893544.680657,113,1,142.779654980
1479893632.729377,172,1,88.048720121
1479893632.972472,135,0,0.243094921
1479893632.974996,66,1,0.002524137
1479893637.980235,42,0,5.005239010
1479893637.981015,42,1,0.000779867
1479893868.809949,172,1,230.828933954
1479893869.053035,135,0,0.243086100
1479893869.412550,135,0,0.359514952
1479893869.413374,66,1,0.000823975
1479893874.060238,42,0,4.646863937
1479893874.061012,42,1,0.000774145
1479894103.202437,172,1,229.141424894
1479894104.193480,172,1,0.991043091
1479894106.177539,172,1,1.984059095
1479894108.201445,42,1,2.023905993
1479894108.201487,42,0,0.000041962
1479894108.403851,103,1,0.202363968
1479894110.145485,172,1,1.741633892
1479894118.082069,172,1,7.936583996
1479894119.946305,80,1,1.864236116
1479894119.955098,418,0,0.008792877
1479894119.957676,74,1,0.002578020
1479894120.205430,74,0,0.247754097
1479894120.206659,66,1,0.001229048
1479894120.207628,281,1,0.000968933
1479894120.455491,66,0,0.247863054
1479894120.458603,1514,0,0.003111839
1479894120.458723,1514,0,0.000120163
1479894120.458810,743,0,0.000087023
1479894120.459649,66,1,0.000838995
1479894120.460556,66,1,0.000906944
1479894120.460666,66,1,0.000109911
1479894120.549821,200,1,0.089154959
1479894120.798341,300,0,0.248520136
1479894120.801183,66,1,0.002841949
1479894120.883778,620,1,0.082595110
1479894121.144125,167,0,0.260346889
1479894121.181457,66,1,0.037332058
1479894121.298728,284,1,0.117270947
1479894121.553294,135,0,0.254565954
1479894121.610989,66,1,0.057695150
1479894124.960244,42,0,3.349254847
1479894124.961835,42,1,0.001590967
1479894133.953503,172,1,8.991667986
1479894144.687103,113,1,10.733600140
1479894165.697676,172,1,21.010572910
1479894170.697578,42,1,4.999902010
1479894170.697620,42,0,0.000041962
1479894171.697575,42,1,0.999955177
1479894171.697614,42,0,0.000038862
1479894229.185791,172,1,57.488177061
1479894234.185715,42,1,4.999923944
1479894234.185755,42,0,0.000040054
1479894357.483164,172,1,123.297409058
1479894357.732171,135,0,0.249006987
1479894358.082037,172,1,0.349865913
1479894358.316605,135,0,0.234568119
1479894358.319421,66,1,0.002815962
1479894358.329565,78,0,0.010143995
1479894362.740239,42,0,4.410673857
1479894362.741027,42,1,0.000788212
1479894592.009190,172,1,229.268162966
1479894592.256761,66,0,0.247570992
1479894592.257094,135,0,0.000332832
1479894592.259421,66,1,0.002327204
1479894597.260239,42,0,5.000817776
1479894597.265065,42,1,0.004826069
1479894744.679833,113,1,147.414767981
1479894828.084034,172,1,83.404201031
1479894828.331908,135,0,0.247874022
1479894828.334352,66,1,0.002444029
1479894833.340245,42,0,5.005892992
1479894833.340814,42,1,0.000569105
1479895064.164595,172,1,230.823780775
1479895064.412461,135,0,0.247866154
1479895064.872734,135,0,0.460273027
1479895064.873562,66,1,0.000828028
1479895069.420233,42,0,4.546670914
1479895069.420992,42,1,0.000758886
1479895300.662636,172,1,231.241644144
1479895300.910607,135,0,0.247971058
1479895300.913332,66,1,0.002724886
1479895305.920242,42,0,5.006910086
1479895305.921539,42,1,0.001296997
1479895344.683054,113,1,38.761514902
1479895511.101092,75,1,166.418038130
1479895511.124853,541,0,0.023760796
1479895511.127542,90,1,0.002689123
1479895511.398168,90,0,0.270626068
1479895516.100564,42,1,4.702395916
1479895516.100628,42,0,0.000063896
1479895536.747180,172,1,20.646552086
1479895536.995070,135,0,0.247889996
1479895537.408768,135,0,0.413697958
1479895537.409945,66,1,0.001177073
1479895542.000231,42,0,4.590286016
1479895542.000994,42,1,0.000762939
1479895771.054085,172,1,229.053091049
1479895771.302031,135,0,0.247946024
1479895771.305001,66,1,0.002969980
1479895776.310255,42,0,5.005254030
1479895776.317118,42,1,0.006862879
1479895944.700115,113,1,168.382997036
1479896007.382655,172,1,62.682539940
1479896007.630646,135,0,0.247991085
1479896007.632119,66,1,0.001472950
1479896012.640241,42,0,5.008121967
1479896012.641038,42,1,0.000797033
1479896243.464859,172,1,230.823821068
1479896243.712920,135,0,0.248060942
1479896243.715468,66,1,0.002547979
1479896248.720233,42,0,5.004765034
1479896248.720994,42,1,0.000761032
1479896479.441842,172,1,230.720848083
1479896479.689787,135,0,0.247944832
1479896479.692402,66,1,0.002614975
1479896484.690232,42,0,4.997830153
1479896484.690995,42,1,0.000762939
1479896544.695014,113,1,60.004019022
1479896715.520650,172,1,170.825635910
1479896715.768576,135,0,0.247925997
1479896715.770066,66,1,0.001490116
1479896720.770241,42,0,5.000174999
1479896720.771447,42,1,0.001205921
1479896951.600604,172,1,230.829157114
1479896951.848635,135,0,0.248030901
1479896951.851159,66,1,0.002524137
1479896956.850245,42,0,4.999085903
1479896956.851010,42,1,0.000765085
1479897144.694642,113,1,187.843631983
1479897187.681066,172,1,42.986423969
1479897187.928936,135,0,0.247869968
1479897187.931552,66,1,0.002615929
1479897192.930246,42,0,4.998694181
1479897192.931023,42,1,0.000776768
1479897423.761595,172,1,230.830572128
1479897424.009459,135,0,0.247864008
1479897424.011921,66,1,0.002461910
1479897429.010239,42,0,4.998317957
1479897429.011005,42,1,0.000766039
1479897659.842017,172,1,230.831012011
1479897660.090039,135,0,0.248022079
1479897660.092382,66,1,0.002342939
1479897665.090237,42,0,4.997854948
1479897665.090997,42,1,0.000760078
1479897744.709417,113,1,79.618420124
1479897896.026551,172,1,151.317133904
1479897896.274491,135,0,0.247940063
1479897896.275178,66,1,0.000686884
1479897901.280243,42,0,5.005064964
1479897901.281029,42,1,0.000786066
1479898132.106981,172,1,230.825952053
1479898132.354784,135,0,0.247802973
1479898132.712827,135,0,0.358042955
1479898132.716722,66,1,0.003895044
1479898137.360233,42,0,4.643511057
1479898137.361331,42,1,0.001097918
1479898344.720492,113,1,207.359160900
1479898368.504437,172,1,23.783945084
1479898368.752391,135,0,0.247954130
1479898368.755095,66,1,0.002703905
1479898373.760240,42,0,5.005145073
1479898373.761027,42,1,0.000787020
1479898604.580246,172,1,230.819218874
1479898604.828110,135,0,0.247864008
1479898604.831135,66,1,0.003025055
1479898609.830246,42,0,4.999110937
1479898609.831019,42,1,0.000772953
1479898840.660444,172,1,230.829425097
1479898840.908264,135,0,0.247819901
1479898840.920272,66,1,0.012008190
1479898845.910248,42,0,4.989975929
1479898845.911009,42,1,0.000761032
1479898944.707403,113,1,98.796393871
1479899076.740942,172,1,132.033539057
1479899076.988744,135,0,0.247802019
1479899076.991527,66,1,0.002783060
1479899081.990232,42,0,4.998704910
1479899081.993080,42,1,0.002847910
1479899113.840571,75,1,31.847491026
1479899113.861246,533,0,0.020675182
1479899113.868502,90,1,0.007255793
1479899114.042560,90,0,0.174058199
1479899118.840360,42,1,4.797799826
1479899118.840419,42,0,0.000059128
1479899312.821482,172,1,193.981062889
1479899313.069432,135,0,0.247950077
1479899313.071888,66,1,0.002455950
1479899318.070240,42,0,4.998352051
1479899318.070998,42,1,0.000757933
1479899544.717955,113,1,226.646957159
1479899548.797935,172,1,4.079979897
1479899549.045777,135,0,0.247842073
1479899549.048270,66,1,0.002492905
1479899554.050238,42,0,5.001967907
1479899554.051020,42,1,0.000782013
1479899784.962392,172,1,230.911372185
1479899785.210223,135,0,0.247830868
1479899785.215989,66,1,0.005766153
1479899790.210231,42,0,4.994241953
1479899790.210996,42,1,0.000764847
1479900021.044268,172,1,230.833271980
1479900021.292089,135,0,0.247821093
1479900021.294756,66,1,0.002666950
1479900026.300250,42,0,5.005494118
1479900026.301013,42,1,0.000762939
1479900144.715419,113,1,118.414406061
1479900257.123435,172,1,112.408015966
1479900257.706447,172,1,0.583011866
1479900258.874446,172,1,1.167999029
1479900261.216604,172,1,2.342158079
1479900262.123492,42,1,0.906888008
1479900262.123531,42,0,0.000039101
1479900262.324989,103,1,0.201457977
1479900265.882479,172,1,3.557489872
1479900272.829787,80,1,6.947308064
1479900272.838687,418,0,0.008899927
1479900275.226500,172,1,2.387813091
1479900277.840238,42,0,2.613738060
1479900277.844646,42,1,0.004407883
1479900282.838664,80,1,4.994018078
1479900282.839041,220,0,0.000376940
1479900282.840133,74,1,0.001091957
1479900282.984690,74,0,0.144556999
1479900282.987452,66,1,0.002762079
1479900282.988436,281,1,0.000983953
1479900283.132964,66,0,0.144527912
1479900283.136111,1514,0,0.003147125
1479900283.136233,1514,0,0.000122070
1479900283.136319,743,0,0.000085831
1479900283.137613,66,1,0.001294136
1479900283.137719,66,1,0.000105858
1479900283.137783,66,1,0.000064135
1479900283.225603,200,1,0.087820053
1479900283.370780,300,0,0.145176888
1479900283.373064,66,1,0.002284050
1479900283.438213,620,1,0.065149069
1479900283.594377,167,0,0.156163931
1479900283.634452,66,1,0.040075064
1479900283.747737,284,1,0.113284826
1479900283.898668,135,0,0.150931120
1479900283.954567,66,1,0.055898905
1479900293.914562,172,1,9.959995031
1479900331.290638,172,1,37.376075983
1479900336.290326,42,1,4.999688148
1479900336.290366,42,0,0.000039816
1479900406.042802,172,1,69.752436161
1479900519.827956,172,1,113.785153866
1479900519.972513,135,0,0.144556999
1479900519.975061,66,1,0.002547979
1479900524.980234,42,0,5.005172968
1479900524.982271,42,1,0.002037048
1479900744.720844,113,1,219.738573074
1479900755.804388,172,1,11.083544016
1479900755.948894,135,0,0.144505978
1479900755.951386,66,1,0.002491951
1479900760.950233,42,0,4.998847008
1479900760.951031,42,1,0.000797987
1479900991.780821,172,1,230.829790115
1479900991.925224,135,0,0.144402981
1479900992.155883,172,1,0.230659008
1479900992.240888,135,0,0.085005045
1479900992.241715,66,1,0.000826836
1479900992.299919,78,0,0.058203936
1479900996.930235,42,0,4.630316019
1479900996.934811,42,1,0.004576206
1479901228.069314,172,1,231.134502888
1479901228.213413,66,0,0.144098997
1479901228.213747,135,0,0.000334024
1479901228.216066,66,1,0.002318859
1479901233.220243,42,0,5.004177094
1479901233.222009,42,1,0.001765966
1479901344.721130,113,1,111.499120951
1479901464.233732,172,1,119.512602091
1479901464.378099,135,0,0.144366980
1479901464.664872,135,0,0.286772966
1479901464.665734,66,1,0.000862122
1479901469.380242,42,0,4.714508057
1479901469.381296,42,1,0.001053810
1479901637.017319,590,1,167.636023045
1479901637.019506,342,0,0.002187014
1479901642.017049,42,1,4.997543097
1479901642.017111,42,0,0.000061989
1479901700.522264,172,1,58.505152941
1479901700.666749,135,0,0.144484997
1479901700.669231,66,1,0.002481937
1479901705.670244,42,0,5.001013041
1479901705.674819,42,1,0.004575014
1479901936.498661,172,1,230.823842049
1479901936.643012,135,0,0.144351006
1479901936.916788,135,0,0.273776054
1479901936.917691,66,1,0.000902891
1479901941.650242,42,0,4.732551098
1479901941.651026,42,1,0.000783920
1479901944.729328,113,1,3.078301907
1479902172.787061,172,1,228.057733059
1479902172.932478,135,0,0.145416975
1479902173.196770,135,0,0.264292002
1479902173.197610,66,1,0.000839949
1479902177.940244,42,0,4.742634058
1479902177.941006,42,1,0.000761986
1479902408.972279,172,1,231.031273127
1479902409.116672,135,0,0.144392967
1479902409.117510,66,1,0.000838041
1479902414.120245,42,0,5.002734900
1479902414.121005,42,1,0.000760078
1479902544.729418,113,1,130.608412981
1479902644.947955,172,1,100.218536854
1479902645.092325,135,0,0.144370079
1479902645.094733,66,1,0.002408028
1479902650.100237,42,0,5.005503893
1479902650.101034,42,1,0.000797033
1479902716.448504,75,1,66.347470045
1479902716.621006,549,0,0.172502041
1479902716.624102,90,1,0.003096104
1479902716.896856,90,0,0.272753954
1479902721.447110,42,1,4.550253868
1479902721.447169,42,0,0.000059128
1479902880.924463,172,1,159.477293968
1479902881.068860,135,0,0.144397020
1479902881.071398,66,1,0.002537966
1479902886.070239,42,0,4.998841047
1479902886.070994,42,1,0.000754833
1479903116.900969,172,1,230.829975128
1479903117.045339,135,0,0.144370079
1479903117.304668,135,0,0.259328842
1479903117.306021,66,1,0.001353025
1479903122.050243,42,0,4.744221926
1479903122.050997,42,1,0.000754118
1479903144.722904,113,1,22.671906948
1479903351.057076,172,1,206.334172010
1479903351.201552,135,0,0.144475937
1479903351.204164,66,1,0.002612114
1479903356.210244,42,0,5.006079912
1479903356.211023,42,1,0.000779152
1479903587.033844,172,1,230.822820902
1479903587.178255,135,0,0.144411087
1479903587.436653,135,0,0.258397818
1479903587.437356,66,1,0.000703096
1479903592.180244,42,0,4.742887974
1479903592.184066,42,1,0.003822088
1479903744.738611,113,1,152.554544926
1479903823.218317,172,1,78.479706049
1479903823.362709,135,0,0.144392014
1479903823.365398,66,1,0.002688885
1479903828.370231,42,0,5.004832983
1479903828.371015,42,1,0.000784159
1479904059.194746,172,1,230.823730946
1479904059.339428,135,0,0.144681931
1479904059.596624,135,0,0.257195950
1479904059.597448,66,1,0.000824213
1479904064.340230,42,0,4.742781878
1479904064.340997,42,1,0.000766993
1479904295.380473,172,1,231.039475918
1479904295.524886,135,0,0.144412994
1479904295.785500,135,0,0.260614157
1479904295.803706,66,1,0.018205881
1479904300.530243,42,0,4.726536989
1479904300.531003,42,1,0.000760078
1479904344.752759,113,1,44.221755981
1479904531.667718,172,1,186.914958954
1479904531.812081,135,0,0.144363165
1479904532.068622,135,0,0.256541014
1479904532.069487,66,1,0.000864983
1479904536.820240,42,0,4.750752926
1479904536.821026,42,1,0.000786066
1479904767.852280,172,1,231.031253815
1479904767.996686,135,0,0.144406080
1479904768.256632,135,0,0.259946108
1479904768.262127,66,1,0.005494833
1479904773.000241,42,0,4.738114119
1479904773.001005,42,1,0.000763893
1479904944.739425,113,1,171.738420010
1479905004.036641,172,1,59.297215939
1479905004.181167,135,0,0.144526005
1479905004.183765,66,1,0.002598047
1479905009.190247,42,0,5.006482124
1479905009.191035,42,1,0.000787973
1479905240.089119,172,1,230.898083925
1479905240.233696,135,0,0.144577026
1479905240.236134,66,1,0.002438068
1479905245.240234,42,0,5.004099846
1479905245.245089,42,1,0.004855156
1479905476.065515,172,1,230.820425987
1479905476.210056,135,0,0.144541025
1479905476.211533,66,1,0.001477003
1479905481.210242,42,0,4.998708963
1479905481.210997,42,1,0.000755072
1479905544.748024,113,1,63.537026882
1479905712.041948,172,1,167.293924093
1479905712.186522,135,0,0.144573927
1479905712.448696,135,0,0.262173891
1479905712.449763,66,1,0.001067162
1479905717.190236,42,0,4.740473032
1479905717.191018,42,1,0.000782013
1479905948.746432,172,1,231.555413961
1479905948.890935,135,0,0.144502878
1479905948.893308,66,1,0.002372980
1479905953.900240,42,0,5.006932020
1479905953.900999,42,1,0.000759125
1479906144.753010,113,1,190.852010965
1479906185.146867,172,1,40.393857002
1479906185.291539,135,0,0.144671917
1479906185.293012,66,1,0.001472950
1479906190.300245,42,0,5.007233143
1479906190.305412,42,1,0.005167007
1479906319.435493,75,1,129.130080938
1479906319.457229,525,0,0.021735907
1479906319.459722,90,1,0.002493143
1479906319.744492,90,0,0.284770012
1479906324.434134,42,1,4.689641953
1479906324.434194,42,0,0.000060081
1479906421.123369,172,1,96.689174891
1479906421.914153,172,1,0.790784121
1479906423.498402,172,1,1.584249020
1479906426.125418,42,1,2.627015829
1479906426.125457,42,0,0.000039101
1479906426.331798,103,1,0.206341028
1479906426.666381,172,1,0.334582806
1479906433.002656,172,1,6.336275101
1479906437.867830,80,1,4.865174055
1479906437.876877,418,0,0.009047031
1479906437.879753,74,1,0.002876043
1479906438.023518,74,0,0.143764973
1479906438.025123,66,1,0.001604795
1479906438.026063,281,1,0.000940084
1479906438.169878,66,0,0.143815041
1479906438.173001,1514,0,0.003123045
1479906438.173121,1514,0,0.000119925
1479906438.173202,743,0,0.000081062
1479906438.174514,66,1,0.001312017
1479906438.180088,66,1,0.005573988
1479906438.180184,66,1,0.000095844
1479906438.263055,200,1,0.082871199
1479906438.407535,300,0,0.144479990
1479906438.432565,66,1,0.025029898
1479906438.492494,620,1,0.059929132
1479906438.649446,167,0,0.156951904
1479906438.686090,66,1,0.036643982
1479906438.803707,284,1,0.117616892
1479906438.954411,135,0,0.150704145
1479906439.016283,66,1,0.061872005
1479906442.880255,42,0,3.863971949
1479906442.880785,42,1,0.000530005
1479906445.674450,172,1,2.793664932
1479906471.018766,172,1,25.344316006
1479906476.018434,42,1,4.999668121
1479906476.018474,42,0,0.000040054
1479906521.706604,172,1,45.688129902
1479906526.706551,42,1,4.999947071
1479906526.706594,42,0,0.000042915
1479906623.082791,172,1,96.376197100
1479906628.082727,42,1,4.999935865
1479906628.082770,42,0,0.000043154
1479906674.883823,172,1,46.801052809
1479906675.028613,135,0,0.144790173
1479906675.277680,172,1,0.249066830
1479906675.397261,135,0,0.119580984
1479906675.400084,66,1,0.002823114
1479906675.421196,78,0,0.021111965
1479906680.030230,42,0,4.609034061
1479906680.030998,42,1,0.000767946
1479906744.754878,113,1,64.723880053
1479906911.172271,172,1,166.417392969
1479906911.315775,66,0,0.143503904
1479906911.316971,135,0,0.001196146
1479906911.323470,66,1,0.006499052
1479906916.320243,42,0,4.996772766
1479906916.321027,42,1,0.000784159
1479907147.149717,172,1,230.828690052
1479907147.333246,66,0,0.183528900
1479907147.595883,135,0,0.262636900
1479907147.598230,66,1,0.002346992
1479907152.340246,42,0,4.742016077
1479907152.341006,42,1,0.000760078
1479907344.757602,113,1,192.416595936
1479907383.451175,172,1,38.693572998
1479907383.594683,66,0,0.143507957
1479907383.595858,135,0,0.001175165
1479907383.597385,66,1,0.001526833
1479907388.600245,42,0,5.002860069
1479907388.604799,42,1,0.004554033
1479907619.421822,172,1,230.817023039
1479907619.566538,135,0,0.144716024
1479907619.861292,135,0,0.294753790
1479907619.862133,66,1,0.000841141
1479907624.570233,42,0,4.708100080
1479907624.570995,42,1,0.000761986
1479907855.759720,172,1,231.188724995
1479907855.904378,135,0,0.144657850
1479907856.189332,135,0,0.284954071
1479907856.201042,66,1,0.011709929
1479907860.910240,42,0,4.709197998
1479907860.911003,42,1,0.000763178
1479907944.768291,113,1,83.857287884
1479908092.046606,172,1,147.278315067
1479908092.191280,135,0,0.144673824
1479908092.193753,66,1,0.002473116
1479908097.200246,42,0,5.006493092
1479908097.201181,42,1,0.000934839
1479908328.023136,172,1,230.821954966
1479908328.167794,135,0,0.144658089
1479908328.170195,66,1,0.002401114
1479908333.170243,42,0,5.000047922
1479908333.171012,42,1,0.000768900
1479908544.760353,113,1,211.589341164
1479908563.895698,172,1,19.135344982
1479908564.040350,135,0,0.144651890
1479908564.044699,66,1,0.004348993
1479908569.050237,42,0,5.005537987
1479908569.051011,42,1,0.000774145
1479908799.872183,172,1,230.821171999
1479908800.016925,135,0,0.144742012
1479908800.019475,66,1,0.002549887
1479908805.020237,42,0,5.000761986
1479908805.021000,42,1,0.000762939
1479909035.848542,172,1,230.827542067
1479909035.993242,135,0,0.144700050
1479909035.995659,66,1,0.002417088
1479909041.000247,42,0,5.004587889
1479909041.001253,42,1,0.001005888
1479909144.767737,113,1,103.766484022
1479909271.824969,172,1,127.057232141
1479909271.969710,135,0,0.144741058
1479909271.972194,66,1,0.002483845
1479909276.970242,42,0,4.998048067
1479909276.971022,42,1,0.000779867
1479909507.802004,172,1,230.830982208
1479909507.946694,135,0,0.144689798
1479909507.949234,66,1,0.002540112
1479909512.950239,42,0,5.001004934
1479909512.951003,42,1,0.000764132
1479909743.830018,172,1,230.879014969
1479909743.974708,135,0,0.144690037
1479909743.977284,66,1,0.002575874
1479909744.784300,113,1,0.807016134
1479909748.980240,42,0,4.195940018
1479909748.984492,42,1,0.004251957
1479909922.149728,75,1,173.165235996
1479909922.170055,533,0,0.020326853
1479909922.171587,90,1,0.001532078
1479909922.464201,90,0,0.292613983
1479909927.149182,42,1,4.684981108
1479909927.149239,42,0,0.000056982
1479909979.806324,172,1,52.657084942
1479909979.952038,135,0,0.145714045
1479909979.954662,66,1,0.002624035
1479909984.960239,42,0,5.005576849
1479909985.026209,42,1,0.065970182
1479910215.782720,172,1,230.756510973
1479910215.927408,135,0,0.144687891
1479910215.930449,66,1,0.003041029
1479910220.930242,42,0,4.999793053
1479910220.931001,42,1,0.000758886
1479910344.769003,113,1,123.838001966
1479910451.759169,172,1,106.990166187
1479910451.903826,135,0,0.144656897
1479910452.161099,135,0,0.257272959
1479910452.161984,66,1,0.000885010
1479910456.910241,42,0,4.748256922
1479910456.911358,42,1,0.001117229
1479910687.943665,172,1,231.032306910
1479910688.089536,135,0,0.145870924
1479910688.092144,66,1,0.002608061
1479910693.090243,42,0,4.998099089
1479910693.091003,42,1,0.000759840
1479910923.920071,172,1,230.829067945
1479910924.064728,135,0,0.144657135
1479910924.069637,66,1,0.004909039
1479910929.070232,42,0,5.000594854
1479910929.071018,42,1,0.000786066
1479910944.784513,113,1,15.713495016
1479911159.897932,172,1,215.113419056
1479911160.042632,135,0,0.144700050
1479911160.044104,66,1,0.001471996
1479911165.050239,42,0,5.006134987
1479911165.051020,42,1,0.000780821
1479911395.872978,172,1,230.821958065
1479911396.018700,135,0,0.145721912
1479911396.277038,135,0,0.258338213
1479911396.279056,66,1,0.002017975
1479911401.020241,42,0,4.741184950
1479911401.021582,42,1,0.001340866
1479911544.783582,113,1,143.762000084
1479911630.058848,172,1,85.275265932
1479911630.203520,135,0,0.144672155
1479911630.206375,66,1,0.002854824
1479911635.210244,42,0,5.003869057
1479911635.211023,42,1,0.000779152
1479911866.033952,172,1,230.822928905
1479911866.178603,135,0,0.144650936
1479911866.436839,135,0,0.258236170
1479911866.437663,66,1,0.000823975
1479911871.180312,42,0,4.742648840
1479911871.181391,42,1,0.001079082
1479912102.218371,172,1,231.036979914
1479912102.364151,135,0,0.145780087
1479912102.367091,66,1,0.002939939
1479912107.370230,42,0,5.003139019
1479912107.371000,42,1,0.000770092
1479912144.784888,113,1,37.413887978
1479912338.194874,172,1,193.409986019
1479912338.339850,135,0,0.144975901
1479912338.342307,66,1,0.002457142
1479912343.340240,42,0,4.997932911
1479912343.341420,42,1,0.001179934
1479912574.171309,172,1,230.829889059
1479912574.850385,172,1,0.679075956
1479912576.214105,172,1,1.363719940
1479912578.930376,172,1,2.716271162
1479912579.170330,42,1,0.239953995
1479912579.170371,42,0,0.000041008
1479912579.374406,103,1,0.204035044
1479912584.370405,172,1,4.995998859
1479912595.250434,172,1,10.880028963
1479912599.235228,80,1,3.984794140
1479912599.244491,418,0,0.009263039
1479912599.247573,74,1,0.003081799
1479912599.486713,74,0,0.239140034
1479912599.490796,66,1,0.004083157
1479912599.490924,281,1,0.000127792
1479912599.732775,66,0,0.241851091
1479912599.735897,1514,0,0.003122091
1479912599.736009,1514,0,0.000111818
1479912599.736097,743,0,0.000088215
1479912599.737518,66,1,0.001420975
1479912599.737619,66,1,0.000100851
1479912599.737683,66,1,0.000064135
1479912599.826944,200,1,0.089261055
1479912600.073173,300,0,0.246228933
1479912600.075533,66,1,0.002359867
1479912600.172510,620,1,0.096976995
1479912600.428822,167,0,0.256312132
1479912600.471765,66,1,0.042943001
1479912600.587618,284,1,0.115853071
1479912600.837701,135,0,0.250082970
1479912600.898453,66,1,0.060751915
1479912604.250243,42,0,3.351789951
1479912604.251003,42,1,0.000760078
1479912617.010483,172,1,12.759480000
1479912660.530561,172,1,43.520077944
1479912665.532144,42,1,5.001583099
1479912665.532186,42,0,0.000041962
1479912744.781887,113,1,79.249701023
1479912747.570772,172,1,2.788884878
1479912752.580440,42,1,5.009668112
1479912752.580479,42,0,0.000038862
1479912836.771893,172,1,84.191414118
1479912837.020395,135,0,0.248502016
1479912837.022857,66,1,0.002461910
1479912842.030241,42,0,5.007384062
1479912842.037405,42,1,0.007164001
1479913072.852321,172,1,230.814915895
1479913073.100615,135,0,0.248294115
1479913073.103646,66,1,0.003031015
1479913078.110234,42,0,5.006587982
1479913078.113683,42,1,0.003448963
1479913308.932786,172,1,230.819103003
1479913309.172820,135,0,0.240034103
1479913309.175269,66,1,0.002448797
1479913314.180230,42,0,5.004961014
1479913314.180999,42,1,0.000769138
1479913344.794866,113,1,30.613867044
1479913524.872818,75,1,180.077951908
1479913524.896387,517,0,0.023569107
1479913524.898989,90,1,0.002601862
1479913525.171816,90,0,0.272827148
1479913529.872283,42,1,4.700466871
1479913529.872340,42,0,0.000056982
1479913545.057313,172,1,15.184973001
1479913545.297393,135,0,0.240080118
1479913545.299957,66,1,0.002563953
1479913550.300229,42,0,5.000272036
1479913550.300998,42,1,0.000768900
1479913781.138532,172,1,230.837533951
1479913781.384740,135,0,0.246208191
1479913781.387243,66,1,0.002502918
1479913786.390233,42,0,5.002990007
1479913786.390997,42,1,0.000763893
1479913944.805352,113,1,158.414355040
1479914017.218380,172,1,72.413028002
1479914017.458001,135,0,0.239620924
1479914017.459458,66,1,0.001457214
1479914022.460243,42,0,5.000784874
1479914022.461254,42,1,0.001010895
1479914253.194902,172,1,230.733648062
1479914253.442623,135,0,0.247720957
1479914253.665917,172,1,0.223294020
1479914253.841900,135,0,0.175983191
1479914253.842733,66,1,0.000832796
1479914253.904806,78,0,0.062072992
1479914258.450230,42,0,4.545423985
1479914258.450997,42,1,0.000767231
1479914489.485801,172,1,231.034803867
1479914489.725541,66,0,0.239740133
1479914489.726706,135,0,0.001164913
1479914489.728276,66,1,0.001569986
1479914494.730243,42,0,5.001966953
1479914494.731395,42,1,0.001152039
1479914544.800775,113,1,50.069380045
1479914725.563925,172,1,180.763149977
1479914725.807461,135,0,0.243535995
1479914725.809967,66,1,0.002506018
1479914730.810241,42,0,5.000273943
1479914730.811032,42,1,0.000791073
1479914961.644396,172,1,230.833364010
1479914961.884124,135,0,0.239727974
1479914962.253946,135,0,0.369822025
1479914962.254778,66,1,0.000831842
1479914966.890243,42,0,4.635465145
1479914966.891010,42,1,0.000766993
1479915144.803917,113,1,177.912906885
1479915197.932954,172,1,53.129037142
1479915198.177524,135,0,0.244570017
1479915198.537967,135,0,0.360442877
1479915198.538826,66,1,0.000859022
1479915203.180244,42,0,4.641417980
1479915203.182488,42,1,0.002243996
1479915432.293500,172,1,229.111011982
1479915432.535811,135,0,0.242311001
1479915432.893963,135,0,0.358152151
1479915432.894820,66,1,0.000856876
1479915437.540244,42,0,4.645424128
1479915437.541000,42,1,0.000755787
1479915668.685981,172,1,231.144981146
1479915668.926269,135,0,0.240288019
1479915668.933242,66,1,0.006973028
1479915673.930239,42,0,4.996996880
1479915673.931366,42,1,0.001127005
1479915744.809538,113,1,70.878171921
1479915904.767161,172,1,159.957623005
1479915905.015218,135,0,0.248057127
1479915905.017696,66,1,0.002477884
1479915910.020243,42,0,5.002547026
1479915910.020999,42,1,0.000756025
1479916140.849370,172,1,230.828371048
1479916141.090880,135,0,0.241509914
1479916141.095569,66,1,0.004688978
1479916146.100244,42,0,5.004675150
1479916146.101317,42,1,0.001072884
1479916344.807207,113,1,198.705890179
1479916376.823546,172,1,32.016338825
1479916377.070169,135,0,0.246623039
1479916377.072700,66,1,0.002531052
1479916382.070245,42,0,4.997545004
1479916382.071046,42,1,0.000801086
1479916612.904109,172,1,230.833062887
1479916613.152062,135,0,0.247952938
1479916613.510327,135,0,0.358265162
1479916613.513655,66,1,0.003327847
1479916618.160248,42,0,4.646593094
1479916618.161474,42,1,0.001225948
1479916847.112573,172,1,228.951098919
1479916847.352188,135,0,0.239615202
1479916847.354559,66,1,0.002370834
1479916852.360256,42,0,5.005697012
1479916852.361100,42,1,0.000844002
1479916944.825307,113,1,92.464206934
1479917083.193099,172,1,138.367792130
1479917083.432693,135,0,0.239593983
1479917083.786498,135,0,0.353805065
1479917083.788131,66,1,0.001632929
1479917088.440239,42,0,4.652107954
1479917088.440809,42,1,0.000570059
1479917127.584774,75,1,39.143965006
1479917127.605744,529,0,0.020969868
1479917127.608386,90,1,0.002642155
1479917127.886124,90,0,0.277737856
1479917132.585773,42,1,4.699649096
1479917132.585830,42,0,0.000056982
1479917319.569788,172,1,186.983958006
1479917319.810435,135,0,0.240647078
1479917319.817101,66,1,0.006665945
1479917324.820244,42,0,5.003143072
1479917324.822536,42,1,0.002291918
1479917544.813133,113,1,219.990597010
1479917555.650272,172,1,10.837138891
1479917555.892730,135,0,0.242458105
1479917556.246563,135,0,0.353832960
1479917556.248184,66,1,0.001621008
1479917560.900244,42,0,4.652060032
1479917560.901051,42,1,0.000807047
1479917791.837295,172,1,230.936244011
1479917792.078229,135,0,0.240933895
1479917792.430620,135,0,0.352391005
1479917792.431454,66,1,0.000833988
1479917797.080248,42,0,4.648794174
1479917797.081007,42,1,0.000758886
1479918028.019197,172,1,230.938189983
1479918028.259464,135,0,0.240267038
1479918028.262268,66,1,0.002804041
1479918033.260244,42,0,4.997975826
1479918033.263462,42,1,0.003218174
1479918144.825376,113,1,111.561913967
1479918264.099724,172,1,119.274348021
1479918264.339405,135,0,0.239681005
1479918264.694683,135,0,0.355278015
1479918264.696872,66,1,0.002188921
1479918269.340239,42,0,4.643367052
1479918269.341022,42,1,0.000782967
1479918500.388293,172,1,231.047271013
1479918500.630294,135,0,0.242001057
1479918500.632677,66,1,0.002382994
1479918505.640249,42,0,5.007571936
1479918505.641004,42,1,0.000755072
1479918736.470387,172,1,230.829382896
1479918737.631843,172,1,1.161456108
1479918739.959849,172,1,2.328006029
1479918741.468166,42,1,1.508316994
1479918741.468202,42,0,0.000036001
1479918741.672155,103,1,0.203952789
1479918744.615849,172,1,2.943694115
1479918744.836621,113,1,0.220772028
1479918753.927925,172,1,9.091304064
1479918761.534775,80,1,7.606849909
1479918761.544015,418,0,0.009239912
1479918766.550242,42,0,5.006227016
1479918766.555775,42,1,0.005532980
1479918771.544304,80,1,4.988528967
1479918771.553726,418,0,0.009422064
1479918771.555332,74,1,0.001605988
1479918771.799294,74,0,0.243962049
1479918771.800684,66,1,0.001389980
1479918771.807174,281,1,0.006489992
1479918772.051205,66,0,0.244030952
1479918772.054351,1514,0,0.003146172
1479918772.054465,1514,0,0.000113964
1479918772.054548,743,0,0.000082970
1479918772.057159,66,1,0.002610922
1479918772.057345,66,1,0.000185966
1479918772.057433,66,1,0.000087976
1479918772.145379,200,1,0.087946177
1479918772.390043,300,0,0.244663954
1479918772.394477,66,1,0.004433870
1479918772.454018,620,1,0.059541225
1479918772.551955,172,1,0.097936869
1479918772.716620,167,0,0.164664984
1479918772.755854,66,1,0.039233923
1479918772.873637,284,1,0.117783070
1479918773.126358,135,0,0.252721071
1479918773.186281,66,1,0.059922934
1479918809.800044,172,1,36.613763094
1479918814.799964,42,1,4.999919891
1479918814.800000,42,0,0.000036001
1479918815.799949,42,1,0.999948978
1479918815.799983,42,0,0.000034094
1479918884.296204,172,1,68.496221066
1479918889.296128,42,1,4.999923944
1479918889.296169,42,0,0.000041008
1479918890.296128,42,1,0.999958992
1479918890.296171,42,0,0.000042915
1479919009.106981,172,1,118.810810089
1479919009.351578,135,0,0.244596958
1479919009.352435,66,1,0.000857115
1479919014.360242,42,0,5.007806778
1479919014.364731,42,1,0.004489183
1479919245.185931,172,1,230.821199894
1479919245.430139,135,0,0.244208097
1479919245.432737,66,1,0.002598047
1479919250.430241,42,0,4.997503996
1479919250.431006,42,1,0.000764847
1479919344.815469,113,1,94.384463072
1479919481.266596,172,1,136.451127052
1479919481.510671,135,0,0.244074821
1479919481.517827,66,1,0.007156134
1479919486.520240,42,0,5.002413034
1479919486.521020,42,1,0.000779867
1479919717.347044,172,1,230.826024055
1479919717.591051,135,0,0.244007111
1479919717.593613,66,1,0.002561808
1479919722.600245,42,0,5.006632090
1479919722.601022,42,1,0.000777006
1479919944.823949,113,1,222.222927094
1479919953.429845,172,1,8.605895996
1479919953.674055,135,0,0.244210005
1479919953.676470,66,1,0.002414942
1479919958.680230,42,0,5.003759861
1479919958.681008,42,1,0.000778198
1479920189.508040,172,1,230.827031851
1479920189.752124,135,0,0.244084120
1479920189.754561,66,1,0.002436876
1479920194.760247,42,0,5.005686045
1479920194.761006,42,1,0.000759125
1479920425.588604,172,1,230.827597857
1479920425.832632,135,0,0.244028091
1479920425.835422,66,1,0.002789974
1479920430.840255,42,0,5.004832983
1479920430.841328,42,1,0.001072884
1479920544.840120,113,1,113.998792171
1479920661.669113,172,1,116.828992844
1479920661.913299,135,0,0.244186163
1479920661.916038,66,1,0.002738953
1479920666.920262,42,0,5.004224062
1479920666.921043,42,1,0.000780821
1479920730.293435,75,1,63.372392178
1479920730.462240,517,0,0.168804884
1479920730.464901,90,1,0.002660990
1479920730.622793,90,0,0.157891989
1479920735.292274,42,1,4.669481039
1479920735.292337,42,0,0.000062943
1479920897.837803,172,1,162.545465946
1479920898.081879,135,0,0.244076014
1479920898.304692,172,1,0.222813129
1479920898.461738,135,0,0.157046080
1479920898.462593,66,1,0.000854969
1479920898.548370,78,0,0.085776806
1479920903.090231,42,0,4.541861057
1479920903.091002,42,1,0.000771046
1479921132.150462,172,1,229.059459925
1479921132.394148,66,0,0.243686199
1479921132.394636,135,0,0.000487804
1479921132.397664,66,1,0.003028154
1479921137.400244,42,0,5.002579927
1479921137.401012,42,1,0.000767946
1479921144.843209,113,1,7.442197084
1479921368.230727,172,1,223.387517929
1479921368.474858,135,0,0.244131088
1479921368.477285,66,1,0.002426863
1479921373.480240,42,0,5.002955198
1479921373.480999,42,1,0.000758886
1479921604.312032,172,1,230.831032991
1479921604.556039,135,0,0.244007111
1479921604.558632,66,1,0.002592802
1479921609.560244,42,0,5.001612186
1479921609.564038,42,1,0.003793955
1479921744.850045,113,1,135.286006927
1479921840.391813,172,1,95.541768074
1479921840.635856,135,0,0.244042873
1479921840.639147,66,1,0.003291130
1479921845.640242,42,0,5.001095057
1479921845.642089,42,1,0.001846790
1479922076.472264,172,1,230.830175161
1479922076.716466,135,0,0.244201899
1479922076.721293,66,1,0.004827023
1479922081.720240,42,0,4.998947144
1479922081.720999,42,1,0.000758886
1479922312.552737,172,1,230.831737995
1479922312.796988,135,0,0.244251013
1479922312.799445,66,1,0.002456903
1479922317.800259,42,0,5.000814199
1479922317.801049,42,1,0.000789881
1479922344.842863,113,1,27.041814089
1479922548.633243,172,1,203.790380001
1479922548.877285,135,0,0.244041920
1479922548.878733,66,1,0.001447916
1479922553.880234,42,0,5.001501083
1479922553.881029,42,1,0.000794888
1479922784.797669,172,1,230.916640043
1479922785.041884,135,0,0.244215012
1479922785.043341,66,1,0.001456976
1479922790.050241,42,0,5.006900072
1479922790.050996,42,1,0.000755072
1479922944.849003,113,1,154.798007011
1479923020.878166,172,1,76.029162884
1479923021.381209,172,1,0.503042936
1479923022.392320,172,1,1.011111021
1479923024.405229,172,1,2.012909174
1479923025.877171,42,1,1.471941948
1479923025.877212,42,0,0.000041008
1479923026.079777,103,1,0.202564955
1479923028.437224,172,1,2.357446909
1479923036.501314,172,1,8.064090014
1479923043.862072,80,1,7.360758066
1479923043.871605,418,0,0.009532928
1479923043.874114,74,1,0.002509117
1479923044.118080,74,0,0.243965864
1479923044.118923,66,1,0.000843048
1479923044.119886,281,1,0.000962973
1479923044.363966,66,0,0.244080067
1479923044.367162,1514,0,0.003196001
1479923044.367289,1514,0,0.000127077
1479923044.367371,743,0,0.000082016
1479923044.368850,66,1,0.001478910
1479923044.368954,66,1,0.000103951
1479923044.369019,66,1,0.000065088
1479923044.457917,200,1,0.088897943
1479923044.702759,300,0,0.244842052
1479923044.705039,66,1,0.002279997
1479923044.799346,620,1,0.094306946
1479923045.064499,167,0,0.265152931
1479923045.105215,66,1,0.040716171
1479923045.214460,284,1,0.109244823
1479923045.466562,135,0,0.252102137
1479923045.525327,66,1,0.058764935
1479923048.880244,42,0,3.354917049
1479923048.881010,42,1,0.000766039
1479923052.629289,172,1,3.748278856
1479923084.886587,172,1,32.257297993
1479923089.885309,42,1,4.998722076
1479923089.885349,42,0,0.000040054
1479923090.885309,42,1,0.999959946
1479923090.885351,42,0,0.000041962
1479923149.397506,172,1,58.512155056
1479923154.398236,42,1,5.000730038
1479923154.398276,42,0,0.000040054
1479923237.597896,590,1,83.199620008
1479923237.600050,342,0,0.002153873
1479923242.597626,42,1,4.997575998
1479923242.597685,42,0,0.000059128
1479923281.394829,172,1,38.797143936
1479923281.639718,135,0,0.244889021
1479923281.642163,66,1,0.002444983
1479923286.640239,42,0,4.998075962
1479923286.641000,42,1,0.000761032
1479923517.475166,172,1,230.834166050
1479923517.720045,135,0,0.244879007
1479923517.722658,66,1,0.002612829
1479923522.720247,42,0,4.997589111
1479923522.724328,42,1,0.004081011
1479923544.850075,113,1,22.125746965
1479923753.555687,172,1,208.705611944
1479923753.800691,135,0,0.245003939
1479923754.086725,172,1,0.286034107
1479923754.289811,135,0,0.203085899
1479923754.290735,66,1,0.000924110
1479923754.330454,78,0,0.039719105
1479923758.810241,42,0,4.479786873
1479923758.811029,42,1,0.000787973
1479923990.161796,172,1,231.350767136
1479923990.405530,66,0,0.243733883
1479923990.406700,135,0,0.001169920
1479923990.408247,66,1,0.001547098
1479923995.410244,42,0,5.001996994
1479923995.411356,42,1,0.001111984
1479924144.847123,113,1,149.435766935
1479924226.236642,172,1,81.389518976
1479924226.481672,135,0,0.245030165
1479924226.917722,135,0,0.436049938
1479924226.922230,66,1,0.004508018
1479924231.490273,42,0,4.568042994
1479924231.491289,42,1,0.001015902
1479924333.032432,75,1,101.541143179
1479924333.055382,533,0,0.022949934
1479924338.032797,42,1,4.977415085
1479924338.032847,42,0,0.000049829
1479924343.044096,75,1,5.011249065
1479924343.044443,139,0,0.000346899
1479924343.045524,90,1,0.001080990
1479924343.326333,90,0,0.280809164
1479924348.050244,42,0,4.723911047
1479924348.051013,42,1,0.000768900
1479924462.733171,172,1,114.682157993
1479924462.978013,135,0,0.244842052
1479924462.980578,66,1,0.002564907
1479924467.980245,42,0,4.999667168
1479924467.981024,42,1,0.000778913
1479924698.893634,172,1,230.912610054
1479924699.138687,135,0,0.245052814
1479924699.533635,135,0,0.394948006
1479924699.536628,66,1,0.002993107
1479924704.140231,42,0,4.603602886
1479924704.140992,42,1,0.000761032
1479924744.855325,113,1,40.714333057
1479924933.206142,172,1,188.350816965
1479924933.451010,135,0,0.244868040
1479924933.453762,66,1,0.002752066
1479924938.460243,42,0,5.006480932
1479924938.465897,42,1,0.005654097
1479925169.286610,172,1,230.820712805
1479925169.531588,135,0,0.244978189
1479925169.534023,66,1,0.002434969
1479925174.540242,42,0,5.006218910
1479925174.541006,42,1,0.000764132
1479925344.871562,113,1,170.330555916
1479925405.370970,172,1,60.499408007
1479925405.615914,135,0,0.244944096
1479925405.985583,135,0,0.369668961
1479925405.986716,66,1,0.001132965
1479925410.620242,42,0,4.633526087
1479925410.621025,42,1,0.000782967
1479925641.759620,172,1,231.138594866
1479925642.009405,135,0,0.249784946
1479925642.011962,66,1,0.002557039
1479925647.010235,42,0,4.998273134
1479925647.010996,42,1,0.000761032
1479925877.840100,172,1,230.829103947
1479925878.089755,135,0,0.249655008
1479925878.093341,66,1,0.003586054
1479925883.090232,42,0,4.996890783
1479925883.091013,42,1,0.000781059
1479925944.865016,113,1,61.774003029
1479926113.920596,172,1,169.055579901
1479926114.170382,135,0,0.249786139
1479926114.173245,66,1,0.002862930
1479926119.180240,42,0,5.006994963
1479926119.181036,42,1,0.000796080
1479926350.001028,172,1,230.819992065
1479926350.245878,135,0,0.244849920
1479926350.605564,135,0,0.359686136
1479926350.606615,66,1,0.001050949
1479926355.250244,42,0,4.643628836
1479926355.251787,42,1,0.001543045
1479926544.895689,113,1,189.643902063
1479926584.285371,172,1,39.389682055
1479926584.530231,135,0,0.244859934
1479926584.532818,66,1,0.002587080
1479926589.530229,42,0,4.997411013
1479926589.531001,42,1,0.000771999
1479926820.367217,172,1,230.836215973
1479926820.611749,135,0,0.244531870
1479926820.614981,66,1,0.003232002
1479926825.620242,42,0,5.005261183
1479926825.621001,42,1,0.000758886
1479927056.446935,172,1,230.825933933
1479927056.691928,135,0,0.244992971
1479927056.693169,66,1,0.001241207
1479927061.700241,42,0,5.007071972
1479927061.701732,42,1,0.001490831
1479927144.876341,113,1,83.174609184
1479927292.526666,172,1,147.650324821
1479927292.771528,135,0,0.244862080
1479927292.774048,66,1,0.002520084
1479927297.780230,42,0,5.006181955
1479927297.782396,42,1,0.002166033
1479927528.610518,172,1,230.828121901
1479927528.855360,135,0,0.244842052
1479927528.857967,66,1,0.002606869
1479927533.860244,42,0,5.002277136
1479927533.861007,42,1,0.000762939
1479927744.885004,113,1,211.023997068
1479927764.687537,172,1,19.802532911
1479927764.932434,135,0,0.244897127
1479927764.934095,66,1,0.001660824
1479927769.940242,42,0,5.006147146
1479927769.941298,42,1,0.001055956
1479927945.731442,75,1,175.790143967
1479927946.031948,545,0,0.300506115
1479927946.035251,90,1,0.003302813
1479927946.310804,90,0,0.275552988
1479927950.730895,42,1,4.420091152
1479927950.730956,42,0,0.000061035
1479928000.768534,172,1,50.037577868
1479928001.018350,135,0,0.249815941
1479928001.377236,135,0,0.358886003
1479928001.378060,66,1,0.000824213
1479928006.020252,42,0,4.642191887
1479928006.021701,42,1,0.001449108
1479928237.160453,172,1,231.138751984
1479928237.410151,135,0,0.249697924
1479928237.769197,135,0,0.359045982
1479928237.770028,66,1,0.000831127
1479928242.410241,42,0,4.640212774
1479928242.411225,42,1,0.000984192
1479928344.888806,113,1,102.477581024
1479928473.632893,172,1,128.744086981
1479928473.882533,135,0,0.249639988
1479928473.884937,66,1,0.002403975
1479928478.890238,42,0,5.005300999
1479928478.891023,42,1,0.000784874
1479928709.719324,172,1,230.828301191
1479928709.969078,135,0,0.249753952
1479928709.971484,66,1,0.002405882
1479928714.970254,42,0,4.998769999
1479928714.978301,42,1,0.008047104
1479928944.896865,113,1,229.918563843
1479928945.690074,172,1,0.793209076
1479928945.934942,135,0,0.244868040
1479928945.937665,66,1,0.002722979
1479928950.940243,42,0,5.002578020
1479928950.941027,42,1,0.000783920
1479929181.775120,172,1,230.834093094
1479929182.757300,172,1,0.982179880
1479929184.733292,172,1,1.975992203
1479929186.769248,42,1,2.035955906
1479929186.769292,42,0,0.000044107
1479929186.972401,103,1,0.203108788
1479929187.771347,42,1,0.798946142
1479929187.771389,42,0,0.000041962
1479929188.685375,172,1,0.913985968
1479929196.589331,172,1,7.903955936
1479929202.674221,80,1,6.084890127
1479929202.683659,418,0,0.009438038
1479929202.686219,74,1,0.002559900
1479929202.929204,74,0,0.242985010
1479929202.930057,66,1,0.000853062
1479929202.935502,281,1,0.005445004
1479929203.178545,66,0,0.243042946
1479929203.181627,1514,0,0.003082037
1479929203.181739,1514,0,0.000112057
1479929203.181829,743,0,0.000089884
1479929203.189471,66,1,0.007642031
1479929203.189586,66,1,0.000114918
1479929203.189653,66,1,0.000066996
1479929203.272704,200,1,0.083050966
1479929203.516387,300,0,0.243683100
1479929203.519617,66,1,0.003230095
1479929203.611569,620,1,0.091951847
1479929203.866149,167,0,0.254580021
1479929203.905275,66,1,0.039126158
1479929204.026534,284,1,0.121258974
1479929204.276343,135,0,0.249809027
1479929204.337377,66,1,0.061033964
1479929207.690241,42,0,3.352864027
1479929207.691249,42,1,0.001007795
1479929212.397422,172,1,4.706173182
1479929244.013897,172,1,31.616474867
1479929249.013360,42,1,4.999463081
1479929249.013404,42,0,0.000043869
1479929307.245575,172,1,58.232171059
1479929312.245488,42,1,4.999912977
1479929312.245528,42,0,0.000040054
1479929440.211483,172,1,127.965955019
1479929440.454771,135,0,0.243288040
1479929440.457881,66,1,0.003109932
1479929445.460240,42,0,5.002358913
1479929445.465914,42,1,0.005674124
1479929544.898579,113,1,99.432664871
1479929676.291215,172,1,131.392636061
1479929676.534630,135,0,0.243415117
1479929676.538278,66,1,0.003648043
1479929681.540241,42,0,5.001962900
1479929681.544912,42,1,0.004671097
1479929912.371712,172,1,230.826799870
1479929912.619921,135,0,0.248209000
1479929912.622398,66,1,0.002476931
1479929917.620242,42,0,4.997844219
1479929917.621004,42,1,0.000761986
1479930144.892678,113,1,227.271673918
1479930148.453627,172,1,3.560949087
1479930148.701759,135,0,0.248131990
1479930148.704165,66,1,0.002405882
1479930153.710241,42,0,5.006076097
1479930153.711387,42,1,0.001145840
1479930384.748691,172,1,231.037304163
1479930384.991891,135,0,0.243199825
1479930384.994675,66,1,0.002784014
1479930390.000235,42,0,5.005560160
1479930390.000995,42,1,0.000759840
1479930620.829006,172,1,230.828011036
1479930621.072277,135,0,0.243271112
1479930621.075580,66,1,0.003302813
1479930626.080243,42,0,5.004663229
1479930626.081215,42,1,0.000971794
1479930744.902821,113,1,118.821606159
1479930856.909601,172,1,112.006779909
1479930857.152985,135,0,0.243384123
1479930857.155345,66,1,0.002359867
1479930862.160239,42,0,5.004894018
1479930862.161019,42,1,0.000780106
1479931092.989889,172,1,230.828869820
1479931093.238020,135,0,0.248131037
1479931093.456950,172,1,0.218930006
1479931093.622122,135,0,0.165172100
1479931093.622962,66,1,0.000839949
1479931093.704453,78,0,0.081490993
1479931098.240240,42,0,4.535787106
1479931098.241008,42,1,0.000767946
1479931327.302302,172,1,229.061293840
1479931327.544957,66,0,0.242655039
1479931327.545356,135,0,0.000399113
1479931327.547589,66,1,0.002233028
1479931332.550240,42,0,5.002650976
1479931332.555770,42,1,0.005529881
1479931337.617625,590,1,5.061855078
1479931337.619670,342,0,0.002044916
1479931344.907938,113,1,7.288268089
1479931548.724065,75,1,203.816127062
1479931548.745587,545,0,0.021522045
1479931553.720624,42,1,4.975036860
1479931553.720682,42,0,0.000057936
1479931558.729965,75,1,5.009283066
1479931558.730339,139,0,0.000374079
1479931558.731895,90,1,0.001555920
1479931559.016671,90,0,0.284775972
1479931563.383044,172,1,4.366373062
1479931563.626465,135,0,0.243421078
1479931563.627320,66,1,0.000854969
1479931563.740238,42,0,0.112917900
1479931563.741007,42,1,0.000769138
1479931799.463213,172,1,235.722205877
1479931799.706457,135,0,0.243243933
1479931800.074119,135,0,0.367662191
1479931800.074956,66,1,0.000836849
1479931804.710229,42,0,4.635272980
1479931804.713605,42,1,0.003376007
1479931944.909032,113,1,140.195427179
1479932035.919658,172,1,91.010625839
1479932036.162824,135,0,0.243165970
1479932036.164319,66,1,0.001495123
1479932041.170236,42,0,5.005917072
1479932041.171591,42,1,0.001354933
1479932272.000171,172,1,230.828579903
1479932272.243454,135,0,0.243283033
1479932272.601987,135,0,0.358532906
1479932272.603122,66,1,0.001135111
1479932277.250239,42,0,4.647116899
1479932277.251020,42,1,0.000781059
1479932506.219177,172,1,228.968157053
1479932506.462396,135,0,0.243218899
1479932506.821873,135,0,0.359477043
1479932506.822697,66,1,0.000823975
1479932511.470245,42,0,4.647547960
1479932511.471016,42,1,0.000771046
1479932544.935130,113,1,33.464113951
1479932742.601063,172,1,197.665933132
1479932742.850430,135,0,0.249366999
1479932743.209845,135,0,0.359415054
1479932743.210702,66,1,0.000856876
1479932747.860238,42,0,4.649536133
1479932747.861020,42,1,0.000782013
1479932978.993469,172,1,231.132448912
1479932979.241528,135,0,0.248059034
1479932979.244772,66,1,0.003243923
1479932984.250231,42,0,5.005459070
1479932984.250989,42,1,0.000757933
1479933144.918448,113,1,160.667459011
1479933215.074197,172,1,70.155749083
1479933215.317630,135,0,0.243432999
1479933215.321552,66,1,0.003921986
1479933220.320240,42,0,4.998687983
1479933220.323940,42,1,0.003700018
1479933451.154447,172,1,230.830507040
1479933451.398021,135,0,0.243573904
1479933451.400416,66,1,0.002394915
1479933456.400248,42,0,4.999832153
1479933456.401014,42,1,0.000766039
1479933687.234882,172,1,230.833868027
1479933687.482895,135,0,0.248012781
1479933687.485258,66,1,0.002363205
1479933692.490242,42,0,5.004983902
1479933692.491002,42,1,0.000760078
1479933744.922880,113,1,52.431877851
1479933923.401484,172,1,178.478604078
1479933923.653593,135,0,0.252109051
1479933923.655079,66,1,0.001485825
1479933928.660239,42,0,5.005160093
1479933928.661026,42,1,0.000787020
1479934159.479839,172,1,230.818813086
1479934159.727939,135,0,0.248099804
1479934159.734304,66,1,0.006365061
1479934164.730242,42,0,4.995938063
1479934164.731010,42,1,0.000767946
1479934344.920428,113,1,180.189418077
1479934395.562853,172,1,50.642425060
1479934395.806240,135,0,0.243386984
1479934395.808754,66,1,0.002513885
1479934400.810239,42,0,5.001485109
1479934400.811021,42,1,0.000782013
1479934631.640776,172,1,230.829754829
1479934631.888648,135,0,0.247872114
1479934631.891290,66,1,0.002641916
1479934636.890231,42,0,4.998940945
1479934636.892219,42,1,0.001988173
1479934867.721334,172,1,230.829114914
1479934867.964393,135,0,0.243058920
1479934867.968379,66,1,0.003986120
1479934872.970241,42,0,5.001862049
1479934872.970989,42,1,0.000747919
1479934944.925868,113,1,71.954879045
1479935103.801780,172,1,158.875911951
1479935104.044793,135,0,0.243012905
1479935104.047312,66,1,0.002519131
1479935109.050231,42,0,5.002918959
1479935109.051007,42,1,0.000776052
1479935161.425405,75,1,52.374397993
1479935161.445669,529,0,0.020263910
1479935166.424677,42,1,4.979007959
1479935166.424736,42,0,0.000059128
1479935171.437068,75,1,5.012331963
1479935171.437418,139,0,0.000349998
1479935171.438620,90,1,0.001202106
1479935171.711444,90,0,0.272823811
1479935176.440262,42,0,4.728818178
1479935176.441032,42,1,0.000769854
1479935339.882168,172,1,163.441136122
1479935340.625279,172,1,0.743110895
1479935342.113285,172,1,1.488006115
1479935344.881799,42,1,2.768513918
1479935344.881841,42,0,0.000041962
1479935345.083678,103,1,0.201837063
1479935345.089252,172,1,0.005573988
1479935351.041308,172,1,5.952055931
1479935356.626101,80,1,5.584793091
1479935356.635079,418,0,0.008977890
1479935356.639311,74,1,0.004232168
1479935356.882754,74,0,0.243443012
1479935356.883601,66,1,0.000846863
1479935356.884556,281,1,0.000955105
1479935357.128035,66,0,0.243479013
1479935357.131987,1514,0,0.003952026
1479935357.132105,1514,0,0.000118017
1479935357.132192,743,0,0.000086784
1479935357.135286,66,1,0.003094196
1479935357.135473,66,1,0.000186920
1479935357.135564,66,1,0.000091076
1479935357.223108,200,1,0.087543964
1479935357.467281,300,0,0.244173050
1479935357.469627,66,1,0.002345800
1479935357.563411,620,1,0.093784094
1479935357.820165,167,0,0.256753922
1479935357.861253,66,1,0.041088104
1479935357.978500,284,1,0.117246866
1479935358.229140,135,0,0.250640154
1479935358.289358,66,1,0.060217857
1479935361.640246,42,0,3.350888014
1479935361.641313,42,1,0.001067162
1479935362.945335,172,1,1.304021835
1479935386.753403,172,1,23.808068037
1479935434.369500,172,1,47.616096973
1479935439.369471,42,1,4.999971151
1479935439.369508,42,0,0.000036955
1479935529.601729,172,1,90.232220888
1479935534.601624,42,1,4.999895096
1479935534.601661,42,0,0.000036955
1479935544.940643,113,1,10.338982105
1479935594.163424,172,1,49.222780943
1479935594.408296,135,0,0.244872093
1479935594.410918,66,1,0.002621889
1479935599.410239,42,0,4.999320984
1479935599.411041,42,1,0.000802040
1479935830.395269,172,1,230.984227896
1479935830.644965,135,0,0.249696016
1479935830.647520,66,1,0.002555132
1479935835.650242,42,0,5.002722025
1479935835.650998,42,1,0.000756025
1479936066.475729,172,1,230.824730873
1479936066.720102,135,0,0.244373083
1479936066.722510,66,1,0.002408028
1479936071.720233,42,0,4.997722864
1479936071.721108,42,1,0.000874996
1479936144.941603,113,1,73.220494986
1479936302.556241,172,1,157.614638090
1479936302.800517,135,0,0.244276047
1479936302.802892,66,1,0.002374887
1479936307.810238,42,0,5.007345915
1479936307.812127,42,1,0.001889229
1479936538.636705,172,1,230.824577808
1479936538.881008,135,0,0.244302988
1479936539.131741,172,1,0.250733137
1479936539.315060,135,0,0.183318853
1479936539.316263,66,1,0.001203060
1479936539.374939,78,0,0.058676004
1479936543.890241,42,0,4.515301943
1479936543.890998,42,1,0.000756979
1479936744.934675,113,1,201.043677092
1479936775.149878,172,1,30.215203047
1479936775.393066,66,0,0.243187904
1479936775.394190,135,0,0.001124144
1479936775.395730,66,1,0.001539946
1479936780.400246,42,0,5.004515886
1479936780.400978,42,1,0.000732183
1479937011.215073,172,1,230.814095020
1479937011.459397,135,0,0.244323969
1479937011.462049,66,1,0.002651930
1479937016.460250,42,0,4.998200893
1479937016.461013,42,1,0.000763178
1479937247.294942,172,1,230.833928823
1479937247.539262,135,0,0.244320154
1479937247.540708,66,1,0.001446009
1479937252.540243,42,0,4.999534845
1479937252.542408,42,1,0.002165079
1479937344.943841,113,1,92.401432991
1479937483.376965,172,1,138.433124065
1479937483.626604,135,0,0.249639034
1479937483.641878,66,1,0.015273809
1479937488.630239,42,0,4.988361120
1479937488.631100,42,1,0.000860929
1479937719.543146,172,1,230.912045956
1479937719.788239,135,0,0.245093107
1479937719.791702,66,1,0.003463030
1479937724.790245,42,0,4.998543024
1479937724.793544,42,1,0.003298998
1479937944.943630,113,1,220.150085926
1479937955.625364,172,1,10.681734085
1479937955.869752,135,0,0.244387865
1479937955.873868,66,1,0.004116058
1479937960.870241,42,0,4.996372938
1479937960.874051,42,1,0.003810167
1479938191.496526,172,1,230.622474909
1479938191.743444,135,0,0.246917963
1479938191.745935,66,1,0.002490997
1479938196.750248,42,0,5.004312992
1479938196.751323,42,1,0.001075029
1479938427.472617,172,1,230.721293926
1479938427.717461,135,0,0.244844198
1479938428.023669,172,1,0.306207895
1479938428.075164,135,0,0.051495075
1479938428.075974,66,1,0.000809908
1479938428.267380,78,0,0.191406012
1479938432.720234,42,0,4.452853918
1479938432.721008,42,1,0.000774145
1479938544.943601,113,1,112.222592831
1479938663.765032,172,1,118.821431160
1479938664.008865,66,0,0.243833065
1479938664.010014,135,0,0.001148939
1479938664.011772,66,1,0.001757860
1479938669.010252,42,0,4.998480082
1479938669.011034,42,1,0.000782013
1479938774.116899,75,1,105.105865002
1479938774.137923,549,0,0.021023989
1479938774.142418,90,1,0.004494905
1479938779.116346,42,1,4.973927975
1479938779.116406,42,0,0.000060081
1479938779.144408,90,1,0.028002024
1479938784.152551,90,1,5.008142948
1479938790.164862,75,1,6.012310982
1479938790.516523,549,0,0.351660967
1479938795.520242,42,0,5.003719091
1479938795.521024,42,1,0.000782013
1479938800.176593,75,1,4.655569077
1479938800.176933,139,0,0.000339985
1479938800.178010,90,1,0.001076937
1479938800.474707,90,0,0.296696901
1479938899.842043,172,1,99.367336035
1479938900.086957,135,0,0.244914055
1479938900.089502,66,1,0.002545118
1479938905.090247,42,0,5.000744820
1479938905.091009,42,1,0.000761986
1479939135.944315,172,1,230.853306055
1479939136.189362,135,0,0.245047092
1479939136.546780,135,0,0.357418060
1479939136.561831,66,1,0.015050888
1479939141.190228,42,0,4.628396988
1479939141.191021,42,1,0.000792980
1479939144.954939,113,1,3.763917923
1479939370.234629,172,1,225.279690027
1479939370.479557,135,0,0.244928122
1479939370.482141,66,1,0.002583981
1479939375.480254,42,0,4.998112917
1479939375.481044,42,1,0.000790119
1479939606.491090,172,1,231.010046005
1479939606.740742,135,0,0.249651909
1479939606.743914,66,1,0.003171921
1479939611.750240,42,0,5.006326199
1479939611.752454,42,1,0.002213955
1479939744.955076,113,1,133.202621937
1479939842.468307,172,1,97.513231039
1479939842.718108,135,0,0.249800920
1479939842.720799,66,1,0.002691031
1479939847.720241,42,0,4.999442101
1479939847.726666,42,1,0.006424904
1479940078.548092,172,1,230.821425915
1479940078.792397,135,0,0.244305134
1479940079.154737,135,0,0.362339973
1479940079.155563,66,1,0.000826120
1479940083.800236,42,0,4.644672871
1479940083.800990,42,1,0.000754118
1479940314.940554,172,1,231.139563799
1479940315.190168,135,0,0.249614000
1479940315.192759,66,1,0.002591133
1479940320.190233,42,0,4.997473955
1479940320.191002,42,1,0.000768900
1479940344.956718,113,1,24.765716076
1479940551.021270,172,1,206.064552069
1479940551.266130,135,0,0.244859934
1479940551.268613,66,1,0.002483130
1479940556.270242,42,0,5.001628876
1479940556.271033,42,1,0.000791073
1479940787.101823,172,1,230.830790043
1479940787.349750,135,0,0.247926950
1479940787.702895,135,0,0.353144884
1479940787.703727,66,1,0.000832081
1479940792.350232,42,0,4.646504879
1479940792.350988,42,1,0.000756025
1479940944.969197,113,1,152.618209124
1479941023.390109,172,1,78.420912027
1479941023.634433,135,0,0.244323969
1479941023.637004,66,1,0.002570868
1479941028.640240,42,0,5.003236055
1479941028.641034,42,1,0.000793934
1479941259.470560,172,1,230.829526186
1479941260.469589,172,1,0.999028921
1479941262.469597,172,1,2.000008106
1479941264.469891,42,1,2.000293970
1479941264.469933,42,0,0.000041962
1479941264.675047,103,1,0.205113888
1479941266.469798,172,1,1.794751167
1479941274.473539,172,1,8.003741026
1479941278.298407,80,1,3.824867964
1479941278.307079,418,0,0.008671999
1479941278.309518,74,1,0.002439022
1479941278.558311,74,0,0.248792887
1479941278.559617,66,1,0.001306057
1479941278.560627,281,1,0.001009941
1479941278.809424,66,0,0.248796940
1479941278.812517,1514,0,0.003093004
1479941278.812631,1514,0,0.000113964
1479941278.812714,743,0,0.000083208
1479941278.813516,66,1,0.000801802
1479941278.816005,66,1,0.002489090
1479941278.816421,66,1,0.000416040
1479941278.904461,200,1,0.088039875
1479941279.153931,300,0,0.249469995
1479941279.156907,66,1,0.002976179
1479941279.231739,620,1,0.074831963
1479941279.492196,167,0,0.260457039
1479941279.529587,66,1,0.037390947
1479941279.646827,284,1,0.117239952
1479941279.902628,135,0,0.255800962
1479941279.962299,66,1,0.059671164
1479941283.310245,42,0,3.347945929
1479941283.311025,42,1,0.000779867
1479941290.469691,172,1,7.158666134
1479941322.469770,172,1,32.000078917
1479941327.469690,42,1,4.999920130
1479941327.469731,42,0,0.000041008
1479941386.469892,172,1,59.000160933
1479941391.469822,42,1,4.999929905
1479941391.469867,42,0,0.000045061
1479941515.903093,172,1,124.433226109
1479941516.152422,135,0,0.249328852
1479941516.155069,66,1,0.002647161
1479941521.160240,42,0,5.005170822
1479941521.161012,42,1,0.000771999
1479941544.966601,113,1,23.805588961
1479941751.983593,172,1,207.016992092
1479941752.232311,135,0,0.248718023
1479941752.553275,172,1,0.320964098
1479941752.777199,135,0,0.223923922
1479941752.778064,66,1,0.000864983
1479941752.801539,78,0,0.023474932
1479941757.240240,42,0,4.438701153
1479941757.241024,42,1,0.000783920
1479941986.400331,172,1,229.159307003
1479941986.648687,66,0,0.248355865
1479941986.649062,135,0,0.000375032
1479941986.656210,66,1,0.007148027
1479941991.650248,42,0,4.994038105
1479941991.651029,42,1,0.000781059
1479942144.973508,113,1,153.322478771
1479942222.480573,172,1,77.507065058
1479942222.729547,135,0,0.248974085
1479942222.731885,66,1,0.002337933
1479942227.730244,42,0,4.998358965
1479942227.730985,42,1,0.000741005
1479942402.880518,75,1,175.149533033
1479942403.059450,545,0,0.178931952
1479942407.881764,42,1,4.822314024
1479942407.881826,42,0,0.000061989
1479942412.892971,75,1,5.011145115
1479942412.893316,139,0,0.000344992
1479942412.894388,90,1,0.001071930
1479942413.176008,90,0,0.281620026
1479942417.900251,42,0,4.724242926
1479942417.903034,42,1,0.002783060
1479942458.561129,172,1,40.658095121
1479942458.810076,135,0,0.248946905
1479942459.249394,135,0,0.439317942
1479942459.252753,66,1,0.003359079
1479942695.057518,172,1,235.804764986
1479942695.306441,135,0,0.248923063
1479942695.309051,66,1,0.002609968
1479942700.310247,42,0,5.001195908
1479942700.310997,42,1,0.000750065
1479942744.980281,113,1,44.669284105
1479942931.138030,172,1,186.157748938
1479942931.386869,135,0,0.248838902
1479942931.389280,66,1,0.002411127
1479942936.390246,42,0,5.000965834
1479942936.396251,42,1,0.006005049
1479943167.114261,172,1,230.718009949
1479943167.363030,135,0,0.248769045
1479943167.753093,135,0,0.390063047
1479943167.755492,66,1,0.002398968
1479943172.370241,42,0,4.614748955
1479943172.374146,42,1,0.003905058
1479943344.977410,113,1,172.603264093
1479943403.086590,172,1,58.109179974
1479943403.335501,135,0,0.248910904
1479943403.344896,66,1,0.009395123
1479943408.340239,42,0,4.995342970
1479943408.341022,42,1,0.000782967
1479943638.230986,172,1,229.889964104
1479943638.479742,135,0,0.248755932
1479943638.481213,66,1,0.001471043
1479943643.480239,42,0,4.999025822
1479943643.480998,42,1,0.000759125
1479943873.584033,172,1,230.103034973
1479943873.833105,135,0,0.249072075
1479943873.835479,66,1,0.002373934
1479943878.840242,42,0,5.004762888
1479943878.841156,42,1,0.000914097
1479943944.981640,113,1,66.140484095
1479944108.935760,172,1,163.954119921
1479944109.184667,135,0,0.248907089
1479944109.191273,66,1,0.006605864
1479944114.190229,42,0,4.998955965
1479944114.191009,42,1,0.000780106
1479944344.184109,172,1,229.993099928
1479944344.432997,135,0,0.248888016
1479944344.796564,135,0,0.363567114
1479944344.797499,66,1,0.000934839
1479944349.440265,42,0,4.642765999
1479944349.441036,42,1,0.000771046
1479944544.990812,113,1,195.549776077
1479944579.848520,172,1,34.857707977
1479944580.093642,135,0,0.245121956
1479944580.096193,66,1,0.002551079
1479944585.100244,42,0,5.004050970
1479944585.101020,42,1,0.000776052
1479944815.304982,172,1,230.203961849
1479944815.553732,135,0,0.248749971
1479944815.557228,66,1,0.003496170
1479944820.560228,42,0,5.003000021
1479944820.560997,42,1,0.000768900
1479945050.734059,172,1,230.173062086
1479945050.982976,135,0,0.248916864
1479945050.987312,66,1,0.004336119
1479945055.990244,42,0,5.002931833
1479945055.991001,42,1,0.000756979
1479945144.988017,113,1,88.997016191
1479945286.813769,172,1,141.825752020
1479945287.062561,135,0,0.248791933
1479945287.424400,135,0,0.361839056
1479945287.425266,66,1,0.000865936
1479945292.070236,42,0,4.644969940
1479945292.071017,42,1,0.000781059
1479945523.206407,172,1,231.135390043
1479945523.455230,135,0,0.248822927
1479945523.457654,66,1,0.002424002
1479945528.460235,42,0,5.002581120
1479945528.464302,42,1,0.004066944
1479945745.012130,113,1,216.547827959
1479945759.286659,172,1,14.274528980
1479945759.530643,135,0,0.243983984
1479945759.533064,66,1,0.002420902
1479945764.540248,42,0,5.007184029
1479945764.541048,42,1,0.000800133
1479945995.367379,172,1,230.826330900
1479945995.616385,135,0,0.249006033
1479945995.619036,66,1,0.002650976
1479946000.620238,42,0,5.001202106
1479946000.621008,42,1,0.000769854
1479946015.662637,75,1,15.041629076
1479946015.831842,545,0,0.169204950
1479946015.833425,90,1,0.001583099
1479946016.108126,90,0,0.274700880
1479946231.447484,172,1,215.339358091
1479946231.691478,135,0,0.243993998
1479946231.693867,66,1,0.002388954
1479946236.700241,42,0,5.006374121
1479946236.701312,42,1,0.001070976
1479946345.007321,113,1,108.306008816
1479946467.531274,172,1,122.523953199
1479946467.780050,135,0,0.248775959
1479946467.786200,66,1,0.006150007
1479946472.780241,42,0,4.994040966
1479946472.781016,42,1,0.000775099
1479946703.608336,172,1,230.827319860
1479946703.857118,135,0,0.248781919
1479946704.219874,135,0,0.362756014
1479946704.220724,66,1,0.000850201
1479946708.860237,42,0,4.639512777
1479946708.860996,42,1,0.000759125
1479946940.096843,172,1,231.235846996
1479946940.345666,135,0,0.248822927
1479946940.348798,66,1,0.003132105
1479946944.999500,113,1,4.650702000
1479946945.350245,42,0,0.350744963
1479946945.351030,42,1,0.000785112
1479947176.073290,172,1,230.722259998
1479947176.323193,135,0,0.249902964
1479947176.684045,135,0,0.360852003
1479947176.686648,66,1,0.002602816
1479947181.330245,42,0,4.643597126
1479947181.331000,42,1,0.000755072
1479947410.281856,172,1,228.950855970
1479947411.340890,172,1,1.059033871
1479947413.460872,172,1,2.119982004
1479947415.280827,42,1,1.819955111
1479947415.280869,42,0,0.000041962
1479947415.483245,103,1,0.202375889
1479947417.700942,172,1,2.217697144
1479947426.182598,172,1,8.481656075
1479947434.313673,80,1,8.131074905
1479947434.322680,418,0,0.009006977
1479947439.330241,42,0,5.007560968
1479947439.331191,42,1,0.000950098
1479947443.140971,172,1,3.809779882
1479947444.317184,80,1,1.176213026
1479947444.317575,220,0,0.000391006
1479947444.318655,74,1,0.001080036
1479947444.561880,74,0,0.243225098
1479947444.562956,66,1,0.001075983
1479947444.563915,281,1,0.000958920
1479947444.807155,66,0,0.243239880
1479947444.810310,1514,0,0.003154993
1479947444.810424,1514,0,0.000114202
1479947444.810511,743,0,0.000087023
1479947444.811784,66,1,0.001272917
1479947444.812032,66,1,0.000247955
1479947444.812121,66,1,0.000088930
1479947444.900717,200,1,0.088596106
1479947445.144582,300,0,0.243865013
1479947445.151274,66,1,0.006691933
1479947445.229575,620,1,0.078300953
1479947445.484157,167,0,0.254582167
1479947445.524885,66,1,0.040727854
1479947445.642143,284,1,0.117258072
1479947445.892019,135,0,0.249876022
1479947445.952993,66,1,0.060973883
1479947477.061059,172,1,31.108066082
1479947482.062117,42,1,5.001058102
1479947482.062160,42,0,0.000042915
1479947544.901230,172,1,62.839070082
1479947545.012773,113,1,0.111542940
1479947549.914171,42,1,4.901397943
1479947549.914211,42,0,0.000040054
1479947681.826622,172,1,131.912410975
1479947682.069888,135,0,0.243266106
1479947682.075531,66,1,0.005642891
1479947687.070236,42,0,4.994704962
1479947687.071021,42,1,0.000785112
1479947917.906888,172,1,230.835866928
1479947918.150243,135,0,0.243355036
1479947918.466650,172,1,0.316406965
1479947918.676220,135,0,0.209569931
1479947918.677050,66,1,0.000830173
1479947918.709540,78,0,0.032489777
1479947923.160229,42,0,4.450689077
1479947923.161002,42,1,0.000772953
1479948145.004197,113,1,221.843194962
1479948152.323385,172,1,7.319188118
1479948152.566255,66,0,0.242870092
1479948152.566702,135,0,0.000446796
1479948152.569116,66,1,0.002414227
1479948157.570239,42,0,5.001122952
1479948157.571021,42,1,0.000782013
1479948388.405253,172,1,230.834231853
1479948388.648492,135,0,0.243239164
1479948388.651005,66,1,0.002512932
1479948393.650238,42,0,4.999233007
1479948393.651038,42,1,0.000799894
1479948624.486096,172,1,230.835057974
1479948624.729449,135,0,0.243353128
1479948624.733115,66,1,0.003665924
1479948629.730245,42,0,4.997130156
1479948629.731006,42,1,0.000760794
1479948745.013460,113,1,115.282454014
1479948860.616933,172,1,115.603473186
1479948860.861381,135,0,0.244447947
1479948860.863886,66,1,0.002505064
1479948865.870244,42,0,5.006357908
1479948865.871431,42,1,0.001187086
1479949096.697376,172,1,230.825944901
1479949096.945569,135,0,0.248193026
1479949097.340373,135,0,0.394804001
1479949097.341209,66,1,0.000835896
1479949101.950243,42,0,4.609034061
1479949101.951003,42,1,0.000760078
1479949333.089864,172,1,231.138860941
1479949333.333300,135,0,0.243436098
1479949333.716415,135,0,0.383114815
1479949333.717245,66,1,0.000830173
1479949338.340232,42,0,4.622986794
1479949338.343518,42,1,0.003286123
1479949345.029375,113,1,6.685857058
1479949567.403226,172,1,222.373850822
1479949567.646432,135,0,0.243206024
1479949567.648875,66,1,0.002443075
1479949572.650241,42,0,5.001365900
1479949572.655011,42,1,0.004770041
1479949618.514013,75,1,45.859002113
1479949618.808586,529,0,0.294572830
1479949618.811407,90,1,0.002821207
1479949619.089670,90,0,0.278262854
1479949623.513479,42,1,4.423809052
1479949623.513538,42,0,0.000058889
1479949803.490507,172,1,179.976969004
1479949803.739079,135,0,0.248572111
1479949803.741523,66,1,0.002444029
1479949808.740239,42,0,4.998715878
1479949808.741002,42,1,0.000763178
1479949945.028242,113,1,136.287240028
1479950039.563377,172,1,94.535134792
1479950039.807480,135,0,0.244103193
1479950040.172462,135,0,0.364981890
1479950040.231863,66,1,0.059401035
1479950044.810232,42,0,4.578368902
1479950044.811015,42,1,0.000782967
1479950276.059829,172,1,231.248814106
1479950276.307869,135,0,0.248039961
1479950276.310229,66,1,0.002360106
1479950281.310233,42,0,5.000004053
1479950281.310994,42,1,0.000760794
1479950512.141687,172,1,230.830693007
1479950512.385130,135,0,0.243443012
1479950512.387882,66,1,0.002752066
1479950517.390240,42,0,5.002357960
1479950517.390999,42,1,0.000759125
1479950545.017853,113,1,27.626853943
1479950748.328788,172,1,203.310935020
1479950748.572050,135,0,0.243262053
1479950748.574918,66,1,0.002867937
1479950753.580243,42,0,5.005325079
1479950753.581026,42,1,0.000782967
1479950984.409227,172,1,230.828200817
1479950984.652617,135,0,0.243390083
1479950984.657872,66,1,0.005254984
1479950989.660239,42,0,5.002367020
1479950989.661006,42,1,0.000766993
1479951145.013943,113,1,155.352936983
1479951220.489946,172,1,75.476002932
1479951220.733177,135,0,0.243231058
1479951220.741064,66,1,0.007887125
1479951225.740240,42,0,4.999176025
1479951225.741032,42,1,0.000791788
1479951456.570457,172,1,230.829425097
1479951456.813828,135,0,0.243371010
1479951457.176580,135,0,0.362751961
1479951457.177405,66,1,0.000825167
1479951461.820244,42,0,4.642838955
1479951461.821015,42,1,0.000770807
1479951692.965408,172,1,231.144393206
1479951693.208709,135,0,0.243300915
1479951693.568617,135,0,0.359908104
1479951693.569456,66,1,0.000838995
1479951698.210246,42,0,4.640789986
1479951698.211009,42,1,0.000762939
1479951745.036816,113,1,46.825806856
1479951927.171152,172,1,182.134336233
1479951927.414338,135,0,0.243185997
1479951927.772611,135,0,0.358272791
1479951927.773470,66,1,0.000859022
1479951932.420245,42,0,4.646775007
1479951932.421700,42,1,0.001455069
1479952163.563667,172,1,231.141967058
1479952163.806889,135,0,0.243221998
1479952164.164610,135,0,0.357720852
1479952164.165434,66,1,0.000823975
1479952168.810229,42,0,4.644795179
1479952168.815005,42,1,0.004776001
1479952345.038786,113,1,176.223780870
1479952399.961130,172,1,54.922343969
1479952400.204383,135,0,0.243252993
1479952400.213203,66,1,0.008820057
1479952405.210241,42,0,4.997038126
1479952405.211039,42,1,0.000797987
1479952636.229320,172,1,231.018280983
1479952636.472717,135,0,0.243396997
1479952636.832623,135,0,0.359905958
1479952636.837020,66,1,0.004396915
1479952641.480240,42,0,4.643220186
1479952641.487045,42,1,0.006804943
1479952872.622854,172,1,231.135808945
1479952872.866143,135,0,0.243288994
1479952873.224609,135,0,0.358465910
1479952873.225482,66,1,0.000873089
1479952877.870243,42,0,4.644761086
1479952877.871007,42,1,0.000763893
1479952938.199922,590,1,60.328915119
1479952938.202487,342,0,0.002564907
1479952943.196664,42,1,4.994177103
1479952943.196717,42,0,0.000052929
1479952945.039616,113,1,1.842899084
1479953109.013870,172,1,163.974253893
1479953109.257150,135,0,0.243279934
1479953109.613319,135,0,0.356168985
1479953109.614440,66,1,0.001121044
1479953114.260230,42,0,4.645790100
1479953114.261025,42,1,0.000794888
1479953221.593323,75,1,107.332298040
1479953221.885390,545,0,0.292067051
1479953221.887876,90,1,0.002485991
1479953222.164892,90,0,0.277015924
1479953226.599437,42,1,4.434545040
1479953226.599499,42,0,0.000061989
1479953343.222069,172,1,116.622570038
1479953343.465317,135,0,0.243247986
1479953343.820784,135,0,0.355467081
1479953343.821620,66,1,0.000835896
1479953348.470233,42,0,4.648612976
1479953348.471002,42,1,0.000769138
1479953545.045806,113,1,196.574803829
1479953579.617649,172,1,34.571843147
1479953579.865804,135,0,0.248154879
1479953580.220668,135,0,0.354864120
1479953580.221538,66,1,0.000869989
1479953584.870240,42,0,4.648701906
1479953584.871026,42,1,0.000786066
1479953816.016023,172,1,231.144996881
1479953816.259272,135,0,0.243249178
1479953816.612721,135,0,0.353448868
1479953816.615111,66,1,0.002390146
1479953821.260243,42,0,4.645131826
1479953821.261005,42,1,0.000761986
1479954050.218325,172,1,228.957319975
1479954050.461592,135,0,0.243267059
1479954050.464026,66,1,0.002434015
1479954055.470240,42,0,5.006214142
1479954055.473723,42,1,0.003482819
1479954145.058704,113,1,89.584980965
1479954286.296664,172,1,141.237960100
1479954286.540031,135,0,0.243366957
1479954286.542416,66,1,0.002385139
1479954291.540241,42,0,4.997824907
1479954291.541024,42,1,0.000782967
1479954522.011751,172,1,230.470726967
1479954522.259893,135,0,0.248142004
1479954522.261363,66,1,0.001470089
1479954527.260240,42,0,4.998877048
1479954527.261000,42,1,0.000759840
1479954745.062766,113,1,217.801766157
1479954757.256845,172,1,12.194078922
1479954757.500106,135,0,0.243261099
1479954757.502637,66,1,0.002530813
1479954762.500240,42,0,4.997603178
1479954762.501026,42,1,0.000785828
1479954992.609760,172,1,230.108734131
1479954992.853353,135,0,0.243592978
1479954992.855758,66,1,0.002404928
1479954997.860231,42,0,5.004472971
1479954997.866967,42,1,0.006736040
1479955227.858769,172,1,229.991801977
1479955228.104678,135,0,0.245908976
1479955228.108705,66,1,0.004027128
1479955233.110242,42,0,5.001536846
1479955233.111002,42,1,0.000760078
1479955345.042136,113,1,111.931133986
1479955463.106196,172,1,118.064059973
1479955464.089252,172,1,0.983056068
1479955466.057303,172,1,1.968050957
1479955468.105221,42,1,2.047918081
1479955468.105258,42,0,0.000036955
1479955468.307659,103,1,0.202400923
1479955469.105213,42,1,0.797554016
1479955469.105255,42,0,0.000041962
1479955469.994638,172,1,0.889383078
1479955477.876312,172,1,7.881674051
1479955483.906099,80,1,6.029787064
1479955483.915339,418,0,0.009239912
1479955483.918132,74,1,0.002793074
1479955484.163023,74,0,0.244890928
1479955484.168733,66,1,0.005709887
1479955484.169763,281,1,0.001030207
1479955484.413632,66,0,0.243868828
1479955484.416779,1514,0,0.003147125
1479955484.416904,1514,0,0.000124931
1479955484.416989,743,0,0.000085115
1479955484.418452,66,1,0.001462936
1479955484.418603,66,1,0.000150919
1479955484.418700,66,1,0.000097036
1479955484.508215,200,1,0.089514971
1479955484.761224,300,0,0.253009081
1479955484.763712,66,1,0.002487898
1479955484.843427,620,1,0.079715014
1479955485.099325,167,0,0.255897999
1479955485.137247,66,1,0.037922144
1479955485.258914,284,1,0.121666908
1479955485.520968,135,0,0.262053967
1479955485.569588,66,1,0.048619986
1479955488.920246,42,0,3.350657940
1479955488.921997,42,1,0.001751184
1479955493.609329,172,1,4.687331915
1479955525.098148,172,1,31.488819122
1479955588.073526,172,1,62.975377798
1479955593.073447,42,1,4.999921083
1479955593.073481,42,0,0.000034094
1479955721.438679,172,1,128.365197897
1479955721.685412,135,0,0.246732950
1479955721.687048,66,1,0.001636028
1479955726.690240,42,0,5.003191948
1479955726.691014,42,1,0.000774145
1479955945.047034,113,1,218.356019974
1479955957.519130,172,1,12.472095966
1479955957.776177,135,0,0.257046938
1479955957.778584,66,1,0.002407074
1479955962.780230,42,0,5.001646042
1479955962.781024,42,1,0.000793934
1479956193.759613,172,1,230.978589058
1479956194.008997,135,0,0.249383926
1479956194.015843,66,1,0.006845951
1479956199.010233,42,0,4.994390011
1479956199.012521,42,1,0.002288103
1479956429.840602,172,1,230.828080893
1479956430.084708,135,0,0.244106054
1479956430.088833,66,1,0.004125118
1479956435.090231,42,0,5.001397848
1479956435.091008,42,1,0.000777006
1479956545.054888,113,1,109.963880062
1479956665.920552,172,1,120.865664005
1479956666.165861,135,0,0.245308876
1479956666.423512,172,1,0.257651091
1479956666.608113,135,0,0.184601068
1479956666.608974,66,1,0.000860929
1479956666.667195,78,0,0.058221102
1479956671.170239,42,0,4.503043890
1479956671.171032,42,1,0.000792980
1479956824.572220,75,1,153.401188135
1479956824.593513,529,0,0.021292925
1479956829.571758,42,1,4.978245020
1479956829.571819,42,0,0.000061035
1479956834.583970,75,1,5.012151003
1479956834.584323,139,0,0.000352859
1479956834.585404,90,1,0.001080990
1479956834.879005,90,0,0.293601036
1479956839.590241,42,0,4.711236000
1479956839.592455,42,1,0.002213955
1479956900.232869,172,1,60.640414000
1479956900.486581,66,0,0.253712177
1479956900.487208,135,0,0.000626802
1479956900.498013,66,1,0.010805130
1479956905.490245,42,0,4.992232084
1479956905.491975,42,1,0.001729965
1479957136.314984,172,1,230.823009014
1479957136.558993,135,0,0.244009018
1479957136.561507,66,1,0.002513885
1479957141.560247,42,0,4.998739958
1479957141.563779,42,1,0.003532171
1479957145.056716,113,1,3.492936850
1479957372.399532,172,1,227.342816114
1479957372.643405,135,0,0.243872881
1479957373.032210,135,0,0.388805151
1479957373.034936,66,1,0.002725840
1479957377.650246,42,0,4.615309954
1479957377.651006,42,1,0.000760078
1479957608.890180,172,1,231.239174128
1479957609.134103,135,0,0.243922949
1479957609.135636,66,1,0.001533031
1479957614.140241,42,0,5.004604816
1479957614.140959,42,1,0.000718117
1479957745.060247,113,1,130.919287920
1479957844.971183,172,1,99.910936117
1479957845.215237,135,0,0.244053841
1479957845.588702,135,0,0.373465061
1479957845.589582,66,1,0.000880003
1479957850.220242,42,0,4.630660057
1479957850.222211,42,1,0.001968861
1479958079.382882,172,1,229.160671234
1479958079.627063,135,0,0.244180918
1479958079.995624,135,0,0.368561029
1479958079.996455,66,1,0.000830889
1479958084.630301,42,0,4.633846045
1479958084.633006,42,1,0.002705097
1479958315.775865,172,1,231.142858982
1479958316.020919,135,0,0.245054007
1479958316.023542,66,1,0.002622843
1479958321.030242,42,0,5.006700039
1479958321.037809,42,1,0.007566929
1479958345.080075,113,1,24.042266130
1479958551.856437,172,1,206.776361942
1479958552.105214,135,0,0.248777151
1479958552.107678,66,1,0.002463818
1479958557.110234,42,0,5.002556086
1479958557.111356,42,1,0.001121998
1479958787.938948,172,1,230.827591896
1479958788.183075,135,0,0.244127035
1479958788.185720,66,1,0.002645016
1479958793.190246,42,0,5.004526138
1479958793.196096,42,1,0.005849838
1479958945.080515,113,1,151.884418964
1479959024.017662,172,1,78.937147141
1479959024.261507,135,0,0.243844986
1479959024.264246,66,1,0.002738953
1479959029.270233,42,0,5.005986929
1479959029.271021,42,1,0.000787973
1479959260.097286,172,1,230.826265097
1479959260.341345,135,0,0.244059086
1479959260.344225,66,1,0.002879858
1479959265.350247,42,0,5.006021976
1479959265.351009,42,1,0.000761986
1479959496.177651,172,1,230.826642036
1479959496.421886,135,0,0.244235039
1479959496.424822,66,1,0.002936125
1479959501.430244,42,0,5.005421877
1479959501.437310,42,1,0.007066011
1479959545.067864,113,1,43.630553961
1479959732.154108,172,1,187.086244106
1479959732.398135,135,0,0.244026899
1479959732.755449,135,0,0.357314110
1479959732.757855,66,1,0.002405882
1479959737.400239,42,0,4.642384052
1479959737.401041,42,1,0.000802040
1479959968.630624,172,1,231.229583025
1479959968.874687,135,0,0.244062901
1479959968.891588,66,1,0.016901016
1479959973.880232,42,0,4.988644123
1479959973.881000,42,1,0.000767946
1479960145.080354,113,1,171.199353933
1479960204.718500,172,1,59.638145924
1479960204.962387,135,0,0.243887186
1479960204.965006,66,1,0.002619028
1479960209.970242,42,0,5.005235910
1479960209.971357,42,1,0.001115084
1479960437.335531,75,1,227.364173889
1479960437.358113,529,0,0.022582054
1479960440.791538,172,1,3.433424950
1479960441.035590,135,0,0.244051933
1479960441.036426,66,1,0.000836134
1479960442.360240,42,0,1.323813915
1479960442.361001,42,1,0.000761032
1479960447.346910,75,1,4.985908985
1479960447.347245,139,0,0.000334978
1479960447.348317,90,1,0.001071930
1479960447.625503,90,0,0.277186155
1479960676.872413,172,1,229.246909857
1479960677.116434,135,0,0.244021177
1479960677.125410,66,1,0.008975983
1479960682.120243,42,0,4.994832993
1479960682.121006,42,1,0.000762939
1479960745.077771,113,1,62.956764936
1479960912.952444,172,1,167.874673128
1479960913.196466,135,0,0.244021893
1479960913.198909,66,1,0.002443075
1479960918.200243,42,0,5.001333952
1479960918.201031,42,1,0.000787973
1479961037.215942,590,1,119.014910936
1479961037.218190,342,0,0.002248049
1479961042.217339,42,1,4.999149084
1479961042.217395,42,0,0.000056028
1479961149.044601,172,1,106.827205896
1479961149.288622,135,0,0.244020939
1479961149.647692,135,0,0.359070063
1479961149.674896,66,1,0.027204037
1479961154.290230,42,0,4.615334034
1479961154.291804,42,1,0.001574039
1479961345.072628,113,1,190.780823946
1479961383.353314,172,1,38.280685902
1479961383.597300,135,0,0.243986130
1479961383.599785,66,1,0.002485037
1479961388.600286,42,0,5.000500917
1479961388.601970,42,1,0.001683950
1479961619.435634,172,1,230.833663940
1479961620.368831,172,1,0.933197021
1479961622.240843,172,1,1.872012138
1479961624.432772,42,1,2.191928864
1479961624.432814,42,0,0.000041962
1479961624.642785,103,1,0.209971189
1479961625.984837,172,1,1.342051983
1479961633.472845,172,1,7.488008022
1479961640.372344,80,1,6.899498940
1479961640.381304,418,0,0.008960009
1479961640.384342,74,1,0.003037930
1479961640.529028,74,0,0.144685984
1479961640.529875,66,1,0.000847101
1479961640.531625,281,1,0.001749992
1479961640.675916,66,0,0.144290924
1479961640.679090,1514,0,0.003174067
1479961640.679209,1514,0,0.000118971
1479961640.679295,743,0,0.000086069
1479961640.681218,66,1,0.001922846
1479961640.682411,66,1,0.001193047
1479961640.682501,66,1,0.000090122
1479961640.773292,200,1,0.090790987
1479961640.918277,300,0,0.144984961
1479961640.920609,66,1,0.002331972
1479961640.966830,620,1,0.046221018
1479961641.122680,167,0,0.155849934
1479961641.161186,66,1,0.038506031
1479961641.343359,284,1,0.182173014
1479961641.498250,135,0,0.154891014
1479961641.576799,66,1,0.078548908
1479961645.390244,42,0,3.813445091
1479961645.391016,42,1,0.000771999
1479961648.448882,172,1,3.057866096
1479961678.400979,172,1,29.952096939
1479961738.305959,172,1,59.904979944
1479961743.305569,42,1,4.999609947
1479961743.305611,42,0,0.000041962
1479961858.114566,172,1,114.808955193
1479961863.114138,42,1,4.999571800
1479961863.114179,42,0,0.000041008
1479961877.626209,172,1,14.512030125
1479961877.770530,135,0,0.144320965
1479961877.773053,66,1,0.002522945
1479961882.780240,42,0,5.007187128
1479961882.782891,42,1,0.002650976
1479961945.090785,113,1,62.307893991
1479962113.602695,172,1,168.511909962
1479962113.747032,135,0,0.144336939
1479962113.749435,66,1,0.002403021
1479962118.750240,42,0,5.000805140
1479962118.751022,42,1,0.000782013
1479962349.579183,172,1,230.828161001
1479962349.723529,135,0,0.144345999
1479962349.725820,66,1,0.002290964
1479962354.730241,42,0,5.004420996
1479962354.731004,42,1,0.000762939
1479962545.084515,113,1,190.353511095
1479962585.555574,172,1,40.471058846
1479962585.699730,135,0,0.144155979
1479962585.703556,66,1,0.003826141
1479962590.700238,42,0,4.996681929
1479962590.701026,42,1,0.000787973
1479962821.533060,172,1,230.832034111
1479962821.677233,135,0,0.144172907
1479962821.679826,66,1,0.002593040
1479962826.680255,42,0,5.000428915
1479962826.686657,42,1,0.006402016
1479963057.508458,172,1,230.821800947
1479963057.652617,135,0,0.144159079
1479963057.875504,172,1,0.222887039
1479963057.938937,135,0,0.063432932
1479963057.939769,66,1,0.000832081
1479963058.019292,78,0,0.079523087
1479963062.660231,42,0,4.640938997
1479963062.660997,42,1,0.000765800
1479963145.108103,113,1,82.447106123
1479963293.796878,172,1,148.688775063
1479963293.940699,66,0,0.143821001
1479963293.941126,135,0,0.000427008
1479963293.960048,66,1,0.018921852
1479963298.950240,42,0,4.990191936
1479963298.951021,42,1,0.000781059
1479963529.773257,172,1,230.822236061
1479963529.917468,135,0,0.144211054
1479963529.927273,66,1,0.009804964
1479963534.920243,42,0,4.992969990
1479963534.921008,42,1,0.000765085
1479963745.117940,113,1,210.196931839
1479963765.844471,172,1,20.726531029
1479963765.988644,135,0,0.144172907
1479963766.262876,135,0,0.274232149
1479963766.265732,66,1,0.002856016
1479963770.990241,42,0,4.724509001
1479963770.998976,42,1,0.008734941
1479964002.126296,172,1,231.127320051
1479964002.270533,135,0,0.144237041
1479964002.272728,66,1,0.002194881
1479964007.280227,42,0,5.007498980
1479964007.281871,42,1,0.001644135
1479964050.034498,75,1,42.752626896
1479964050.055867,545,0,0.021368980
1479964055.060242,42,0,5.004374981
1479964055.060998,42,1,0.000756025
1479964060.045599,75,1,4.984601021
1479964060.045924,139,0,0.000324965
1479964060.047001,90,1,0.001076937
1479964065.045790,42,1,4.998789072
1479964065.045830,42,0,0.000040054
1479964065.053472,90,1,0.007642031
1479964070.061560,90,1,5.008087873
1479964070.365987,90,0,0.304427147
1479964238.102756,172,1,167.736768961
1479964238.247595,135,0,0.144839048
1479964238.253130,66,1,0.005534887
1479964243.250235,42,0,4.997105122
1479964243.250995,42,1,0.000759840
1479964345.113255,113,1,101.862260103
1479964474.079267,172,1,128.966012001
1479964474.223414,135,0,0.144146919
1479964474.486846,135,0,0.263432026
1479964474.495398,66,1,0.008552074
1479964479.230245,42,0,4.734847069
1479964479.231315,42,1,0.001069784
1479964710.263685,172,1,231.032370090
1479964710.407840,135,0,0.144155025
1479964710.410428,66,1,0.002588034
1479964715.410244,42,0,4.999815941
1479964715.411004,42,1,0.000760078
1479964945.110321,113,1,229.699316978
1479964946.032167,172,1,0.921845913
1479964946.176503,135,0,0.144335985
1479964946.179064,66,1,0.002561092
1479964951.180241,42,0,5.001177073
1479964951.181011,42,1,0.000769854
1479965181.592654,172,1,230.411643028
1479965181.737006,135,0,0.144351959
1479965181.738479,66,1,0.001472950
1479965186.740243,42,0,5.001764059
1479965186.741006,42,1,0.000762939
1479965417.569191,172,1,230.828185081
1479965417.713817,135,0,0.144625902
1479965417.716467,66,1,0.002650023
1479965422.720244,42,0,5.003777027
1479965422.722423,42,1,0.002179146
1479965545.120445,113,1,122.398021936
1479965653.519181,172,1,108.398736000
1479965653.663540,135,0,0.144358873
1479965653.666251,66,1,0.002711058
1479965658.670231,42,0,5.003980160
1479965658.671015,42,1,0.000783920
1479965889.494000,172,1,230.822984934
1479965890.061059,172,1,0.567059040
1479965891.197056,172,1,1.135997057
1479965893.469067,172,1,2.272011042
1479965894.497987,42,1,1.028919935
1479965894.498027,42,0,0.000040054
1479965894.699676,103,1,0.201648951
1479965898.014369,172,1,3.314692974
1479965907.101119,172,1,9.086750031
1479965914.558111,80,1,7.456991911
1479965914.567393,418,0,0.009282112
1479965914.570072,74,1,0.002678871
1479965914.813140,74,0,0.243067980
1479965914.813977,66,1,0.000837088
1479965914.814940,281,1,0.000962973
1479965915.058383,66,0,0.243443012
1479965915.064303,1514,0,0.005919933
1479965915.064428,1514,0,0.000125170
1479965915.064516,743,0,0.000087976
1479965915.065493,66,1,0.000977039
1479965915.066577,66,1,0.001083851
1479965915.066672,66,1,0.000095129
1479965915.154400,200,1,0.087728024
1479965915.398199,300,0,0.243798971
1479965915.400484,66,1,0.002285004
1479965915.495199,620,1,0.094714880
1479965915.749113,167,0,0.253914118
1479965915.789051,66,1,0.039937973
1479965915.910297,284,1,0.121245861
1479965916.159529,135,0,0.249232054
1479965916.221149,66,1,0.061619997
1479965919.570242,42,0,3.349092960
1479965919.571245,42,1,0.001003027
1479965925.277159,172,1,5.705914021
1479965961.629585,172,1,36.352426052
1479965966.629149,42,1,4.999563932
1479965966.629191,42,0,0.000041962
1479965967.629146,42,1,0.999955177
1479965967.629190,42,0,0.000043869
1479966034.335543,172,1,66.706352949
1479966039.333294,42,1,4.997750998
1479966039.333336,42,0,0.000042200
1479966145.104699,113,1,105.771362782
1479966152.094493,172,1,6.989794016
1479966152.337690,135,0,0.243197203
1479966152.340158,66,1,0.002467871
1479966157.340238,42,0,5.000080109
1479966157.344342,42,1,0.004103899
1479966388.174988,172,1,230.830646038
1479966388.418097,135,0,0.243108988
1479966388.730027,172,1,0.311929941
1479966388.958912,135,0,0.228884935
1479966388.959748,66,1,0.000836134
1479966388.972797,78,0,0.013048887
1479966393.420228,42,0,4.447431087
1479966393.423067,42,1,0.002839088
1479966624.775423,172,1,231.352355957
1479966625.018208,66,0,0.242784977
1479966625.018545,135,0,0.000336885
1479966625.020836,66,1,0.002291203
1479966630.020241,42,0,4.999404907
1479966630.021987,42,1,0.001745939
1479966745.112298,113,1,115.090311050
1479966860.855848,172,1,115.743550062
1479966861.098972,135,0,0.243124008
1479966861.567022,135,0,0.468050003
1479966861.567882,66,1,0.000859976
1479966866.100239,42,0,4.532356977
1479966866.103208,42,1,0.002969027
1479967095.171574,172,1,229.068366051
1479967095.414622,135,0,0.243047953
1479967095.417017,66,1,0.002394915
1479967100.420241,42,0,5.003224134
1479967100.420996,42,1,0.000754833
1479967331.248715,172,1,230.827718973
1479967331.491834,135,0,0.243119001
1479967331.494409,66,1,0.002575159
1479967336.500240,42,0,5.005831003
1479967336.501023,42,1,0.000782967
1479967345.142217,113,1,8.641193867
1479967567.085215,172,1,221.942998171
1479967567.328326,135,0,0.243110895
1479967567.330896,66,1,0.002569914
1479967572.330241,42,0,4.999345064
1479967572.331000,42,1,0.000759125
1479967672.796921,75,1,100.465920925
1479967672.818406,529,0,0.021485090
1479967677.796381,42,1,4.977974892
1479967677.796442,42,0,0.000061035
1479967682.808578,75,1,5.012135983
1479967682.808924,139,0,0.000345945
1479967682.810008,90,1,0.001084089
1479967683.084897,90,0,0.274888992
1479967687.810240,42,0,4.725342989
1479967687.811002,42,1,0.000761986
1479967802.333496,172,1,114.522494078
1479967802.576674,135,0,0.243177891
1479967802.962772,135,0,0.386097908
1479967802.963604,66,1,0.000832081
1479967807.580243,42,0,4.616639137
1479967807.581011,42,1,0.000767946
1479967945.111211,113,1,137.530200005
1479968038.102090,172,1,92.990878820
1479968038.349955,135,0,0.247865200
1479968038.352548,66,1,0.002592802
1479968043.350241,42,0,4.997693062
1479968043.351948,42,1,0.001707077
1479968273.248114,172,1,229.896166086
1479968273.491250,135,0,0.243135929
1479968273.493861,66,1,0.002610922
1479968278.500239,42,0,5.006377935
1479968278.501019,42,1,0.000780106
1479968508.394865,172,1,229.893846035
1479968508.637961,135,0,0.243095875
1479968508.640404,66,1,0.002443075
1479968513.640245,42,0,4.999840975
1479968513.641006,42,1,0.000761032
1479968545.135928,113,1,31.494921923
1479968743.847565,172,1,198.711637020
1479968744.090683,135,0,0.243118048
1479968744.093105,66,1,0.002422094
1479968749.100243,42,0,5.007138014
1479968749.101031,42,1,0.000787973
1479968979.201406,172,1,230.100374937
1479968979.444536,135,0,0.243129969
1479968979.802802,135,0,0.358266115
1479968979.803641,66,1,0.000838995
1479968984.450241,42,0,4.646600008
1479968984.451014,42,1,0.000772953
1479969145.135140,113,1,160.684125900
1479969214.760457,172,1,69.625317097
1479969215.003704,135,0,0.243247032
1479969215.362767,135,0,0.359062910
1479969215.363630,66,1,0.000863075
1479969220.010245,42,0,4.646615028
1479969220.011029,42,1,0.000783920
1479969450.944964,172,1,230.933934927
1479969451.188038,135,0,0.243074179
1479969451.190427,66,1,0.002388954
1479969456.190256,42,0,4.999829054
1479969456.191026,42,1,0.000769854
1479969686.193396,172,1,230.002370119
1479969686.436429,135,0,0.243032932
1479969686.438915,66,1,0.002485991
1479969691.440241,42,0,5.001326084
1479969691.444286,42,1,0.004045010
1479969745.146626,113,1,53.702339888
1479969921.545885,172,1,176.399259090
1479969921.788983,135,0,0.243098021
1479969921.791674,66,1,0.002690792
1479969926.790244,42,0,4.998570204
1479969926.791029,42,1,0.000784874
1479970156.794362,172,1,230.003333092
1479970157.042217,135,0,0.247854948
1479970157.044639,66,1,0.002422094
1479970162.050241,42,0,5.005601883
1479970162.051605,42,1,0.001363993
1479970345.148092,113,1,183.096487045
1479970391.938807,172,1,46.790714979
1479970392.181943,135,0,0.243135929
1479970392.184437,66,1,0.002494097
1479970397.190245,42,0,5.005807877
1479970397.193373,42,1,0.003128052
1479970627.084020,172,1,229.890646935
1479970627.327043,135,0,0.243023157
1479970627.329396,66,1,0.002352953
1479970632.330228,42,0,5.000832081
1479970632.330988,42,1,0.000759840
1479970862.540748,172,1,230.209759951
1479970862.783867,135,0,0.243119001
1479970862.792128,66,1,0.008261204
1479970867.790247,42,0,4.998118877
1479970867.791011,42,1,0.000764132
1479970945.132495,113,1,77.341483831
1479971098.096212,172,1,152.963716984
1479971098.344201,135,0,0.247989178
1479971098.346658,66,1,0.002456903
1479971103.350240,42,0,5.003582001
1479971103.351019,42,1,0.000778913
1479971285.588091,75,1,182.237071991
1479971285.945361,545,0,0.357270002
1479971285.947946,90,1,0.002585173
1479971286.215089,90,0,0.267143011
1479971290.587549,42,1,4.372459888
1479971290.587606,42,0,0.000056982
1479971334.176644,172,1,43.589038134
1479971334.424505,135,0,0.247860909
1479971334.782617,135,0,0.358112097
1479971334.783447,66,1,0.000829935
1479971339.430247,42,0,4.646800041
1479971339.432662,42,1,0.002414942
1479971545.150441,113,1,205.717778921
1479971570.570033,172,1,25.419592142
1479971570.818945,135,0,0.248911858
1479971571.178572,135,0,0.359627008
1479971571.180158,66,1,0.001585960
1479971575.820242,42,0,4.640084028
1479971575.821034,42,1,0.000792027
1479971806.961672,172,1,231.140638113
1479971807.209518,135,0,0.247845888
1479971807.566562,135,0,0.357043982
1479971807.567392,66,1,0.000830173
1479971812.210241,42,0,4.642848969
1479971812.211005,42,1,0.000763893
1479972041.170967,172,1,228.959962130
1479972042.333103,172,1,1.162135839
1479972044.661113,172,1,2.328010082
1479972046.169084,42,1,1.507971048
1479972046.169125,42,0,0.000041008
1479972046.373626,103,1,0.204500914
1479972049.318526,172,1,2.944900036
1479972058.629179,172,1,9.310652971
1479972058.953941,80,1,0.324762106
1479972058.963269,418,0,0.009327888
1479972058.965762,74,1,0.002492905
1479972059.109513,74,0,0.143751144
1479972059.110347,66,1,0.000833988
1479972059.111307,281,1,0.000959873
1479972059.255139,66,0,0.143832207
1479972059.258304,1514,0,0.003165007
1479972059.258417,1514,0,0.000112772
1479972059.258503,743,0,0.000086069
1479972059.261379,66,1,0.002876043
1479972059.261567,66,1,0.000188112
1479972059.261658,66,1,0.000090837
1479972059.349749,200,1,0.088091135
1479972059.494313,300,0,0.144563913
1479972059.496585,66,1,0.002271891
1479972059.579247,620,1,0.082662106
1479972059.742254,167,0,0.163007021
1479972059.781090,66,1,0.038836002
1479972059.890334,284,1,0.109243870
1479972060.042573,135,0,0.152239084
1479972060.097211,66,1,0.054637909
1479972063.970238,42,0,3.873027086
1479972063.971099,42,1,0.000860929
1479972077.253229,172,1,13.282130003
1479972114.501357,172,1,37.248128176
1479972119.505749,42,1,5.004391909
1479972119.505791,42,0,0.000041962
1479972120.501255,42,1,0.995464087
1479972120.501299,42,0,0.000043869
1479972145.141128,113,1,24.639829159
1479972188.997572,172,1,43.856443882
1479972193.997481,42,1,4.999909163
1479972193.997521,42,0,0.000039816
1479972295.970751,172,1,101.973230124
1479972296.115389,135,0,0.144638062
1479972296.117873,66,1,0.002483845
1479972301.120232,42,0,5.002359152
1479972301.121788,42,1,0.001555920
1479972531.947342,172,1,230.825553894
1479972532.092152,135,0,0.144810200
1479972532.095182,66,1,0.003029823
1479972537.100252,42,0,5.005069971
1479972537.101531,42,1,0.001279116
1479972745.139833,113,1,208.038301945
1479972767.924135,172,1,22.784301996
1479972768.068813,135,0,0.144678116
1479972768.070295,66,1,0.001482010
1479972773.070244,42,0,4.999948978
1479972773.071034,42,1,0.000789881
1479973003.968723,172,1,230.897689104
1479973004.113496,135,0,0.144773006
1479973004.116038,66,1,0.002542019
1479973009.120243,42,0,5.004204988
1479973009.121046,42,1,0.000802994
1479973239.945161,172,1,230.824115038
1479973240.089844,135,0,0.144682884
1479973240.094024,66,1,0.004179955
1479973245.090234,42,0,4.996210098
1479973245.090991,42,1,0.000756979
1479973345.161265,113,1,100.070273876
1479973475.923168,172,1,130.761903048
1479973476.067822,135,0,0.144654036
1479973476.070229,66,1,0.002407074
1479973481.070241,42,0,5.000011921
1479973481.071032,42,1,0.000791073
1479973711.898371,172,1,230.827338934
1479973712.043145,135,0,0.144773960
1479973712.045481,66,1,0.002336025
1479973717.050243,42,0,5.004761934
1479973717.051003,42,1,0.000760078
1479973945.182268,113,1,228.131264925
1479973947.874903,172,1,2.692635059
1479973948.019539,135,0,0.144636154
1479973948.022069,66,1,0.002529860
1479973953.020240,42,0,4.998171091
1479973953.021011,42,1,0.000771046
1479974183.851481,172,1,230.830469847
1479974183.996237,135,0,0.144756079
1479974183.997684,66,1,0.001446962
1479974189.000228,42,0,5.002543926
1479974189.001565,42,1,0.001337051
1479974419.831688,172,1,230.830122948
1479974419.976276,135,0,0.144587994
1479974420.185623,172,1,0.209347010
1479974420.234046,135,0,0.048423052
1479974420.234858,66,1,0.000812054
1479974420.329071,78,0,0.094213009
1479974424.980242,42,0,4.651170969
1479974424.981005,42,1,0.000762939
1479974545.157739,113,1,120.176733971
1479974655.908613,172,1,110.750874043
1479974656.052032,66,0,0.143419027
1479974656.053245,135,0,0.001213074
1479974656.054661,66,1,0.001415968
1479974661.060239,42,0,5.005578041
1479974661.061020,42,1,0.000780821
1479974888.624719,75,1,227.563699007
1479974888.645119,545,0,0.020400047
1479974891.877200,172,1,3.232080936
1479974892.021851,135,0,0.144651175
1479974892.023926,66,1,0.002074957
1479974893.650241,42,0,1.626314878
1479974893.651007,42,1,0.000766039
1479974898.636920,75,1,4.985913038
1479974898.637258,139,0,0.000338078
1479974898.638873,90,1,0.001615047
1479974898.923428,90,0,0.284554958
1479974903.636207,42,1,4.712779045
1479974903.636248,42,0,0.000041008
1479975127.853731,172,1,224.217482805
1479975127.998357,135,0,0.144626141
1479975128.000726,66,1,0.002368927
1479975133.000234,42,0,4.999507904
1479975133.001133,42,1,0.000899076
1479975145.179849,113,1,12.178715944
1479975363.831148,172,1,218.651299000
1479975363.975804,135,0,0.144656181
1479975364.234047,135,0,0.258242846
1479975364.234895,66,1,0.000848055
1479975368.980243,42,0,4.745347977
1479975368.981021,42,1,0.000777960
1479975600.014820,172,1,231.033799171
1479975600.159464,135,0,0.144643784
1479975600.163800,66,1,0.004336119
1479975605.160243,42,0,4.996443033
1479975605.161009,42,1,0.000766039
1479975745.184522,113,1,140.023512840
1479975835.991599,172,1,90.807077169
1479975836.136270,135,0,0.144670963
1479975836.138884,66,1,0.002614021
1479975841.140229,42,0,5.001344919
1479975841.141269,42,1,0.001039982
1479976071.967946,172,1,230.826677084
1479976072.112539,135,0,0.144593000
1479976072.115066,66,1,0.002526999
1479976077.120246,42,0,5.005179882
1479976077.121238,42,1,0.000992060
1479976307.944450,172,1,230.823211908
1479976308.459501,172,1,0.515051126
1479976309.491504,172,1,1.032002926
1479976311.555501,172,1,2.063997030
1479976312.947721,42,1,1.392220020
1479976312.947762,42,0,0.000041008
1479976313.146680,103,1,0.198918104
1479976315.683534,172,1,2.536853790
1479976323.939568,172,1,8.256034136
1479976331.968355,80,1,8.028786898
1479976331.977374,418,0,0.009019136
1479976331.980417,74,1,0.003042936
1479976332.223721,74,0,0.243304014
1479976332.225791,66,1,0.002069950
1479976332.226755,281,1,0.000963926
1479976332.470117,66,0,0.243362188
1479976332.473228,1514,0,0.003110886
1479976332.473354,1514,0,0.000126123
1479976332.473440,743,0,0.000085831
1479976332.474723,66,1,0.001283169
1479976332.474827,66,1,0.000103951
1479976332.474892,66,1,0.000064850
1479976332.562879,200,1,0.087987185
1479976332.806910,300,0,0.244030952
1479976332.809385,66,1,0.002475023
1479976332.907776,620,1,0.098391056
1479976333.163883,167,0,0.256106853
1479976333.203636,66,1,0.039752960
1479976333.321460,284,1,0.117824078
1479976333.571092,135,0,0.249631882
1479976333.631599,66,1,0.060507059
1479976336.980231,42,0,3.348632097
1479976336.981030,42,1,0.000798941
1479976340.451617,172,1,3.470587015
1479976345.179874,113,1,4.728256941
1479976373.475684,172,1,28.295809984
1479976378.475601,42,1,4.999917030
1479976378.475640,42,0,0.000039101
1479976439.523813,172,1,61.048172951
1479976569.505012,172,1,129.981199026
1479976569.749355,135,0,0.244343042
1479976569.751918,66,1,0.002563000
1479976574.750240,42,0,4.998322010
1479976574.751001,42,1,0.000760794
1479976805.325467,172,1,230.574466228
1479976805.569760,135,0,0.244292974
1479976805.572502,66,1,0.002741814
1479976810.570238,42,0,4.997736216
1479976810.570997,42,1,0.000758886
1479976945.217175,113,1,134.646178007
1479977040.470006,172,1,95.252830982
1479977040.714193,135,0,0.244187117
1479977040.716599,66,1,0.002405882
1479977045.720242,42,0,5.003643036
1479977045.721037,42,1,0.000794888
1479977275.822465,172,1,230.101428032
1479977276.066650,135,0,0.244184971
1479977276.333525,172,1,0.266875029
1479977276.529480,135,0,0.195955038
1479977276.530318,66,1,0.000838041
1479977276.576545,78,0,0.046226978
1479977281.070246,42,0,4.493700981
1479977281.071500,42,1,0.001254082
1479977511.382948,172,1,230.311447859
1479977511.625966,66,0,0.243018150
1479977511.627133,135,0,0.001166821
1479977511.632737,66,1,0.005604029
1479977516.630243,42,0,4.997506142
1479977516.631006,42,1,0.000762939
1479977545.194014,113,1,28.563008070
1479977746.735478,172,1,201.541463852
1479977746.979759,135,0,0.244281054
1479977746.982227,66,1,0.002468109
1479977751.980241,42,0,4.998013973
1479977751.981089,42,1,0.000848055
1479977981.879931,172,1,229.898841858
1479977982.124322,135,0,0.244390965
1479977982.126847,66,1,0.002525091
1479977987.130236,42,0,5.003388882
1479977987.133130,42,1,0.002894163
1479978145.200410,113,1,158.067279816
1479978217.128801,172,1,71.928391218
1479978217.372971,135,0,0.244169950
1479978217.375527,66,1,0.002555847
1479978222.380242,42,0,5.004715204
1479978222.381222,42,1,0.000979900
1479978452.377190,172,1,229.995968103
1479978452.621376,135,0,0.244185925
1479978452.623929,66,1,0.002552986
1479978457.630243,42,0,5.006314039
1479978457.631220,42,1,0.000977039
1479978501.332583,75,1,43.701362848
1479978501.353401,529,0,0.020817995
1479978501.354946,90,1,0.001544952
1479978501.700166,90,0,0.345220089
1479978506.332035,42,1,4.631869078
1479978506.332097,42,0,0.000061989
1479978688.005393,172,1,181.673295975
1479978688.249735,135,0,0.244342089
1479978688.252721,66,1,0.002985954
1479978693.250239,42,0,4.997517824
1479978693.251006,42,1,0.000766993
1479978745.238118,113,1,51.987112045
1479978923.253947,172,1,178.015829086
1479978923.498258,135,0,0.244311094
1479978923.500878,66,1,0.002619982
1479978928.500241,42,0,4.999362946
1479978928.504613,42,1,0.004371881
1479979158.814409,172,1,230.309796095
1479979159.058746,135,0,0.244337082
1479979159.061306,66,1,0.002559900
1479979164.060243,42,0,4.998936892
1479979164.061004,42,1,0.000761032
1479979345.215629,113,1,181.154625177
1479979393.958895,172,1,48.743265867
1479979394.203096,135,0,0.244200945
1479979394.205735,66,1,0.002639055
1479979399.210233,42,0,5.004498005
1479979399.211020,42,1,0.000787020
1479979629.103457,172,1,229.892436981
1479979629.347767,135,0,0.244310141
1479979629.630462,172,1,0.282694817
1479979629.705128,135,0,0.074666023
1479979629.710871,66,1,0.005743027
1479979629.873477,78,0,0.162606001
1479979634.350241,42,0,4.476763964
1479979634.351483,42,1,0.001242161
1479979864.664010,172,1,230.312526941
1479979864.907054,66,0,0.243043900
1479979864.908347,135,0,0.001292944
1479979864.909708,66,1,0.001361132
1479979869.910249,42,0,5.000540972
1479979869.917178,42,1,0.006928921
1479979945.185661,113,1,75.268483162
1479980099.912416,172,1,154.726754904
1479980100.156603,135,0,0.244187117
1479980100.159184,66,1,0.002580881
1479980105.160240,42,0,5.001055956
1479980105.161027,42,1,0.000787020
1479980335.160893,172,1,229.999866009
1479980335.405071,135,0,0.244178057
1479980335.407545,66,1,0.002474070
1479980340.410244,42,0,5.002698898
1479980340.410995,42,1,0.000751019
1479980545.226306,113,1,204.815310955
1479980571.325404,172,1,26.099097967
1479980571.570068,135,0,0.244663954
1479980571.572598,66,1,0.002530098
1479980576.570248,42,0,4.997649908
1479980576.571026,42,1,0.000778198
1479980807.406002,172,1,230.834975958
1479980807.650355,135,0,0.244353056
1479980808.005148,135,0,0.354792833
1479980808.005972,66,1,0.000823975
1479980812.660239,42,0,4.654267073
1479980812.661012,42,1,0.000772953
1479981043.800682,172,1,231.139670134
1479981044.045009,135,0,0.244326830
1479981044.397191,135,0,0.352182150
1479981044.398026,66,1,0.000834942
1479981049.050246,42,0,4.652220011
1479981049.051007,42,1,0.000761032
1479981145.202605,113,1,96.151597977
1479981280.190840,172,1,134.988234997
1479981280.435005,135,0,0.244164944
1479981280.789230,135,0,0.354225159
1479981280.790095,66,1,0.000864983
1479981285.440236,42,0,4.650141001
1479981285.441022,42,1,0.000785828
1479981516.583574,172,1,231.142552137
1479981516.827799,135,0,0.244225025
1479981516.830316,66,1,0.002516985
1479981521.830244,42,0,4.999927998
1479981521.831018,42,1,0.000773907
1479981745.199636,113,1,223.368618011
1479981752.664126,172,1,7.464489937
1479981752.908864,135,0,0.244738102
1479981752.910337,66,1,0.001472950
1479981757.910235,42,0,4.999897957
1479981757.911033,42,1,0.000797987
1479981988.744857,172,1,230.833824158
1479981988.989026,135,0,0.244168997
1479981988.991599,66,1,0.002573013
1479981993.990240,42,0,4.998641014
1479981993.991008,42,1,0.000767946
1479982104.108432,75,1,110.117424011
1479982104.130292,529,0,0.021859884
1479982109.107901,42,1,4.977609158
1479982109.107962,42,0,0.000060797
1479982114.120185,75,1,5.012223005
1479982114.120548,139,0,0.000363111
1479982114.122296,90,1,0.001748085
1479982114.415256,90,0,0.292959929
1479982119.130238,42,0,4.714982033
1479982119.131002,42,1,0.000763893
1479982224.825222,172,1,105.694220066
1479982225.860243,172,1,1.035021067
1479982227.932235,172,1,2.071991920
1479982229.824198,42,1,1.891963005
1479982229.824239,42,0,0.000041008
1479982230.228179,103,1,0.403939962
1479982232.076246,172,1,1.848067045
1479982240.364283,172,1,8.288037062
1479982243.881034,80,1,3.516750813
1479982243.890623,418,0,0.009589195
1479982243.893678,74,1,0.003054857
1479982244.127077,74,0,0.233399153
1479982244.130195,66,1,0.003117800
1479982244.130355,281,1,0.000159979
1479982244.363837,66,0,0.233482122
1479982244.366968,1514,0,0.003130913
1479982244.367080,1514,0,0.000112057
1479982244.367166,743,0,0.000086069
1479982244.368924,66,1,0.001757860
1479982244.369028,66,1,0.000104189
1479982244.369093,66,1,0.000064850
1479982244.462058,200,1,0.092965126
1479982244.696390,300,0,0.234331846
1479982244.698672,66,1,0.002282143
1479982244.714928,620,1,0.016255856
1479982244.961822,167,0,0.246894121
1479982245.000421,66,1,0.038599014
1479982245.129469,284,1,0.129047871
1479982245.370958,135,0,0.241489172
1479982245.408248,66,1,0.037289858
1479982248.900239,42,0,3.491991043
1479982248.901001,42,1,0.000761986
1479982256.940322,172,1,8.039320946
1479982290.092400,172,1,33.152078152
1479982295.092800,42,1,5.000399828
1479982295.092842,42,0,0.000042200
1479982345.232812,113,1,50.139969826
1479982356.397056,172,1,11.164244175
1479982361.396798,42,1,4.999741793
1479982361.396837,42,0,0.000039101
1479982362.396483,42,1,0.999645948
1479982362.396525,42,0,0.000041962
1479982481.321390,172,1,118.924865007
1479982481.555863,135,0,0.234472990
1479982481.880811,172,1,0.324948072
1479982482.105299,135,0,0.224488020
1479982482.106162,66,1,0.000863075
1479982482.113972,78,0,0.007809877
1479982486.560229,42,0,4.446257114
1479982486.561016,42,1,0.000787020
1479982637.801392,590,1,151.240375996
1479982637.803341,342,0,0.001948833
1479982642.801105,42,1,4.997764111
1479982642.801163,42,0,0.000057936
1479982717.914312,172,1,75.113148928
1479982718.147490,66,0,0.233178139
1479982718.148637,135,0,0.001147032
1479982718.150161,66,1,0.001523972
1479982723.150229,42,0,5.000067949
1479982723.151005,42,1,0.000776052
1479982945.216472,113,1,222.065466881
1479982953.994807,172,1,8.778335094
1479982954.229154,135,0,0.234347105
1479982954.689312,135,0,0.460157871
1479982954.690167,66,1,0.000854969
1479982959.230244,42,0,4.540076971
1479982959.230959,42,1,0.000715017
1479983188.307327,172,1,229.076368093
1479983188.541796,135,0,0.234468937
1479983188.544263,66,1,0.002466917
1479983193.550235,42,0,5.005972147
1479983193.552606,42,1,0.002371073
1479983424.383831,172,1,230.831224918
1479983424.618115,135,0,0.234283924
1479983425.029329,135,0,0.411214113
1479983425.030162,66,1,0.000833035
1479983429.620246,42,0,4.590083838
1479983429.621516,42,1,0.001270056
1479983545.210176,113,1,115.588660002
1479983660.880423,172,1,115.670247078
1479983661.114889,135,0,0.234465837
1479983661.117301,66,1,0.002412081
1479983666.120245,42,0,5.002943993
1479983666.121024,42,1,0.000778913
1479983896.960904,172,1,230.839879990
1479983897.195179,135,0,0.234275103
1479983897.196627,66,1,0.001447916
1479983902.200243,42,0,5.003616095
1479983902.201007,42,1,0.000763893
1479984133.277423,172,1,231.076416016
1479984133.511844,135,0,0.234421015
1479984133.514326,66,1,0.002482176
1479984138.520240,42,0,5.005913973
1479984138.521033,42,1,0.000792980
1479984145.210848,113,1,6.689815044
1479984369.357978,172,1,224.147130013
1479984369.592257,135,0,0.234278917
1479984369.953240,135,0,0.360982895
1479984369.954092,66,1,0.000852108
1479984374.600233,42,0,4.646141052
1479984374.605365,42,1,0.005131960
1479984605.750442,172,1,231.145076990
1479984605.984837,135,0,0.234395027
1479984605.987949,66,1,0.003111839
1479984610.990248,42,0,5.002299070
1479984610.991011,42,1,0.000762939
1479984745.230722,113,1,134.239711046
1479984841.830942,172,1,96.600219965
1479984842.065342,135,0,0.234400034
1479984842.421123,135,0,0.355781078
1479984842.421995,66,1,0.000871897
1479984847.070247,42,0,4.648252010
1479984847.071031,42,1,0.000784159
1479985078.223293,172,1,231.152261972
1479985078.457623,135,0,0.234329939
1479985078.460128,66,1,0.002505064
1479985083.460240,42,0,5.000111818
1479985083.462304,42,1,0.002064228
1479985314.303811,172,1,230.841506958
1479985314.538087,135,0,0.234275818
1479985314.884828,135,0,0.346741199
1479985314.885661,66,1,0.000832796
1479985319.540243,42,0,4.654582024
1479985319.541017,42,1,0.000774145
1479985345.230098,113,1,25.689080954
1479985550.696635,172,1,205.466536999
1479985550.931505,135,0,0.234869957
1479985550.934061,66,1,0.002556086
1479985555.940243,42,0,5.006181955
1479985555.941025,42,1,0.000782013
1479985716.823943,75,1,160.882917881
1479985716.844918,545,0,0.020975113
1479985716.846588,90,1,0.001669884
1479985721.823399,42,1,4.976811171
1479985721.823461,42,0,0.000061989
1479985721.855434,90,1,0.031972885
1479985726.867024,90,1,5.011590004
1479985727.178135,90,0,0.311110973
1479985732.180240,42,0,5.002104998
1479985732.181020,42,1,0.000780106
1479985732.875892,75,1,0.694871902
1479985732.896996,545,0,0.021104097
1479985732.898133,90,1,0.001137018
1479985733.206928,90,0,0.308794975
1479985786.776486,172,1,53.569557905
1479985787.010768,135,0,0.234282017
1479985787.013122,66,1,0.002354145
1479985792.020240,42,0,5.007117987
1479985792.022689,42,1,0.002449036
1479985945.245639,113,1,153.222949982
1479986022.996891,172,1,77.751251936
1479986023.232424,135,0,0.235532999
1479986023.233898,66,1,0.001473904
1479986028.240246,42,0,5.006348133
1479986028.241025,42,1,0.000778913
1479986258.973352,172,1,230.732326984
1479986259.207658,135,0,0.234306097
1479986259.210238,66,1,0.002579927
1479986264.210240,42,0,5.000001907
1479986264.212246,42,1,0.002006054
1479986494.949721,172,1,230.737475157
1479986495.184038,135,0,0.234316826
1479986495.186860,66,1,0.002822161
1479986500.190230,42,0,5.003369808
1479986500.191641,42,1,0.001411200
1479986545.236690,113,1,45.045048952
1479986730.926183,172,1,185.689492941
1479986731.165860,135,0,0.239676952
1479986731.512122,135,0,0.346261978
1479986731.512974,66,1,0.000852108
1479986736.170241,42,0,4.657267094
1479986736.174534,42,1,0.004292965
1479986967.318539,172,1,231.144004822
1479986967.558165,135,0,0.239626169
1479986967.903951,135,0,0.345785856
1479986967.906444,66,1,0.002493143
1479986972.560249,42,0,4.653805017
1479986972.561016,42,1,0.000766993
1479987145.242103,113,1,172.681087017
1479987203.502935,172,1,58.260831833
1479987203.737848,135,0,0.234913111
1479987203.738710,66,1,0.000861883
1479987208.740234,42,0,5.001523972
1479987208.741291,42,1,0.001057148
1479987439.583413,172,1,230.842121840
1479987439.817707,135,0,0.234294176
1479987439.820117,66,1,0.002409935
1479987444.820242,42,0,5.000124931
1479987444.821008,42,1,0.000766039
1479987675.663803,172,1,230.842795134
1479987675.898682,135,0,0.234879017
1479987675.901166,66,1,0.002483845
1479987680.900250,42,0,4.999083996
1479987680.901009,42,1,0.000759125
1479987745.255227,113,1,64.354218006
1479987911.812260,172,1,166.557032824
1479987912.046722,135,0,0.234462023
1479987912.391485,135,0,0.344763041
1479987912.392343,66,1,0.000858068
1479987917.050231,42,0,4.657887936
1479987917.051369,42,1,0.001137972
1479988148.204676,172,1,231.153306961
1479988148.439156,135,0,0.234480143
1479988148.440901,66,1,0.001744986
1479988153.440233,42,0,4.999331951
1479988153.445536,42,1,0.005302906
1479988345.251210,113,1,191.805674076
1479988384.285212,172,1,39.034002066
1479988385.308161,172,1,1.022948980
1479988387.356171,172,1,2.048009872
1479988389.284119,42,1,1.927947998
1479988389.284160,42,0,0.000041008
1479988389.487354,103,1,0.203194141
1479988391.452167,172,1,1.964812994
1479988399.644210,172,1,8.192043066
1479988402.068989,80,1,2.424778938
1479988402.077977,418,0,0.008987904
1479988402.080652,74,1,0.002675056
1479988402.224389,74,0,0.143737078
1479988402.225232,66,1,0.000842810
1479988402.226189,281,1,0.000957012
1479988402.369969,66,0,0.143779993
1479988402.373066,1514,0,0.003097057
1479988402.373177,1514,0,0.000111103
1479988402.373245,743,0,0.000067949
1479988402.387881,66,1,0.014636040
1479988402.387999,66,1,0.000118017
1479988402.388074,66,1,0.000074863
1479988402.476784,200,1,0.088710070
1479988402.621328,300,0,0.144544125
1479988402.623643,66,1,0.002314806
1479988402.694300,620,1,0.070657015
1479988402.850940,167,0,0.156640053
1479988402.892135,66,1,0.041194916
1479988403.005373,284,1,0.113238096
1479988403.156883,135,0,0.151510000
1479988403.212251,66,1,0.055367947
1479988407.080248,42,0,3.867997169
1479988407.081028,42,1,0.000779867
1479988416.028294,172,1,8.947266102
1479988448.796327,172,1,32.768033028
1479988453.796236,42,1,4.999908924
1479988453.796276,42,0,0.000040054
1479988454.796247,42,1,0.999970913
1479988454.796290,42,0,0.000042915
1479988514.332432,172,1,59.536142111
1479988519.332358,42,1,4.999925852
1479988519.332398,42,0,0.000040054
1479988639.086103,172,1,119.753705025
1479988639.230685,135,0,0.144582033
1479988639.476672,172,1,0.245986938
1479988639.604722,135,0,0.128050089
1479988639.605572,66,1,0.000849962
1479988639.620129,78,0,0.014557123
1479988644.240240,42,0,4.620110989
1479988644.241005,42,1,0.000764847
1479988873.293992,172,1,229.052987099
1479988873.437465,66,0,0.143472910
1479988873.438545,135,0,0.001080036
1479988873.441566,66,1,0.003021002
1479988878.440238,42,0,4.998672009
1479988878.441566,42,1,0.001327991
1479988945.237245,113,1,66.795679092
1479989109.270630,172,1,164.033384800
1479989109.416259,135,0,0.145629168
1479989109.744748,135,0,0.328489065
1479989109.746180,66,1,0.001431942
1479989114.420240,42,0,4.674059868
1479989114.421032,42,1,0.000792027
1479989335.614698,75,1,221.193665981
1479989335.635035,541,0,0.020337105
1479989335.637949,90,1,0.002913952
1479989335.952698,90,0,0.314749002
1479989340.614152,42,1,4.661453962
1479989340.614211,42,0,0.000059128
1479989345.559322,172,1,4.945111036
1479989345.704239,135,0,0.144916773
1479989345.705076,66,1,0.000837088
1479989350.710242,42,0,5.005166054
1479989350.711012,42,1,0.000769854
1479989545.252257,113,1,194.541245222
1479989581.538791,172,1,36.286533833
1479989581.683379,135,0,0.144587994
1479989581.689263,66,1,0.005884171
1479989586.690248,42,0,5.000984907
1479989586.691027,42,1,0.000778913
1479989817.392665,172,1,230.701637983
1479989817.537284,135,0,0.144618988
1479989817.824855,135,0,0.287571192
1479989817.826077,66,1,0.001221895
1479989822.540244,42,0,4.714167118
1479989822.541013,42,1,0.000768900
1479990052.624877,172,1,230.083863974
1479990052.769465,135,0,0.144587994
1479990052.770954,66,1,0.001488924
1479990057.770247,42,0,4.999293089
1479990057.771100,42,1,0.000853062
1479990145.258076,113,1,87.486975908
1479990287.874350,172,1,142.616274118
1479990288.020043,135,0,0.145692825
1479990288.292943,135,0,0.272900105
1479990288.293802,66,1,0.000859022
1479990293.020242,42,0,4.726439953
1479990293.021025,42,1,0.000782967
1479990523.338875,172,1,230.317850113
1479990523.483511,135,0,0.144635916
1479990523.748983,135,0,0.265471935
1479990523.749831,66,1,0.000848055
1479990528.490236,42,0,4.740405083
1479990528.491003,42,1,0.000766993
1479990745.255858,113,1,216.764854908
1479990758.786303,172,1,13.530445099
1479990758.930999,135,0,0.144695997
1479990758.933395,66,1,0.002395868
1479990763.940245,42,0,5.006850004
1479990763.942816,42,1,0.002571106
1479990993.826872,172,1,229.884056091
1479990993.971500,135,0,0.144627810
1479990993.974012,66,1,0.002511978
1479990998.980242,42,0,5.006230116
1479990998.981004,42,1,0.000761986
1479991228.868264,172,1,229.887259960
1479991229.012963,135,0,0.144699097
1479991229.016296,66,1,0.003332853
1479991234.020234,42,0,5.003938198
1479991234.021248,42,1,0.001013994
1479991345.261244,113,1,111.239995956
1479991464.011814,172,1,118.750570059
1479991464.157526,135,0,0.145711899
1479991464.416920,135,0,0.259393930
1479991464.417950,66,1,0.001029968
1479991469.160241,42,0,4.742290974
1479991469.161677,42,1,0.001435995
1479991700.181231,172,1,231.019554138
1479991700.325849,135,0,0.144618034
1479991700.584811,135,0,0.258961916
1479991700.592810,66,1,0.007998943
1479991705.330247,42,0,4.737437010
1479991705.331004,42,1,0.000756979
1479991935.524972,172,1,230.193968058
1479991935.669753,135,0,0.144781113
1479991935.672098,66,1,0.002344847
1479991940.670231,42,0,4.998133183
1479991940.671026,42,1,0.000794888
1479991945.267727,113,1,4.596700907
1479992170.576337,172,1,225.308610201
1479992170.720919,135,0,0.144581795
1479992170.727757,66,1,0.006838083
1479992175.730243,42,0,5.002485991
1479992175.730999,42,1,0.000756025
1479992406.314357,172,1,230.583358049
1479992406.460469,135,0,0.146111965
1479992406.464713,66,1,0.004244089
1479992411.470244,42,0,5.005530834
1479992411.470998,42,1,0.000754118
1479992545.263581,113,1,133.792582989
1479992642.290386,172,1,97.026804924
1479992642.434998,135,0,0.144612074
1479992642.456658,66,1,0.021659851
1479992647.440243,42,0,4.983585119
1479992647.441024,42,1,0.000781059
1479992878.266942,172,1,230.825917959
1479992878.411684,135,0,0.144742012
1479992878.414265,66,1,0.002580881
1479992883.420233,42,0,5.005968094
1479992883.427260,42,1,0.007026911
1479992938.510560,75,1,55.083300114
1479992938.805957,549,0,0.295397043
1479992938.808577,90,1,0.002619982
1479992939.090054,90,0,0.281476974
1479992943.515360,42,1,4.425306082
1479992943.515413,42,0,0.000052929
1479993114.243402,172,1,170.727988958
1479993114.388110,135,0,0.144707918
1479993114.390619,66,1,0.002509117
1479993119.390241,42,0,4.999621868
1479993119.391000,42,1,0.000759125
1479993145.293817,113,1,25.902817011
1479993350.219892,172,1,204.926074982
1479993350.364503,135,0,0.144610882
1479993350.367084,66,1,0.002581120
1479993355.370242,42,0,5.003158092
1479993355.371031,42,1,0.000788927
1479993586.196476,172,1,230.825444937
1479993586.341051,135,0,0.144575119
1479993586.343928,66,1,0.002876997
1479993591.350243,42,0,5.006314993
1479993591.351010,42,1,0.000766993
1479993745.281926,113,1,153.930915833
1479993821.964876,172,1,76.682950020
1479993822.109446,135,0,0.144570112
1479993822.111941,66,1,0.002495050
1479993827.110231,42,0,4.998289824
1479993827.111007,42,1,0.000776052
1479994057.941417,172,1,230.830410004
1479994058.086000,135,0,0.144582987
1479994058.088414,66,1,0.002413988
1479994063.090238,42,0,5.001824141
1479994063.090996,42,1,0.000757933
1479994294.121893,172,1,231.030896902
1479994294.266476,135,0,0.144582987
1479994294.524603,135,0,0.258126974
1479994294.526862,66,1,0.002259016
1479994299.270246,42,0,4.743384123
1479994299.271160,42,1,0.000913858
1479994345.277974,113,1,46.006814003
1479994530.306177,172,1,185.028203011
1479994530.939865,172,1,0.633688211
1479994532.210314,172,1,1.270448923
1479994534.673450,172,1,2.463135958
1479994535.305389,42,1,0.631938934
1479994535.305427,42,0,0.000038147
1479994535.507804,103,1,0.202376842
1479994536.305398,42,1,0.797594070
1479994536.305437,42,0,0.000039101
1479994539.666479,172,1,3.361042023
1479994549.649503,172,1,9.983023882
1479994552.250304,80,1,2.600800991
1479994552.259480,418,0,0.009176016
1479994552.262522,74,1,0.003041983
1479994552.511384,74,0,0.248862028
1479994552.512225,66,1,0.000840902
1479994552.513188,281,1,0.000962973
1479994552.762046,66,0,0.248858213
1479994552.765139,1514,0,0.003093004
1479994552.765253,1514,0,0.000113964
1479994552.765336,743,0,0.000082970
1479994552.769447,66,1,0.004111052
1479994552.769555,66,1,0.000108004
1479994552.769621,66,1,0.000065804
1479994552.862748,200,1,0.093127012
1479994553.112251,300,0,0.249503136
1479994553.115851,66,1,0.003599882
1479994553.195677,620,1,0.079826117
1479994553.456663,167,0,0.260985851
1479994553.497222,66,1,0.040559053
1479994553.610862,284,1,0.113640070
1479994553.869344,135,0,0.258481979
1479994553.921542,66,1,0.052197933
1479994557.260245,42,0,3.338703156
1479994557.261011,42,1,0.000765800
1479994569.617541,172,1,12.356530190
1479994609.553634,172,1,39.936092854
1479994614.553575,42,1,4.999941111
1479994614.553615,42,0,0.000040054
1479994689.425811,172,1,74.872195959
1479994694.425741,42,1,4.999929905
1479994694.425775,42,0,0.000034094
1479994789.795573,172,1,95.369797945
1479994790.045412,135,0,0.249839067
1479994790.393976,172,1,0.348563910
1479994790.630888,135,0,0.236912012
1479994790.632498,66,1,0.001610041
1479994790.642483,78,0,0.009984970
1479994795.050243,42,0,4.407759905
1479994795.051013,42,1,0.000770092
1479994945.292640,113,1,150.241626978
1479995024.315445,172,1,79.022804976
1479995024.564008,66,0,0.248563051
1479995024.565256,135,0,0.001248121
1479995024.568981,66,1,0.003724813
1479995029.570243,42,0,5.001261950
1479995029.571030,42,1,0.000787020
1479995260.395894,172,1,230.824864149
1479995260.645538,135,0,0.249644041
1479995260.647888,66,1,0.002349854
1479995265.650243,42,0,5.002355099
1479995265.651026,42,1,0.000782967
1479995496.479693,172,1,230.828666925
1479995496.729338,135,0,0.249644995
1479995496.731863,66,1,0.002525091
1479995501.730243,42,0,4.998379946
1479995501.730996,42,1,0.000752926
1479995545.281367,113,1,43.550371170
1479995732.557409,172,1,187.276041985
1479995732.807098,135,0,0.249688864
1479995732.809602,66,1,0.002504110
1479995737.810235,42,0,5.000633001
1479995737.811025,42,1,0.000789881
1479995968.637352,172,1,230.826327085
1479995968.887050,135,0,0.249697924
1479995968.889564,66,1,0.002514124
1479995973.890245,42,0,5.000680923
1479995973.892812,42,1,0.002567053
1479996145.286500,113,1,171.393687963
1479996204.831814,172,1,59.545314074
1479996205.081616,135,0,0.249801874
1479996205.483380,135,0,0.401764154
1479996205.484244,66,1,0.000864029
1479996210.090243,42,0,4.605998993
1479996210.091037,42,1,0.000793934
1479996441.326355,172,1,231.235317945
1479996441.576019,135,0,0.249664068
1479996441.578692,66,1,0.002672911
1479996446.580247,42,0,5.001554966
1479996446.581629,42,1,0.001382113
1479996541.503520,75,1,94.921890974
1479996541.841190,545,0,0.337670088
1479996541.843697,90,1,0.002506971
1479996542.156533,90,0,0.312835932
1479996546.497548,42,1,4.341015100
1479996546.497609,42,0,0.000060797
1479996677.406820,172,1,130.909211159
1479996677.656675,135,0,0.249855042
1479996678.035611,135,0,0.378935814
1479996678.036440,66,1,0.000828981
1479996682.660234,42,0,4.623794079
1479996682.661008,42,1,0.000773907
1479996745.291224,113,1,62.630216122
1479996913.799316,172,1,168.508091927
1479996914.049093,135,0,0.249777079
1479996914.051472,66,1,0.002378941
1479996919.050238,42,0,4.998765945
1479996919.067306,42,1,0.017068148
1479997149.879811,172,1,230.812505007
1479997150.129469,135,0,0.249657869
1479997150.132098,66,1,0.002629042
1479997155.130241,42,0,4.998142958
1479997155.131002,42,1,0.000761032
1479997345.304137,113,1,190.173135042
1479997385.960273,172,1,40.656136036
1479997386.210023,135,0,0.249749899
1479997386.212388,66,1,0.002365112
1479997391.210242,42,0,4.997853994
1479997391.211020,42,1,0.000777960
1479997622.040653,172,1,230.829632998
1479997622.290310,135,0,0.249656916
1479997622.651720,135,0,0.361410141
1479997622.652546,66,1,0.000825882
1479997627.300245,42,0,4.647699118
1479997627.301009,42,1,0.000763893
1479997856.249287,172,1,228.948277950
1479997856.499056,135,0,0.249769211
1479997856.859650,135,0,0.360593796
1479997856.860494,66,1,0.000844002
1479997861.500234,42,0,4.639739990
1479997861.501032,42,1,0.000798225
1479997945.304824,113,1,83.803792000
1479998092.725744,172,1,147.420919895
1479998092.975367,135,0,0.249623060
1479998093.335604,135,0,0.360236883
1479998093.336466,66,1,0.000862122
1479998097.980241,42,0,4.643774986
1479998097.981025,42,1,0.000783920
1479998329.118242,172,1,231.137217045
1479998329.367913,135,0,0.249670982
1479998329.370355,66,1,0.002441883
1479998334.370246,42,0,4.999891043
1479998334.371225,42,1,0.000979185
1479998545.300037,113,1,210.928811789
1479998565.198721,172,1,19.898684025
1479998565.448424,135,0,0.249703169
1479998565.811481,135,0,0.363056898
1479998565.812334,66,1,0.000853062
1479998570.450229,42,0,4.637894869
1479998570.451019,42,1,0.000790119
1479998799.407175,172,1,228.956156015
1479998799.656911,135,0,0.249735832
1479998799.659453,66,1,0.002542019
1479998804.660240,42,0,5.000787020
1479998804.661888,42,1,0.001647949
1479999035.487638,172,1,230.825750113
1479999035.737424,135,0,0.249785900
1479999035.739921,66,1,0.002497196
1479999040.740243,42,0,5.000321865
1479999040.741002,42,1,0.000759125
1479999145.316748,113,1,104.575745821
1479999271.568504,172,1,126.251756191
1479999271.818273,135,0,0.249768972
1479999272.179396,135,0,0.361122847
1479999272.180529,66,1,0.001133204
1479999276.820239,42,0,4.639709949
1479999276.821027,42,1,0.000787973
1479999507.964721,172,1,231.143693924
1479999508.214359,135,0,0.249638081
1479999508.215833,66,1,0.001473904
1479999513.220241,42,0,5.004408121
1479999513.221003,42,1,0.000761986
1479999744.041569,172,1,230.820565939
1479999744.291299,135,0,0.249730110
1479999744.651379,135,0,0.360080004
1479999744.652258,66,1,0.000878811
1479999745.306189,113,1,0.653931141
1479999749.300241,42,0,3.994051933
1479999749.315063,42,1,0.014822006
1479999978.341572,172,1,229.026509047
1479999978.591359,135,0,0.249786854
1479999978.951365,135,0,0.360006094
1479999978.952191,66,1,0.000826120
1479999983.600241,42,0,4.648049831
1479999983.602445,42,1,0.002203941
1480000144.565346,75,1,160.962901115
1480000144.586591,517,0,0.021245003
1480000149.564938,42,1,4.978347063
1480000149.564998,42,0,0.000059843
1480000154.576986,75,1,5.011988163
1480000154.577359,139,0,0.000372887
1480000154.578585,90,1,0.001225948
1480000154.852283,90,0,0.273698092
1480000159.580239,42,0,4.727956057
1480000159.581011,42,1,0.000771999
1480000214.734237,172,1,55.153225899
1480000214.983902,135,0,0.249665022
1480000214.986428,66,1,0.002526045
1480000219.990243,42,0,5.003814936
1480000219.991057,42,1,0.000813961
1480000345.325189,113,1,125.334132195
1480000450.814578,172,1,105.489388943
1480000451.064379,135,0,0.249800920
1480000451.066760,66,1,0.002381086
1480000456.070234,42,0,5.003473997
1480000456.112799,42,1,0.042564869
1480000686.895021,172,1,230.782222033
1480000688.066099,172,1,1.171077967
1480000690.410078,172,1,2.343979120
1480000691.894045,42,1,1.483967066
1480000691.894089,42,0,0.000043869
1480000692.100459,103,1,0.206370115
1480000692.898546,42,1,0.798086882
1480000692.898587,42,0,0.000041008
1480000695.098649,172,1,2.200062037
1480000704.474134,172,1,9.375484943
1480000705.719559,80,1,1.245424986
1480000705.728922,418,0,0.009362936
1480000705.731592,74,1,0.002670050
1480000705.875688,74,0,0.144096136
1480000705.876523,66,1,0.000834942
1480000705.877332,281,1,0.000808954
1480000706.021468,66,0,0.144135952
1480000706.025193,1514,0,0.003725052
1480000706.025326,1514,0,0.000133038
1480000706.025412,743,0,0.000086069
1480000706.026580,66,1,0.001168013
1480000706.028128,66,1,0.001547813
1480000706.028222,66,1,0.000094175
1480000706.116577,200,1,0.088354826
1480000706.261418,300,0,0.144841194
1480000706.264066,66,1,0.002647877
1480000706.344205,620,1,0.080138922
1480000706.505614,167,0,0.161409140
1480000706.546054,66,1,0.040439844
1480000706.655482,284,1,0.109428167
1480000706.806161,135,0,0.150678873
1480000706.862562,66,1,0.056401014
1480000710.730238,42,0,3.867676020
1480000710.731023,42,1,0.000785112
1480000723.226186,172,1,12.495162964
1480000760.730272,172,1,37.504086018
1480000765.730686,42,1,5.000413895
1480000765.730729,42,0,0.000043154
1480000835.738428,172,1,70.007699013
1480000840.738343,42,1,4.999914885
1480000840.738384,42,0,0.000041008
1480000942.738188,172,1,101.999804020
1480000942.882351,135,0,0.144162893
1480000943.126604,172,1,0.244253159
1480000943.244751,135,0,0.118146896
1480000943.245609,66,1,0.000858068
1480000943.270433,78,0,0.024823904
1480000945.315395,113,1,2.044962168
1480000947.890232,42,0,2.574836969
1480000947.891029,42,1,0.000796795
1480001179.024070,172,1,231.133041143
1480001179.167897,66,0,0.143826962
1480001179.168242,135,0,0.000344992
1480001179.171877,66,1,0.003634930
1480001184.170246,42,0,4.998368979
1480001184.179364,42,1,0.009118080
1480001415.000500,172,1,230.821135998
1480001415.144703,135,0,0.144202948
1480001415.146191,66,1,0.001487970
1480001420.150242,42,0,5.004051208
1480001420.151002,42,1,0.000759840
1480001545.323285,113,1,125.172283173
1480001650.977335,172,1,105.654049873
1480001651.121497,135,0,0.144161940
1480001651.424797,135,0,0.303300142
1480001651.425672,66,1,0.000874996
1480001656.130240,42,0,4.704567909
1480001656.132033,42,1,0.001793146
1480001887.333499,172,1,231.201465845
1480001887.477863,135,0,0.144364119
1480001887.480634,66,1,0.002770901
1480001892.480241,42,0,4.999607086
1480001892.481007,42,1,0.000766039
1480002123.309930,172,1,230.828922987
1480002123.454108,135,0,0.144177914
1480002123.456585,66,1,0.002476931
1480002128.460243,42,0,5.003658056
1480002128.461015,42,1,0.000771999
1480002145.332700,113,1,16.871685028
1480002359.286618,172,1,213.953917980
1480002359.430975,135,0,0.144356966
1480002359.700801,135,0,0.269825935
1480002359.701714,66,1,0.000913143
1480002364.440243,42,0,4.738528967
1480002364.441023,42,1,0.000780106
1480002595.470863,172,1,231.029839993
1480002595.615173,135,0,0.144309998
1480002595.616621,66,1,0.001447916
1480002600.620245,42,0,5.003623962
1480002600.621006,42,1,0.000761032
1480002745.333526,113,1,144.712519884
1480002831.449015,172,1,86.115489006
1480002831.593212,135,0,0.144196987
1480002831.856755,135,0,0.263543129
1480002831.861898,66,1,0.005142927
1480002836.600238,42,0,4.738340139
1480002836.601020,42,1,0.000782013
1480003067.631859,172,1,231.030838966
1480003067.776051,135,0,0.144191980
1480003067.778646,66,1,0.002594948
1480003072.780240,42,0,5.001594067
1480003072.781001,42,1,0.000761032
1480003303.608339,172,1,230.827337980
1480003303.753585,135,0,0.145246029
1480003303.755999,66,1,0.002413988
1480003308.760243,42,0,5.004243851
1480003308.761203,42,1,0.000960112
1480003345.332499,113,1,36.571295977
1480003539.648845,172,1,194.316345930
1480003539.794173,135,0,0.145328045
1480003539.796652,66,1,0.002479076
1480003544.800242,42,0,5.003589869
1480003544.801027,42,1,0.000785112
1480003757.260952,75,1,212.459924936
1480003757.265528,545,0,0.004575968
1480003757.268195,90,1,0.002666950
1480003757.558627,90,0,0.290431976
1480003762.260303,42,1,4.701676130
1480003762.260365,42,0,0.000061989
1480003775.625293,172,1,13.364928007
1480003775.769555,135,0,0.144262075
1480003775.772051,66,1,0.002496004
1480003780.770239,42,0,4.998188019
1480003780.771037,42,1,0.000797987
1480003945.338560,113,1,164.567523003
1480004011.602625,172,1,66.264064789
1480004011.746960,135,0,0.144335032
1480004012.004717,135,0,0.257757187
1480004012.005544,66,1,0.000826836
1480004016.750241,42,0,4.744697094
1480004016.755725,42,1,0.005483866
1480004237.377915,590,1,220.622189999
1480004237.380040,342,0,0.002125025
1480004242.377255,42,1,4.997215033
1480004242.377319,42,0,0.000064135
1480004247.682798,172,1,5.305478811
1480004247.827231,135,0,0.144433022
1480004247.829793,66,1,0.002562046
1480004252.830243,42,0,5.000450134
1480004252.831032,42,1,0.000788927
1480004483.663222,172,1,230.832190037
1480004483.807454,135,0,0.144232035
1480004483.809857,66,1,0.002402782
1480004488.810299,42,0,5.000442028
1480004488.811044,42,1,0.000745058
1480004545.340338,113,1,56.529294014
1480004719.635210,172,1,174.294872046
1480004719.779500,135,0,0.144289970
1480004719.782055,66,1,0.002554893
1480004724.780241,42,0,4.998186111
1480004724.781032,42,1,0.000791073
1480004955.612429,172,1,230.831396818
1480004955.756588,135,0,0.144159079
1480004955.759054,66,1,0.002465963
1480004960.760240,42,0,5.001186132
1480004960.760981,42,1,0.000741005
1480005145.344186,113,1,184.583204985
1480005191.600476,172,1,46.256289959
1480005191.744666,135,0,0.144190073
1480005191.746141,66,1,0.001474857
1480005196.750240,42,0,5.004099131
1480005196.754627,42,1,0.004386902
1480005427.644730,172,1,230.890103102
1480005427.789049,135,0,0.144318819
1480005428.048752,135,0,0.259703159
1480005428.051159,66,1,0.002406836
1480005432.790240,42,0,4.739081144
1480005432.791946,42,1,0.001705885
1480005663.829167,172,1,231.037220955
1480005663.973495,135,0,0.144328117
1480005663.976007,66,1,0.002511978
1480005668.980252,42,0,5.004245043
1480005668.981022,42,1,0.000769854
1480005745.351947,113,1,76.370925188
1480005899.805656,172,1,154.453708887
1480005899.950027,135,0,0.144371033
1480005899.952569,66,1,0.002542019
1480005904.950241,42,0,4.997672081
1480005904.953154,42,1,0.002912998
1480006135.782191,172,1,230.829036951
1480006135.926398,135,0,0.144207001
1480006135.928863,66,1,0.002465010
1480006140.930241,42,0,5.001378059
1480006140.930997,42,1,0.000755787
1480006345.351218,113,1,204.420221090
1480006371.758644,172,1,26.407426119
1480006371.912030,135,0,0.153385878
1480006372.159390,135,0,0.247359991
1480006372.161315,66,1,0.001924992
1480006376.920242,42,0,4.758927107
1480006376.921027,42,1,0.000784874
1480006607.943482,172,1,231.022454977
1480006608.087665,135,0,0.144183159
1480006608.090137,66,1,0.002471924
1480006613.090242,42,0,5.000104904
1480006613.091008,42,1,0.000766039
1480006843.920005,172,1,230.828997135
1480006844.574714,172,1,0.654708862
1480006845.886705,172,1,1.311990976
1480006848.510710,172,1,2.624005079
1480006848.918662,42,1,0.407952070
1480006848.918702,42,0,0.000039816
1480006849.121066,103,1,0.202364206
1480006853.758705,172,1,4.637638807
1480006864.254757,172,1,10.496052027
1480006866.903533,80,1,2.648776054
1480006866.912375,418,0,0.008841991
1480006866.913516,74,1,0.001141071
1480006867.162309,74,0,0.248792887
1480006867.163155,66,1,0.000846148
1480006867.164114,281,1,0.000958920
1480006867.412953,66,0,0.248838902
1480006867.416091,1514,0,0.003138065
1480006867.416209,1514,0,0.000118017
1480006867.416292,743,0,0.000082970
1480006867.418754,66,1,0.002462149
1480006867.419564,66,1,0.000809908
1480006867.419660,66,1,0.000096083
1480006867.508109,200,1,0.088449001
1480006867.757638,300,0,0.249528885
1480006867.759974,66,1,0.002336025
1480006867.844499,620,1,0.084525108
1480006868.107935,167,0,0.263435841
1480006868.147444,66,1,0.039509058
1480006868.255938,284,1,0.108494043
1480006868.512491,135,0,0.256552935
1480006868.566804,66,1,0.054312944
1480006871.920232,42,0,3.353428125
1480006871.920980,42,1,0.000747919
1480006885.246799,172,1,13.325819016
1480006927.231407,172,1,41.984607935
1480006932.230832,42,1,4.999425173
1480006932.230874,42,0,0.000041962
1480006945.360303,113,1,13.129428864
1480007011.200387,172,1,65.840084076
1480007016.199002,42,1,4.998615026
1480007016.199043,42,0,0.000041008
1480007104.440250,172,1,88.241206884
1480007104.685221,135,0,0.244971037
1480007104.687716,66,1,0.002495050
1480007109.690240,42,0,5.002523899
1480007109.692235,42,1,0.001995087
1480007340.660673,172,1,230.968437910
1480007340.910484,135,0,0.249811172
1480007340.911313,66,1,0.000828981
1480007345.920243,42,0,5.008929968
1480007345.921331,42,1,0.001087904
1480007359.964270,75,1,14.042939186
1480007360.164759,549,0,0.200488806
1480007360.167701,90,1,0.002942085
1480007360.475342,90,0,0.307641029
1480007545.371982,113,1,184.896640062
1480007576.741164,172,1,31.369181871
1480007576.990955,135,0,0.249791145
1480007576.993510,66,1,0.002554893
1480007582.000241,42,0,5.006731033
1480007582.001023,42,1,0.000782013
1480007812.822302,172,1,230.821279049
1480007813.072071,135,0,0.249768972
1480007813.075264,66,1,0.003192902
1480007818.080240,42,0,5.004976034
1480007818.081014,42,1,0.000773907
1480008048.902164,172,1,230.821150064
1480008049.146996,135,0,0.244832039
1480008049.148491,66,1,0.001494884
1480008054.150239,42,0,5.001748085
1480008054.151006,42,1,0.000766993
1480008145.361393,113,1,91.210386992
1480008284.982637,172,1,139.621243954
1480008285.226944,135,0,0.244307041
1480008285.230133,66,1,0.003189087
1480008290.230246,42,0,5.000113010
1480008290.231023,42,1,0.000777006
1480008521.064107,172,1,230.833083868
1480008521.309115,135,0,0.245007992
1480008521.542184,172,1,0.233069181
1480008521.705587,135,0,0.163402796
1480008521.706424,66,1,0.000837088
1480008521.785906,78,0,0.079482079
1480008526.310243,42,0,4.524336815
1480008526.310999,42,1,0.000756025
1480008745.367248,113,1,219.056249142
1480008755.375608,172,1,10.008359909
1480008755.619332,66,0,0.243724108
1480008755.620471,135,0,0.001138926
1480008755.622308,66,1,0.001837015
1480008760.620243,42,0,4.997935057
1480008760.622071,42,1,0.001827955
1480008991.456156,172,1,230.834084988
1480008991.701190,135,0,0.245033979
1480008991.705519,66,1,0.004328966
1480008996.710243,42,0,5.004724026
1480008996.714564,42,1,0.004321098
1480009227.628438,172,1,230.913873911
1480009227.873415,135,0,0.244976997
1480009227.878972,66,1,0.005557060
1480009232.880250,42,0,5.001277924
1480009232.881019,42,1,0.000769138
1480009345.371207,113,1,112.490187883
1480009463.709085,172,1,118.337877989
1480009463.958801,135,0,0.249716043
1480009463.961305,66,1,0.002503872
1480009468.960242,42,0,4.998937130
1480009468.961332,42,1,0.001090050
1480009699.789953,172,1,230.828620911
1480009700.034260,135,0,0.244307041
1480009700.036596,66,1,0.002336025
1480009705.040240,42,0,5.003643990
1480009705.041724,42,1,0.001483917
1480009935.870008,172,1,230.828284025
1480009936.114408,135,0,0.244400024
1480009936.457092,172,1,0.342684031
1480009936.473021,135,0,0.015928984
1480009936.473860,66,1,0.000838995
1480009936.700262,78,0,0.226402044
1480009941.120238,42,0,4.419975996
1480009941.121286,42,1,0.001047850
1480009945.380971,113,1,4.259685040
1480010172.262547,172,1,226.881576061
1480010172.506263,66,0,0.243716002
1480010172.507407,135,0,0.001143932
1480010172.508940,66,1,0.001533031
1480010177.510239,42,0,5.001298904
1480010177.510999,42,1,0.000760078
1480010408.343576,172,1,230.832576990
1480010408.588502,135,0,0.244925976
1480010408.595397,66,1,0.006895065
1480010413.590231,42,0,4.994833946
1480010413.591002,42,1,0.000771046
1480010545.386424,113,1,131.795422077
1480010644.423429,172,1,99.037004948
1480010644.667990,135,0,0.244560957
1480010644.670600,66,1,0.002609968
1480010649.670243,42,0,4.999643087
1480010649.675924,42,1,0.005681038
1480010880.503960,172,1,230.828035831
1480010880.748903,135,0,0.244943142
1480010880.751501,66,1,0.002598047
1480010885.750257,42,0,4.998755932
1480010885.753409,42,1,0.003151894
1480010962.883651,75,1,77.130242109
1480010962.906253,533,0,0.022602081
1480010962.908776,90,1,0.002522945
1480010963.194764,90,0,0.285987854
1480010967.883115,42,1,4.688351154
1480010967.883174,42,0,0.000058889
1480011116.572389,172,1,148.689214945
1480011116.816922,135,0,0.244533062
1480011116.819543,66,1,0.002620935
1480011121.820239,42,0,5.000696182
1480011121.821004,42,1,0.000764847
1480011145.401238,113,1,23.580234051
1480011352.548913,172,1,207.147675037
1480011352.794008,135,0,0.245095015
1480011352.796456,66,1,0.002448082
1480011357.800236,42,0,5.003779888
1480011357.801018,42,1,0.000782013
1480011588.525335,172,1,230.724317074
1480011588.770412,135,0,0.245076895
1480011588.773035,66,1,0.002623081
1480011593.780241,42,0,5.007205963
1480011593.781003,42,1,0.000761986
1480011745.391340,113,1,151.610337019
1480011824.606382,172,1,79.215041876
1480011824.850936,135,0,0.244554043
1480011824.854139,66,1,0.003203154
1480011829.860238,42,0,5.006098986
1480011829.861515,42,1,0.001276970
1480012060.582333,172,1,230.720818043
1480012060.827294,135,0,0.244961023
1480012060.829889,66,1,0.002594948
1480012065.830240,42,0,5.000350952
1480012065.831150,42,1,0.000910044
1480012296.559197,172,1,230.728046894
1480012296.804282,135,0,0.245085001
1480012296.806930,66,1,0.002648115
1480012301.810226,42,0,5.003295898
1480012301.811502,42,1,0.001276016
1480012345.399762,113,1,43.588259935
1480012532.639276,172,1,187.239514112
1480012532.884220,135,0,0.244943857
1480012532.888426,66,1,0.004206181
1480012537.890232,42,0,5.001806021
1480012537.919637,42,1,0.029404879
1480012768.719711,172,1,230.800074100
1480012769.218758,172,1,0.499047041
1480012770.218762,172,1,1.000003815
1480012772.218772,172,1,2.000010014
1480012773.718727,42,1,1.499955177
1480012773.718766,42,0,0.000038862
1480012773.921140,103,1,0.202373981
1480012776.218785,172,1,2.297645092
1480012784.218825,172,1,8.000040054
1480012793.783616,80,1,9.564790964
1480012793.793134,418,0,0.009517908
1480012798.800229,42,0,5.007095098
1480012798.801011,42,1,0.000782013
1480012800.218834,172,1,1.417822838
1480012803.795006,80,1,3.576172113
1480012803.795382,220,0,0.000375986
1480012803.796460,74,1,0.001077890
1480012804.040490,74,0,0.244029999
1480012804.041313,66,1,0.000823021
1480012804.042249,281,1,0.000936031
1480012804.286356,66,0,0.244107008
1480012804.289501,1514,0,0.003144979
1480012804.289611,1514,0,0.000110149
1480012804.289694,743,0,0.000082970
1480012804.292709,66,1,0.003015041
1480012804.292826,66,1,0.000116825
1480012804.292891,66,1,0.000065088
1480012804.383233,200,1,0.090342045
1480012804.627975,300,0,0.244741917
1480012804.630292,66,1,0.002316952
1480012804.706879,620,1,0.076586962
1480012804.965113,167,0,0.258234024
1480012805.002787,66,1,0.037674189
1480012805.120029,284,1,0.117241859
1480012805.375520,135,0,0.255491018
1480012805.430882,66,1,0.055361986
1480012832.218917,172,1,26.788034916
1480012896.219051,172,1,64.000133991
1480012901.218970,42,1,4.999919176
1480012901.219013,42,0,0.000042915
1480012945.391166,113,1,44.172152996
1480013041.384249,172,1,95.993083000
1480013041.628639,135,0,0.244390011
1480013041.631034,66,1,0.002394915
1480013046.630245,42,0,4.999211073
1480013046.631364,42,1,0.001119137
1480013277.464776,172,1,230.833411932
1480013277.709370,135,0,0.244593859
1480013277.710880,66,1,0.001510143
1480013282.710237,42,0,4.999356985
1480013282.710994,42,1,0.000756979
1480013513.545419,172,1,230.834424973
1480013513.790341,135,0,0.244921923
1480013513.792785,66,1,0.002444029
1480013518.800241,42,0,5.007456064
1480013518.801303,42,1,0.001061916
1480013545.389284,113,1,26.587980986
1480013749.625885,172,1,204.236601114
1480013749.875565,135,0,0.249680042
1480013750.132746,172,1,0.257180929
1480013750.332275,135,0,0.199528933
1480013750.333138,66,1,0.000863075
1480013750.381248,78,0,0.048110008
1480013754.880243,42,0,4.498995066
1480013754.881027,42,1,0.000783920
1480013986.122212,172,1,231.241184950
1480013986.365959,66,0,0.243746996
1480013986.367158,135,0,0.001199007
1480013986.368594,66,1,0.001435995
1480013991.370231,42,0,5.001636982
1480013991.370995,42,1,0.000764132
1480014145.400536,113,1,154.029541016
1480014222.202607,172,1,76.802070856
1480014222.447952,135,0,0.245345116
1480014222.450483,66,1,0.002531052
1480014227.450228,42,0,4.999744892
1480014227.451387,42,1,0.001158953
1480014458.283083,172,1,230.831696033
1480014458.528001,135,0,0.244918108
1480014458.924124,135,0,0.396122932
1480014458.924953,66,1,0.000828981
1480014463.530233,42,0,4.605279922
1480014463.530993,42,1,0.000760078
1480014565.734782,75,1,102.203788996
1480014565.756075,533,0,0.021292925
1480014565.758535,90,1,0.002460003
1480014566.038303,90,0,0.279767990
1480014570.734260,42,1,4.695957184
1480014570.734321,42,0,0.000061035
1480014694.816870,172,1,124.082548857
1480014695.061282,135,0,0.244411945
1480014695.063838,66,1,0.002556086
1480014700.070241,42,0,5.006402969
1480014700.071006,42,1,0.000765085
1480014745.412381,113,1,45.341374874
1480014930.895914,172,1,185.483533144
1480014931.140249,135,0,0.244334936
1480014931.142589,66,1,0.002340078
1480014936.150238,42,0,5.007648945
1480014936.151044,42,1,0.000805855
1480015166.976411,172,1,230.825367212
1480015167.221459,135,0,0.245047808
1480015167.223942,66,1,0.002483130
1480015172.230228,42,0,5.006285906
1480015172.230800,42,1,0.000571966
1480015345.423708,113,1,173.192908049
1480015403.056806,172,1,57.633098125
1480015403.301158,135,0,0.244351864
1480015403.667963,135,0,0.366805077
1480015403.668821,66,1,0.000858068
1480015408.310237,42,0,4.641415834
1480015408.311027,42,1,0.000790119
1480015637.265516,172,1,228.954488993
1480015637.510474,135,0,0.244957924
1480015637.512969,66,1,0.002495050
1480015642.520231,42,0,5.007261992
1480015642.520885,42,1,0.000653982
1480015873.345698,172,1,230.824813128
1480015873.590632,135,0,0.244933844
1480015873.593166,66,1,0.002534151
1480015878.600229,42,0,5.007062912
1480015878.601168,42,1,0.000938892
1480015945.411387,113,1,66.810219049
1480016109.426139,172,1,164.014752150
1480016109.671108,135,0,0.244968891
1480016109.673563,66,1,0.002454996
1480016114.680238,42,0,5.006675005
1480016114.681048,42,1,0.000809908
1480016345.506613,172,1,230.825565100
1480016345.751559,135,0,0.244946003
1480016346.108230,135,0,0.356671095
1480016346.109219,66,1,0.000988960
1480016350.760240,42,0,4.651021004
1480016350.763593,42,1,0.003352880
1480016545.449256,113,1,194.685662985
1480016582.075016,172,1,36.625760078
1480016582.320081,135,0,0.245064974
1480016582.321573,66,1,0.001492023
1480016587.320243,42,0,4.998669863
1480016587.321027,42,1,0.000784159
1480016818.155530,172,1,230.834502935
1480016818.405194,135,0,0.249664068
1480016818.407869,66,1,0.002675056
1480016823.410244,42,0,5.002374887
1480016823.411978,42,1,0.001734018
1480017054.241769,172,1,230.829791069
1480017054.486976,135,0,0.245206833
1480017054.489553,66,1,0.002577066
1480017059.490244,42,0,5.000690937
1480017059.491026,42,1,0.000782013
1480017145.412390,113,1,85.921364069
1480017290.316450,172,1,144.904060125
1480017290.560809,135,0,0.244358778
1480017290.563340,66,1,0.002531052
1480017295.570230,42,0,5.006890059
1480017295.571436,42,1,0.001205921
1480017526.396869,172,1,230.825433016
1480017526.641253,135,0,0.244384050
1480017526.643858,66,1,0.002604961
1480017531.650232,42,0,5.006374121
1480017531.650991,42,1,0.000758886
1480017745.423883,113,1,213.772891998
1480017762.477322,172,1,17.053439140
1480017762.722011,135,0,0.244688988
1480017762.724601,66,1,0.002589941
1480017767.730235,42,0,5.005634069
1480017767.731461,42,1,0.001225948
1480017998.557760,172,1,230.826298952
1480017998.807394,135,0,0.249634027
1480017998.809838,66,1,0.002444029
1480018003.810233,42,0,5.000395060
1480018003.810983,42,1,0.000749826
1480018168.445628,75,1,164.634644985
1480018168.467526,529,0,0.021898031
1480018173.445100,42,1,4.977574110
1480018173.445158,42,0,0.000057936
1480018178.457305,75,1,5.012146950
1480018178.457658,139,0,0.000353098
1480018178.458748,90,1,0.001090050
1480018178.742857,90,0,0.284108877
1480018183.460243,42,0,4.717386007
1480018183.464306,42,1,0.004063129
1480018234.638206,172,1,51.173899889
1480018234.882738,135,0,0.244532108
1480018234.885173,66,1,0.002434969
1480018239.890243,42,0,5.005069971
1480018239.891009,42,1,0.000766039
1480018345.424874,113,1,105.533864975
1480018470.790734,172,1,125.365859985
1480018471.035763,135,0,0.245028973
1480018471.393147,135,0,0.357383966
1480018471.394009,66,1,0.000862122
1480018476.040303,42,0,4.646293879
1480018476.041083,42,1,0.000780106
1480018707.183278,172,1,231.142194986
1480018707.427729,135,0,0.244450808
1480018707.430092,66,1,0.002363205
1480018712.430229,42,0,5.000136852
1480018712.430828,42,1,0.000599146
1480018943.265210,172,1,230.834381819
1480018944.090829,172,1,0.825618982
1480018945.423293,113,1,1.332464218
1480018945.747673,172,1,0.324379921
1480018948.262523,42,1,2.514849901
1480018948.262568,42,0,0.000045061
1480018948.465159,103,1,0.202590942
1480018949.059686,172,1,0.594527006
1480018955.682839,172,1,6.623152971
1480018963.127654,80,1,7.444815159
1480018963.138113,418,0,0.010458946
1480018963.140754,74,1,0.002640963
1480018963.285202,74,0,0.144448042
1480018963.286059,66,1,0.000856876
1480018963.287067,281,1,0.001008034
1480018963.431584,66,0,0.144516945
1480018963.434776,1514,0,0.003192186
1480018963.434891,1514,0,0.000114918
1480018963.434976,743,0,0.000085115
1480018963.438105,66,1,0.003129005
1480018963.438259,66,1,0.000153780
1480018963.438347,66,1,0.000088215
1480018963.524556,200,1,0.086208820
1480018963.669730,300,0,0.145174026
1480018963.672123,66,1,0.002393007
1480018963.752969,620,1,0.080846071
1480018963.911687,167,0,0.158717871
1480018963.950814,66,1,0.039127111
1480018964.065921,284,1,0.115107059
1480018964.216944,135,0,0.151022911
1480018964.291043,66,1,0.074099064
1480018968.140231,42,0,3.849187851
1480018968.141014,42,1,0.000783205
1480018968.931684,172,1,0.790669918
1480018995.427008,172,1,26.495323896
1480019048.424060,172,1,52.997052193
1480019053.419013,42,1,4.994952917
1480019053.419054,42,0,0.000041008
1480019154.403320,172,1,100.984266043
1480019159.403238,42,1,4.999917984
1480019159.403279,42,0,0.000041008
1480019200.144309,172,1,40.741029978
1480019200.288928,135,0,0.144618988
1480019200.528003,172,1,0.239074945
1480019200.656140,135,0,0.128137112
1480019200.658472,66,1,0.002331972
1480019200.672184,78,0,0.013711929
1480019205.290230,42,0,4.618046045
1480019205.290992,42,1,0.000761986
1480019434.248843,172,1,228.957850933
1480019434.393013,66,0,0.144170046
1480019434.393427,135,0,0.000413895
1480019434.395634,66,1,0.002207041
1480019439.400240,42,0,5.004606009
1480019439.401015,42,1,0.000775099
1480019545.452543,113,1,106.051527977
1480019670.225391,172,1,124.772847891
1480019670.369962,135,0,0.144571066
1480019670.372255,66,1,0.002293110
1480019675.370230,42,0,4.997974873
1480019675.371011,42,1,0.000781059
1480019906.202230,172,1,230.831218958
1480019906.346824,135,0,0.144593954
1480019906.656233,135,0,0.309409142
1480019906.657067,66,1,0.000833988
1480019911.350231,42,0,4.693163872
1480019911.350991,42,1,0.000760078
1480020140.306384,172,1,228.955393076
1480020140.450912,135,0,0.144527912
1480020140.453337,66,1,0.002424955
1480020145.439009,113,1,4.985671997
1480020145.460235,42,0,0.021226168
1480020145.461001,42,1,0.000765800
1480020376.358921,172,1,230.897920132
1480020376.503463,135,0,0.144541979
1480020376.788267,135,0,0.284803867
1480020376.789098,66,1,0.000831127
1480020381.510242,42,0,4.721143961
1480020381.511002,42,1,0.000760078
1480020612.647364,172,1,231.136361837
1480020612.791909,135,0,0.144545078
1480020612.794340,66,1,0.002430916
1480020617.800247,42,0,5.005907059
1480020617.801008,42,1,0.000761032
1480020745.437335,113,1,127.636327028
1480020848.623883,172,1,103.186547995
1480020848.768517,135,0,0.144634008
1480020849.044313,135,0,0.275795937
1480020849.045169,66,1,0.000856161
1480020853.770229,42,0,4.725059986
1480020853.771026,42,1,0.000796795
1480021084.912386,172,1,231.141360044
1480021085.056886,135,0,0.144500017
1480021085.059491,66,1,0.002604961
1480021090.060241,42,0,5.000750065
1480021090.060995,42,1,0.000754118
1480021320.889437,172,1,230.828441858
1480021321.033903,135,0,0.144465923
1480021321.036316,66,1,0.002413034
1480021326.040239,42,0,5.003923178
1480021326.041003,42,1,0.000763893
1480021345.441138,113,1,19.400135040
1480021556.865440,172,1,211.424301863
1480021557.009984,135,0,0.144544125
1480021557.268201,135,0,0.258217096
1480021557.269061,66,1,0.000859976
1480021562.010233,42,0,4.741171837
1480021562.011028,42,1,0.000795126
1480021781.149418,75,1,219.138390064
1480021781.322338,545,0,0.172919989
1480021781.325488,90,1,0.003149986
1480021781.506382,90,0,0.180893898
1480021786.148872,42,1,4.642489910
1480021786.148933,42,0,0.000061035
1480021793.049865,172,1,6.900932074
1480021793.194442,135,0,0.144577026
1480021793.196867,66,1,0.002424955
1480021798.200246,42,0,5.003379107
1480021798.201005,42,1,0.000758886
1480021945.441787,113,1,147.240782022
1480022029.026359,172,1,83.584572077
1480022029.170887,135,0,0.144527912
1480022029.173573,66,1,0.002686024
1480022034.180234,42,0,5.006660938
1480022034.181014,42,1,0.000780106
1480022265.079090,172,1,230.898076057
1480022265.223613,135,0,0.144522905
1480022265.480429,135,0,0.256815910
1480022265.481261,66,1,0.000832081
1480022270.230241,42,0,4.748980045
1480022270.231013,42,1,0.000771999
1480022501.265147,172,1,231.034133911
1480022501.410251,135,0,0.145103931
1480022501.413365,66,1,0.003113985
1480022506.420236,42,0,5.006871223
1480022506.421016,42,1,0.000779867
1480022545.448591,113,1,39.027575016
1480022737.240307,172,1,191.791716099
1480022737.384861,135,0,0.144553900
1480022737.644376,135,0,0.259515047
1480022737.645232,66,1,0.000855923
1480022742.390231,42,0,4.744998932
1480022742.391004,42,1,0.000773191
1480022973.424171,172,1,231.033166885
1480022973.568737,135,0,0.144566059
1480022973.571114,66,1,0.002377033
1480022978.570241,42,0,4.999126911
1480022978.571003,42,1,0.000761986
1480023145.456189,113,1,166.885185957
1480023209.296640,172,1,63.840451002
1480023209.441151,135,0,0.144510984
1480023209.445309,66,1,0.004158020
1480023214.450235,42,0,5.004925966
1480023214.451027,42,1,0.000792027
1480023445.273887,172,1,230.822860003
1480023445.418419,135,0,0.144531965
1480023445.420782,66,1,0.002363205
1480023450.420232,42,0,4.999449968
1480023450.421193,42,1,0.000960827
1480023681.249411,172,1,230.828218222
1480023681.393772,135,0,0.144360781
1480023681.395235,66,1,0.001463175
1480023686.400240,42,0,5.005004883
1480023686.404046,42,1,0.003806114
1480023745.471517,113,1,59.067471027
1480023917.225870,172,1,171.754352808
1480023917.370191,135,0,0.144321203
1480023917.374590,66,1,0.004398823
1480023922.370230,42,0,4.995640039
1480023922.371009,42,1,0.000779152
1480024153.298258,172,1,230.927248955
1480024153.442716,135,0,0.144457817
1480024153.444184,66,1,0.001468182
1480024158.450248,42,0,5.006063938
1480024158.451589,42,1,0.001341105
1480024345.458960,113,1,187.007370949
1480024389.274667,172,1,43.815706968
1480024389.419137,135,0,0.144469976
1480024389.421671,66,1,0.002533913
1480024394.420238,42,0,4.998567104
1480024394.421023,42,1,0.000784874
1480024625.251137,172,1,230.830114126
1480024625.395740,135,0,0.144603014
1480024625.398098,66,1,0.002357960
1480024630.400240,42,0,5.002141953
1480024630.400999,42,1,0.000759125
1480024861.227810,172,1,230.826810837
1480024861.372299,135,0,0.144489050
1480024861.631748,135,0,0.259449005
1480024861.641469,66,1,0.009721041
1480024866.380240,42,0,4.738770962
1480024866.381355,42,1,0.001115084
1480024945.469855,113,1,79.088500023
1480025097.415271,172,1,151.945415974
1480025098.051457,172,1,0.636185884
1480025099.331033,172,1,1.279576063
1480025101.891042,172,1,2.560009003
1480025102.416084,42,1,0.525042057
1480025102.416126,42,0,0.000041962
1480025102.613584,103,1,0.197458029
1480025107.011049,172,1,4.397464991
1480025116.237785,80,1,9.226736069
1480025116.246676,418,0,0.008890867
1480025116.250607,74,1,0.003931046
1480025116.395006,74,0,0.144398928
1480025116.395851,66,1,0.000844955
1480025116.396811,281,1,0.000960112
1480025116.541313,66,0,0.144501925
1480025116.544464,1514,0,0.003151178
1480025116.544580,1514,0,0.000115871
1480025116.544667,743,0,0.000087023
1480025116.546051,66,1,0.001384020
1480025116.546152,66,1,0.000101089
1480025116.546217,66,1,0.000064850
1480025116.634352,200,1,0.088135004
1480025116.779474,300,0,0.145122051
1480025116.781777,66,1,0.002302885
1480025116.870380,620,1,0.088603020
1480025117.036706,167,0,0.166326046
1480025117.075006,66,1,0.038300037
1480025117.181559,284,1,0.106553078
1480025117.251056,172,1,0.069496870
1480025117.332636,135,0,0.081580162
1480025117.387111,66,1,0.054474831
1480025121.250248,42,0,3.863137007
1480025121.251022,42,1,0.000774145
1480025137.731133,172,1,16.480110884
1480025178.691227,172,1,40.960093975
1480025183.691144,42,1,4.999917030
1480025183.691182,42,0,0.000037909
1480025260.611362,172,1,76.920180082
1480025265.611282,42,1,4.999920130
1480025265.611317,42,0,0.000034809
1480025266.611290,42,1,0.999973059
1480025266.611329,42,0,0.000039101
1480025353.260596,172,1,86.649266958
1480025353.405386,135,0,0.144789934
1480025353.407816,66,1,0.002429962
1480025358.410238,42,0,5.002422094
1480025358.410988,42,1,0.000750065
1480025383.915696,75,1,25.504707813
1480025383.936341,545,0,0.020645142
1480025393.923741,75,1,9.987400055
1480025393.924070,139,0,0.000328779
1480025393.926652,90,1,0.002582073
1480025394.209676,90,0,0.283024073
1480025398.923529,42,1,4.713852882
1480025398.923568,42,0,0.000039101
1480025545.473576,113,1,146.550008059
1480025589.238698,172,1,43.765121937
1480025589.383218,135,0,0.144520044
1480025589.385537,66,1,0.002318859
1480025594.390229,42,0,5.004692078
1480025594.396726,42,1,0.006496906
1480025825.216095,172,1,230.819369078
1480025825.360727,135,0,0.144632101
1480025825.366196,66,1,0.005468845
1480025830.370228,42,0,5.004032135
1480025830.370987,42,1,0.000758886
1480025837.956721,590,1,7.585734129
1480025837.958798,342,0,0.002076864
1480026061.195659,172,1,223.236860991
1480026061.340302,135,0,0.144643068
1480026061.564818,172,1,0.224515915
1480026061.639547,135,0,0.074729204
1480026061.640803,66,1,0.001255989
1480026061.708971,78,0,0.068167925
1480026066.350241,42,0,4.641269922
1480026066.351267,42,1,0.001026154
1480026145.465315,113,1,79.114048004
1480026295.301514,172,1,149.836198807
1480026295.445632,66,0,0.144118071
1480026295.446154,135,0,0.000522137
1480026295.448244,66,1,0.002089977
1480026300.450232,42,0,5.001987934
1480026300.451030,42,1,0.000797987
1480026531.274620,172,1,230.823590040
1480026531.419273,135,0,0.144652843
1480026531.695405,135,0,0.276132107
1480026531.696264,66,1,0.000859022
1480026536.420230,42,0,4.723965883
1480026536.421027,42,1,0.000797033
1480026745.470557,113,1,209.049530029
1480026767.564195,172,1,22.093637943
1480026767.708726,135,0,0.144531012
1480026767.711007,66,1,0.002281189
1480026772.710247,42,0,4.999239922
1480026772.711036,42,1,0.000788927
1480027003.539564,172,1,230.828527927
1480027003.684082,135,0,0.144518137
1480027003.951433,135,0,0.267350912
1480027003.952258,66,1,0.000825167
1480027008.690229,42,0,4.737970829
1480027008.690990,42,1,0.000761032
1480027239.724089,172,1,231.033098936
1480027239.868770,135,0,0.144680977
1480027239.871394,66,1,0.002624035
1480027244.870229,42,0,4.998835087
1480027244.871011,42,1,0.000782013
1480027345.479813,113,1,100.608802080
1480027475.700619,172,1,130.220805883
1480027475.845252,135,0,0.144633055
1480027475.847752,66,1,0.002500057
1480027480.850231,42,0,5.002478838
1480027480.851019,42,1,0.000787973
1480027711.861182,172,1,231.010163069
1480027712.005802,135,0,0.144619942
1480027712.263509,135,0,0.257707119
1480027712.264356,66,1,0.000846863
1480027717.010228,42,0,4.745872021
1480027717.011496,42,1,0.001268148
1480027945.475836,113,1,228.464339972
1480027947.941687,172,1,2.465851068
1480027948.086322,135,0,0.144634962
1480027948.088817,66,1,0.002494812
1480027953.090244,42,0,5.001427174
1480027953.091255,42,1,0.001010895
1480028183.918249,172,1,230.826993942
1480028184.062904,135,0,0.144654989
1480028184.065476,66,1,0.002572060
1480028189.070228,42,0,5.004752159
1480028189.074945,42,1,0.004716873
1480028419.894615,172,1,230.819669962
1480028420.039404,135,0,0.144788980
1480028420.041787,66,1,0.002382994
1480028425.040243,42,0,4.998456001
1480028425.041024,42,1,0.000781059
1480028545.483635,113,1,120.442610979
1480028655.871239,172,1,110.387603998
1480028656.015681,135,0,0.144442081
1480028656.017164,66,1,0.001482964
1480028661.020232,42,0,5.003067970
1480028661.021030,42,1,0.000797987
1480028891.848514,172,1,230.827484131
1480028891.992925,135,0,0.144410849
1480028891.995367,66,1,0.002442122
1480028897.000239,42,0,5.004871845
1480028897.000998,42,1,0.000759125
1480028996.615516,75,1,99.614517927
1480028996.927128,549,0,0.311612129
1480028996.929806,90,1,0.002677917
1480028997.197228,90,0,0.267421961
1480029001.630793,42,1,4.433565140
1480029001.630848,42,0,0.000054836
1480029127.829385,172,1,126.198537111
1480029127.973762,135,0,0.144376993
1480029127.976162,66,1,0.002399921
1480029132.980240,42,0,5.004078150
1480029132.981003,42,1,0.000762939
1480029145.487508,113,1,12.506505013
1480029363.804980,172,1,218.317471981
1480029363.950966,135,0,0.145985842
1480029363.953436,66,1,0.002470016
1480029368.960241,42,0,5.006805182
1480029368.961246,42,1,0.001004934
1480029599.957297,172,1,230.996051073
1480029600.101823,135,0,0.144526005
1480029600.359634,135,0,0.257810831
1480029600.362837,66,1,0.003203154
1480029605.110242,42,0,4.747404814
1480029605.111012,42,1,0.000770092
1480029745.492435,113,1,140.381422997
1480029836.141812,172,1,90.649377108
1480029836.286265,135,0,0.144452810
1480029836.543676,135,0,0.257411003
1480029836.544532,66,1,0.000856161
1480029841.290228,42,0,4.745695829
1480029841.291020,42,1,0.000792027
1480030072.326294,172,1,231.035274029
1480030072.470671,135,0,0.144376993
1480030072.473269,66,1,0.002598047
1480030077.480243,42,0,5.006973982
1480030077.481003,42,1,0.000760078
1480030308.302783,172,1,230.821779966
1480030308.446973,135,0,0.144190073
1480030308.449493,66,1,0.002519846
1480030313.450231,42,0,5.000738144
1480030313.451031,42,1,0.000799894
1480030345.495252,113,1,32.044220924
1480030544.279287,172,1,198.784035206
1480030544.423623,135,0,0.144335985
1480030544.679790,135,0,0.256166935
1480030544.680617,66,1,0.000827074
1480030549.430232,42,0,4.749614954
1480030549.440659,42,1,0.010426998
1480030780.359868,172,1,230.919209003
1480030780.504237,135,0,0.144368887
1480030780.505740,66,1,0.001502991
1480030785.510231,42,0,5.004491091
1480030785.510998,42,1,0.000766993
1480030945.497338,113,1,159.986340046
1480031016.336299,172,1,70.838960886
1480031016.480730,135,0,0.144431114
1480031016.483268,66,1,0.002537966
1480031021.490230,42,0,5.006962061
1480031021.491290,42,1,0.001060009
1480031252.312932,172,1,230.821641922
1480031253.011799,172,1,0.698867083
1480031254.411799,172,1,1.399999857
1480031257.216178,172,1,2.804378986
1480031257.318263,42,1,0.102085114
1480031257.318305,42,0,0.000041962
1480031257.514191,103,1,0.195885897
1480031262.811815,172,1,5.297624111
1480031272.176636,80,1,9.364820957
1480031272.185773,418,0,0.009136915
1480031274.012072,172,1,1.826299191
1480031277.190223,42,0,3.178150892
1480031277.206181,42,1,0.015958071
1480031282.188001,80,1,4.981819868
1480031282.191615,418,0,0.003614187
1480031282.197853,74,1,0.006237984
1480031282.341564,74,0,0.143710852
1480031282.342451,66,1,0.000887156
1480031282.343376,281,1,0.000924826
1480031282.487167,66,0,0.143790960
1480031282.490296,1514,0,0.003129005
1480031282.490409,1514,0,0.000113010
1480031282.490494,743,0,0.000085115
1480031282.491834,66,1,0.001339912
1480031282.491932,66,1,0.000097990
1480031282.491993,66,1,0.000061035
1480031282.580763,200,1,0.088770151
1480031282.725275,300,0,0.144511938
1480031282.727545,66,1,0.002269983
1480031282.790080,620,1,0.062535048
1480031282.949664,167,0,0.159584045
1480031282.987799,66,1,0.038134813
1480031283.098313,284,1,0.110514164
1480031283.249196,135,0,0.150882959
1480031283.303905,66,1,0.054708958
1480031296.441441,172,1,13.137536049
1480031341.212005,172,1,44.770563841
1480031346.211931,42,1,4.999926090
1480031346.211970,42,0,0.000039101
1480031430.812198,172,1,84.600227833
1480031435.812100,42,1,4.999902010
1480031435.812139,42,0,0.000039101
1480031519.337241,172,1,83.525101900
1480031519.481879,135,0,0.144638062
1480031519.724298,172,1,0.242419004
1480031519.842786,135,0,0.118488073
1480031519.843623,66,1,0.000836849
1480031519.867754,78,0,0.024131060
1480031524.490283,42,0,4.622529030
1480031524.491017,42,1,0.000734091
1480031545.523061,113,1,21.032043934
1480031755.625676,172,1,210.102614880
1480031755.769130,66,0,0.143454075
1480031755.770328,135,0,0.001198053
1480031755.772822,66,1,0.002493858
1480031760.770230,42,0,4.997408152
1480031760.771168,42,1,0.000937939
1480031991.602142,172,1,230.830974102
1480031991.746918,135,0,0.144775867
1480031991.748413,66,1,0.001495123
1480031996.750229,42,0,5.001815796
1480031996.751001,42,1,0.000771999
