device_label,window_id,time_block_id,start_timestamp,end_timestamp,iat_0,iat_1,iat_2,iat_3,iat_4,iat_5,iat_6,iat_7,iat_8,iat_9,iat_10,iat_11,iat_12,iat_13,iat_14,iat_15,iat_16,iat_17,iat_18,iat_19,iat_20,iat_21,iat_22,iat_23,iat_24,iat_25,iat_26,iat_27,iat_28,iat_29,iat_30,iat_31,iat_32,iat_33,iat_34,iat_35,iat_36,iat_37,iat_38,iat_39,iat_40,iat_41,iat_42,iat_43,iat_44,iat_45,iat_46,iat_47,iat_48,iat_49,iat_50,iat_51,iat_52,iat_53,iat_54,iat_55,iat_56,iat_57,iat_58,iat_59,iat_60,iat_61,iat_62,iat_63,iat_64,iat_65,iat_66,iat_67,iat_68,iat_69,iat_70,iat_71,iat_72,iat_73,iat_74,iat_75,iat_76,iat_77,iat_78,iat_79,iat_80,iat_81,iat_82,iat_83,iat_84,iat_85,iat_86,iat_87,iat_88,iat_89,iat_90,iat_91,iat_92,iat_93,iat_94,iat_95,iat_96,iat_97,iat_98,iat_99,iat_100,iat_101,iat_102,iat_103,iat_104,iat_105,iat_106,iat_107,iat_108,iat_109,iat_110,iat_111,iat_112,iat_113,iat_114,iat_115,iat_116,iat_117,iat_118,iat_119,iat_120,iat_121,iat_122,iat_123,iat_124,iat_125,iat_126,iat_127
TPLinkSmartPlug,0,0,1479772906.072456,1479776460.272481,0.021544118,0.002515012,0.242637851,1.740563177,0.000062941,3.522043811,3.476538783,0.135140764,0.229217141,0.005714508,1.747614795,0.001147327,5.446885344,0.135147845,0.228898027,0.000835785,1.749505896,0.000833640,5.446863156,0.135079735,0.228529867,0.000888668,1.748802550,0.001088266,4.523316333,4.947998240,0.135218449,0.224953893,0.000916776,1.748785294,0.001197336,5.446899803,0.135106813,0.002557581,1.792410776,0.000778610,5.392821831,2.580040153,0.135210743,0.227502058,0.020171154,1.745385813,0.002851945,5.446879004,0.135087442,0.230448842,0.000838643,1.749140891,0.003699128,5.446853537,0.135134723,0.002537842,1.792109089,0.000760743,4.711913645,4.800415217,0.135253437,0.229758435,0.001156376,1.749058452,0.000798622,5.446867372,0.136274210,0.001473770,1.792024277,0.000782661,5.445988932,0.135258852,0.002498840,1.792667392,0.000816726,1.133311528,5.436847564,0.136081125,0.002657456,1.791421096,0.000806722,5.446000717,0.135332155,0.002606568,1.792173874,0.000787663,4.876214005,4.623736637,0.135494570,0.002503834,1.792485548,0.000811724,5.445969952,0.532418461,0.878800584,1.339496231,0.241691291,1.067960964,0.000041961,1.492754455,2.428647448,0.020775677,0.002513823,0.134712654,0.002034025,0.000953458,0.134793916,0.003043307,0.000116103,0.000082967,0.001631597,0.000369004,0.000091072,0.085237719,0.135404620,0.004434276,0.064373716,0.149528112,0.039769576,0.089047861,0.015981555,0.140778830,0.054217438,1.585145829,0.000786710,2.966533817,1.791538431,0.000041961,3.714972475,1.791530124,0.000041007,4.455650341
TPLinkSmartPlug,1,1,1479776465.272431,1479780574.117676,1.791751125,0.000037192,3.795145148,0.021412274,0.001549712,0.236130863,1.742277527,0.000061987,3.254723928,0.134916420,0.001474961,1.792555312,0.000968464,0.079007068,5.445627217,0.134821001,0.214058523,0.092775094,0.000833640,0.044891082,1.727619081,0.002337344,5.447305366,0.134524688,0.000412856,0.009412672,1.790423234,0.000754787,4.858626787,4.644234473,0.134816626,0.002564715,1.792003461,0.000776704,5.445987690,0.134908295,0.001554948,1.792940096,0.000742636,5.445972865,0.134793916,0.002492894,1.791719970,0.001344968,3.039952301,5.356512754,0.134838502,0.002366126,1.792306331,0.000829591,5.445985413,0.134911003,0.002499791,1.792860039,0.000865561,5.003298627,4.429846626,0.134981832,0.002427014,1.791780649,0.000784804,5.445998801,0.135015162,0.231155234,0.001023484,1.748306610,0.000760743,5.446897928,0.135791429,0.230095269,0.000830782,1.748676399,0.000758837,3.707616536,5.258906329,0.135155760,0.002481716,1.792493569,0.000802672,5.445979252,0.134920586,0.002982456,1.791354075,0.000767651,5.127797770,4.161792861,0.134973916,0.003858741,1.791602101,0.000786710,5.446320311,0.134959126,0.008267701,1.790620651,0.000774560,5.446014046,0.134987873,0.002445090,1.791757959,0.000757646,3.336672941,0.021032279,0.002419165,1.788283411,0.000056980,0.036562448,1.791668151,0.244371822,1.792995541,0.005267077,2.899850140,5.148658682,0.135103272,0.002544977,1.792713483,0.001335206,5.445971057,0.424948060,0.719541792,1.135265603,0.918901248,1.313042541,1.187834255,0.000039100,0.694682966,0.000041007,1.818878424,2.030350552
TPLinkSmartPlug,2,2,1479780574.126689,1479783143.979189,0.008972564,0.020370211,0.210230179,0.000807675,0.000967511,0.210248727,0.003311390,0.000118010,0.000082967,0.004385378,0.000123970,0.000068186,0.084703148,0.210810232,0.002312368,0.099417186,0.241512096,0.078923128,0.038419360,0.117399797,0.210179942,0.006985527,0.067653906,1.445811828,0.000780516,1.835126554,3.549389601,1.791745959,0.000044106,4.152364617,1.791745839,0.000042914,3.992283705,4.231302316,0.214786393,0.321763912,0.171104707,0.001146375,0.049981728,1.683373858,0.000795524,4.356254545,0.035030185,5.031596969,0.210023418,0.001063496,0.001975967,1.792558170,0.000834594,5.446028910,0.214744270,0.002449133,1.792006599,0.000774560,4.050910008,5.166983877,0.210422215,0.002473868,1.791388063,0.000789807,5.446527431,0.210417386,0.002554727,1.791952609,0.001366158,5.221453417,3.861317810,0.211032854,0.002439145,1.791779973,0.000802672,5.446056713,0.210481325,0.002384203,1.791826979,0.000797669,5.445627234,0.214878325,0.002786089,1.792443219,0.000864847,4.345945467,5.047699851,0.210923576,0.001489007,1.792403906,0.014239255,5.445986503,0.496572672,0.827671868,1.274249384,0.400068511,0.000042914,0.184446032,1.696988622,2.211000237,0.008966892,0.001147327,0.134356904,0.000941549,0.000912489,0.134413807,0.003149075,0.000111812,0.000084158,0.001286156,0.000646859,0.000393789,0.085486621,0.134962668,0.002282397,0.083054493,0.147193321,0.039759953,0.103850091,0.140005390,0.054856351,0.710968017,1.344604783,0.000779802,2.932292608,3.742801693,1.791797457,0.000041007,4.362230298,1.791745641,0.000041007,3.714775438
TPLinkSmartPlug,3,3,1479783189.506917,1479787438.720762,3.840048438,0.135050782,0.002429155,1.792806413,0.000769796,5.446195729,0.135074528,0.002532610,1.791378245,0.000765746,5.446007472,0.135078902,0.200839699,0.088284636,0.002855987,0.047197578,1.729521402,0.002027839,4.069319652,0.020992123,1.788127369,0.000058172,1.794301077,0.000349937,0.001086360,1.792527160,0.002670534,0.000834594,0.235026217,1.704790096,5.042335899,0.134114663,0.001126370,0.001603747,1.792393938,0.000952505,5.445984153,0.135093691,0.002478862,1.792858531,0.003521672,5.328081838,3.283642892,0.135065780,0.241644857,0.000877711,1.746151541,0.000811724,5.447325414,0.135122435,0.003240812,1.792559798,0.000799813,5.445979076,0.135558279,0.236125404,0.000916538,1.747919536,0.000758837,4.584127861,4.906087425,0.135055157,0.002554727,1.792523507,0.000781707,5.446337805,0.135073486,0.002593727,1.792543837,0.004054660,5.383549083,0.003087280,1.791247652,0.000056026,1.354312878,1.967434967,0.135098065,0.230633059,0.000856509,1.747567907,0.005181693,5.446902129,0.135085984,0.229632803,0.000827685,1.747977866,0.004914111,5.446876565,0.135440435,0.002412981,1.792647581,0.000765746,4.764977846,4.749221792,0.135033493,0.229456363,0.005939216,1.747091215,0.000790760,5.446898897,0.135042867,0.001510909,1.792700343,0.000753834,5.445977532,0.135034951,0.004230122,1.791198472,0.000963700,2.219530691,5.409983551,0.135106605,0.008938064,1.790838710,0.001286156,5.446608670,0.135157426,0.004694868,1.791619627,0.010396843,4.905073121,0.020998894,0.001518764,0.258868962,1.034823032,1.356541832,0.000054120,4.530787928
TPLinkSmartPlug,4,4,1479787438.865619,1479790944.600603,0.135279677,0.002444139,1.792122237,0.000759551,5.445976484,0.135102439,0.230511513,0.001236152,1.747556610,0.002448896,5.446893903,0.135092649,0.002608708,1.792422411,0.003270755,3.367267688,5.317289733,0.135068279,0.002376116,1.791733163,0.000811486,5.445964759,0.135055157,0.226307410,0.001198289,1.748958753,0.000762887,5.056437984,4.330798470,0.135740641,0.225433751,0.004086716,1.749504694,0.002108733,5.446859795,0.135374844,0.005268262,1.791634093,0.002344242,5.446617956,0.576234083,0.940012265,1.297448123,0.000039100,0.184292963,0.231579926,1.979216012,2.601210220,0.633803603,0.008992412,1.792118741,0.001221388,1.792449056,0.008914198,0.001113272,0.134405887,0.000819824,0.000958461,0.134439861,0.003762074,0.000118964,0.000082967,0.003717181,0.000113004,0.000064848,0.084247409,0.138610942,0.002321170,0.045409312,0.150303455,0.038862067,0.104758065,0.140925660,0.053347364,2.635291254,1.517087302,3.857805902,1.791744449,0.000041007,4.562693888,1.791561761,0.000040053,0.693131683,0.000042914,4.221955107,0.135062239,0.005188334,1.791632146,0.004271906,5.445967748,0.135042033,0.000832688,1.793223559,0.000728818,4.945213331,4.525267529,0.135105980,0.207257226,0.085042188,0.000845551,0.052457756,1.728001258,0.000784804,5.447339909,0.134083388,0.001139230,0.006782131,1.791420062,0.004842221,5.445997650,0.135911105,0.004472966,1.791197796,0.020959905,3.473131420,5.301137048,0.135076194,0.248248997,0.000879616,1.743842549,0.011433553,5.447299885,0.135083276,0.002556629,1.791886618,0.000762887,5.075173391,0.457212161
TPLinkSmartPlug,5,5,1479790944.808353,1479795287.124339,0.188758995,0.002501932,0.240404194,1.707831332,0.000061033,4.211194968,0.135097232,0.000852698,1.793089754,0.000762648,5.445974585,0.135072654,0.233997142,0.000830782,1.746945649,0.000767651,5.446895717,0.135054323,0.227989426,0.000879616,1.749363998,0.000534868,3.945260761,5.200382816,0.135043908,0.002437004,1.791921620,0.001952172,5.445989760,0.135071820,0.004052760,1.792219035,0.001333063,5.190404090,3.975669145,0.135072028,0.002532610,1.792534347,0.006976530,5.445962917,0.135097856,0.228153411,0.001828428,1.749173069,0.000755739,5.446845891,0.135024744,0.229801256,0.008982487,1.747830063,0.000767651,4.268207962,5.085867051,0.135080569,0.001459963,1.791670456,0.000771701,5.446004772,0.135075361,0.002672436,1.792063566,0.000758837,5.294050773,3.516846999,0.135215117,0.002449133,1.792664375,0.002550684,5.445986004,0.135063905,0.002466020,1.792530972,0.000758837,5.445978338,0.135097024,0.002571849,1.791432067,0.000776704,4.513268866,4.953100385,0.135047449,0.227775105,0.001614697,1.748217669,0.000786710,5.446885826,0.135112020,0.226400761,0.000842455,1.748360891,0.000755739,5.389460618,1.487692112,0.191163089,0.006795866,0.252916694,1.703411405,0.000060795,1.722931587,0.135065780,0.002114681,1.792021298,0.003743784,5.446081580,0.135088484,0.002454841,1.791969971,0.009542330,5.445854421,0.135210743,0.003126259,1.791301680,0.029302499,4.707997278,4.803789396,0.538706145,0.884257490,1.348848396,0.010880665,0.000039100,0.185106814,1.868212199,2.506734679,0.008798167,0.005082069,0.107327583,0.030323505,0.000813868
TPLinkSmartPlug,6,6,1479795287.125342,1479799305.531025,0.001002287,0.134659519,0.003137906,0.000115149,0.000082967,0.001070403,0.000556791,0.001037536,0.086745505,0.135250730,0.002325451,0.076207902,0.150473097,0.037133943,0.103678585,0.139903823,0.055193478,1.583382765,0.000759789,2.938940312,3.840916356,1.791745482,0.000041961,4.467492106,1.791468596,0.000040053,4.295939194,0.134664520,0.002595629,1.791970130,0.009206462,5.374932667,2.827032452,0.134804542,0.001469009,1.792492854,0.000778610,5.445979805,0.135909441,0.003049250,1.792805103,0.000779563,5.445964866,0.135102439,0.002521908,1.791957456,0.002023794,4.682129201,4.827606439,0.134987873,0.190241017,0.072564418,0.028623412,0.039068673,1.731366506,0.000811486,5.447288776,0.134652226,0.000351129,0.002280256,1.792500041,0.002088748,5.445974973,0.135809954,0.003106057,1.545661582,0.839438548,0.000798860,5.445965893,0.134943294,0.237984958,0.000838643,1.746432571,0.005069972,5.446872380,0.134959959,0.002625592,1.792838883,0.000783613,4.848307822,4.656792117,0.134969542,0.001475913,1.791938108,0.003289766,5.445988030,0.134939127,0.233747870,0.000829591,1.747784430,0.001371159,5.446878167,0.134961626,0.002604666,1.791569630,0.000782661,2.965393060,1.992596892,0.004316537,0.002447944,0.282600464,5.331924324,0.134950377,0.002590635,1.792808080,0.000779563,5.445971307,0.134947877,0.002586593,1.791728991,0.000846505,4.992924860,4.448071751,0.134911003,0.001473057,1.792496507,0.001238294,5.445982742,0.134956627,0.001463772,1.793059793,0.002269552,5.445514426,0.134940794,0.228314144,0.000829591,1.749114808,0.000782661
TPLinkSmartPlug,7,7,1479799344.094035,1479802869.010249,3.677894590,5.265119552,0.134978291,0.004504771,1.791383253,0.000803624,5.446002041,0.135026411,0.002535701,1.792195879,0.000781707,5.120452619,4.180740998,0.136052410,0.229407082,0.000857700,1.749082961,0.000811724,5.446763108,0.134984541,0.002376116,1.792813082,0.000781707,5.445971871,0.134972250,0.002563764,1.791703320,0.003875366,4.082585917,5.155735530,0.135025577,0.003101303,1.792846028,0.001040395,5.445517853,0.134950377,0.002529756,1.792542805,0.000782898,5.234048633,3.812720481,0.135085776,0.228393646,0.084744549,1.732635257,0.003119129,5.447341697,0.564764342,0.925136684,1.313567987,0.000041961,0.187027222,0.106755198,1.957277298,2.577186643,0.381672244,0.008761535,0.002451036,0.134724115,0.001223292,0.000951552,0.134800791,0.003023578,0.000107044,0.000066994,0.002445804,0.000228141,0.000097985,0.088069396,0.135360059,0.002781335,0.074733472,0.145290052,0.036781249,0.111046529,0.143027169,0.052610452,1.582758945,0.004365676,2.987779383,3.904801472,1.791166466,0.000042914,4.535652216,1.791064039,0.000041007,4.146995741,0.134810584,0.002456030,1.792867501,0.005164615,3.993329444,2.307304450,0.020685536,0.005271108,0.286602646,1.730125729,0.000057934,5.103122049,0.134861212,0.212844420,0.095972678,0.000869611,0.041523805,1.726773723,0.000789807,5.438506087,0.134519686,0.000334922,0.002313320,1.792494522,0.000788616,5.215029417,3.887887206,0.134824543,0.005335852,1.792527994,0.000817680,5.445966630,0.134828918,0.003075396,1.791843310,0.001149232,5.445993147,0.134816626,0.248067252,0.000864609,1.744795015
TPLinkSmartPlug,8,9,1479802869.011013,1479807590.442899,0.000763840,4.331956288,5.056521876,0.134829752,0.238230922,0.000844598,1.747229739,0.000783613,5.446870337,0.134821209,0.002482906,1.792016253,0.000808627,5.316273865,3.374299318,0.134808708,0.234199948,0.000851507,1.747908783,0.000780516,5.446886822,0.134795791,0.228627563,0.003029521,1.747516157,0.000991568,5.447668778,0.134790374,0.002433198,1.792775451,0.000762648,4.554957812,4.924468798,0.134668063,0.002456982,1.792370111,0.000895576,5.445535706,0.134685566,0.002376353,1.791952450,0.000779563,5.408779873,2.248034294,0.134700361,0.002440096,1.792522515,0.000778610,5.445989058,0.134636597,0.230614885,0.000838643,1.748927813,0.000777658,5.446864342,0.134693485,0.228213001,0.000835785,1.748918398,0.000796716,4.746925670,2.549086432,0.021239800,0.002644615,0.286513318,1.730521481,0.000059841,4.615211029,0.134647849,0.228223438,0.003309490,1.747773136,0.000771701,5.446901970,0.134654934,0.002513823,1.792490710,0.002837918,5.446334791,0.134629720,0.002582788,1.792397433,0.000841502,1.917213749,5.420637764,0.134648058,0.002411079,1.792992049,0.000779563,5.445968943,0.134654101,0.226656622,0.000869611,1.748858381,0.000754787,4.904194914,4.586823236,0.134652434,0.002541885,1.792794068,0.001056590,5.445972583,0.134655977,0.001462820,1.791877638,0.002979604,5.445992232,0.134668063,0.002347335,1.792311137,0.000758598,2.959109367,0.002718327,1.841983688,0.000041007,1.139045108,5.328408372,0.134685566,0.002965578,1.792767948,0.000784804,5.446092534,0.527721101,0.872126032,1.330784024,0.120409816,0.000042199,0.184291178
TPLinkSmartPlug,9,10,1479807595.680555,1479811380.949099,1.830604489,2.121639047,0.009169845,0.002431058,0.217887414,0.000849601,0.000960603,0.217963724,0.003054241,0.000122063,0.000088926,0.002910903,0.000388785,0.000092979,0.082421274,0.218490255,0.002378256,0.093207851,0.228171820,0.036866045,0.117250320,0.223622753,0.055960504,1.140234287,0.799157593,0.000756693,3.093197136,3.818685103,1.791758635,0.000040053,4.197072885,2.975363543,1.793149834,0.000042914,4.301801113,0.218523405,0.003022390,1.791926626,0.000782661,5.445995449,0.218602157,0.002614653,1.792480545,0.005563490,5.445974183,0.218576482,0.002459836,1.792533672,0.000766699,3.302755985,5.326131181,0.218561920,0.002566617,1.792437064,0.000784804,5.445998749,0.218606181,0.002571612,1.792356807,0.000762648,5.043623129,2.742314747,0.159468101,0.002803207,0.236721304,1.714321015,0.000056026,4.065264180,0.218570734,0.002516914,1.792228527,0.000757646,5.446003206,0.218583572,0.005969079,1.791626661,0.000772654,5.447022507,0.218562686,0.201109008,0.149790663,0.004783377,0.073966767,1.712510102,0.000765507,3.839992105,5.229597197,0.217645984,0.001208291,0.001452106,1.791885267,0.000781707,5.446017687,0.218710407,0.002528805,1.791611957,0.000777895,5.158982468,4.074928111,0.219036810,0.311838367,0.001159234,1.728762338,0.002184626,5.447360902,0.219055962,0.002535940,1.792702169,0.000751689,5.445989429,0.219031064,0.007820227,1.791760502,0.000755502,4.180839153,5.120426777,0.219046386,0.003178071,1.792362963,0.005212289,5.445974843,0.219073773,0.307186905,0.000834594,1.730993890,0.001167331,5.263990752,3.632217117
TPLinkSmartPlug,10,11,1479811381.193996,1479814716.390286,0.219052706,0.002724271,1.792345291,0.000783852,5.445550370,0.219082582,0.002482906,1.792928943,0.000769796,5.445986848,0.635156213,1.020693997,1.204680776,0.000042914,0.184273927,0.699941507,2.092426501,2.021674842,0.009168664,1.792493052,0.001746559,1.292301726,1.208411519,0.000378061,0.001093266,0.134323760,0.000858653,0.000957507,0.134406721,0.003075396,0.000113004,0.000084873,0.001403062,0.000106090,0.000064848,0.085107442,0.134951210,0.002788229,0.063969671,0.150245807,0.038965949,0.103676865,0.146336887,0.048116416,3.256248757,3.589462131,3.118725801,1.791743813,0.000041961,4.697423361,1.791744488,0.000041007,0.693122146,0.000041007,3.567417421,0.135110979,0.002568758,1.792196038,0.000789807,5.445989709,0.135098898,0.209942442,0.104643620,0.000823636,0.031811721,1.728250090,0.003948274,5.215798049,2.910822860,0.704568242,1.604721809,0.000061033,1.793780090,0.009168900,0.001090408,0.247744049,1.744376040,0.000769796,2.807853666,0.134098191,0.001152328,0.003101066,5.467337526,0.135110146,0.002493846,1.791956980,0.001842231,5.445987426,0.135172421,0.004189050,1.792283495,0.000755739,4.329783576,5.056073657,0.136128359,0.002390148,1.791793801,0.000767651,5.445987228,0.135077236,0.002432961,1.792782278,0.000764792,5.317624802,3.364651094,0.135071820,0.003072306,1.791616130,0.002425112,5.445992443,0.135118894,0.002351378,1.792306649,0.000767651,5.445984106,0.135263016,0.002987685,1.792774934,0.000814821,4.564312470,4.918704133,0.135120768,0.002520957,1.791797774,0.000779802,5.445996546,0.135143471,0.220237684
TPLinkSmartPlug,11,12,1479814716.400699,1479818042.096778,0.010359090,0.000810771,0.124228976,1.725701035,0.000783613,5.411788778,2.197299041,0.134091102,0.001154234,0.002116822,1.791725971,0.000785519,5.446414687,0.135107646,0.002475771,1.792911837,0.000795524,3.790996010,0.002658406,1.791628807,0.000061033,5.212327190,0.136232184,0.004703885,1.791001368,0.002988398,4.751992856,4.762233788,0.135077860,0.230449599,0.000851745,1.747548220,0.000783852,5.446903112,0.135991228,0.229268705,0.000849840,1.748601224,0.014109030,5.446820656,0.135106813,0.002432009,1.791653804,0.000798622,2.010160072,3.435924969,0.023069910,0.002390148,0.247573939,1.739197829,0.000060795,5.248646928,0.135086817,0.002487900,1.791652453,0.000778610,5.445988535,0.136293349,0.002435101,1.792499048,0.000762648,4.909037556,4.577939288,0.135117227,0.003316618,1.791535450,0.000780516,5.446674077,0.135102439,0.002578745,1.792869526,0.000816489,5.445968007,0.135155760,0.005889443,1.791258347,0.001893158,3.312207984,5.324869137,0.135084110,0.002700256,1.792361811,0.000788616,5.445981362,0.422627606,0.703643945,1.119726119,0.870447814,0.000043153,0.184269565,1.263462089,2.225275678,1.582842980,0.008929086,0.002635341,0.210100524,0.001864363,0.001223055,0.210471667,0.003043307,0.000113958,0.000082013,0.001427108,0.000171885,0.000087972,0.088214130,0.210733374,0.002262416,0.016432194,0.226271474,0.039132182,0.114800799,0.217042635,0.039173679,1.499506495,0.006910235,2.154747390,3.527068391,1.791749297,0.000041007,4.127911097,1.791743654,0.000044106,0.693128107,0.000041961,3.137599649,4.591768636,0.210632755
TPLinkSmartPlug,12,13,1479818042.099320,1479823003.300239,0.002538794,1.791912800,0.000784804,5.446065973,0.210948676,0.269848537,0.174815898,0.002446993,0.039842664,1.696750371,0.000834831,5.448297589,0.209732336,0.001167331,0.001575897,1.791896948,0.000836738,3.235331210,5.335266135,0.210763886,0.360958601,0.000856748,1.716721379,0.000797669,5.438406803,0.210684708,0.003966086,1.792648574,0.000792666,5.043024515,4.355399917,0.210854837,0.001491864,1.792938112,0.000791714,5.446031894,0.210514549,0.003034275,1.792672752,0.001787257,5.441187101,0.210729319,0.002585641,1.792615741,0.000772892,3.867470873,3.523515865,0.164695455,0.002548781,0.247782199,1.711530331,0.000057934,4.991197668,0.211015092,0.002442236,1.792489519,0.000756693,5.446039585,0.213492292,0.002535701,1.791847482,0.001106365,5.168467572,4.046496081,0.210798838,0.304327610,0.000854604,1.730860869,0.000791714,5.447410400,0.210761569,0.002360180,1.792764455,0.000760743,5.446026580,0.211669166,0.001491864,1.792901319,0.001108508,4.206186842,5.110390140,0.214101252,0.001489959,1.792333774,0.000802910,5.446029522,0.213938989,0.002590635,1.792130737,0.000771701,5.272680000,3.638811514,0.211382615,0.002474819,1.792937953,0.004496939,5.446009068,0.210540432,0.296706323,0.000828638,1.732329279,0.003331589,5.447402504,0.211440897,0.026688544,1.788386123,0.000772892,4.457099273,4.987710300,0.210917783,0.003220849,1.792395765,0.003532837,5.446025718,0.210545261,0.002470063,1.792538834,0.000824588,5.366429127,2.930717539,0.212583072,0.002528805,1.792048113,0.000782661,5.446041539,0.210551055,0.002465781,1.792385797
TPLinkSmartPlug,13,14,1479823003.304301,1479826566.291705,0.004053710,5.446028448,0.211596426,0.002598483,1.792109248,0.000763601,4.662069941,3.604402929,0.256805759,0.002821989,0.245060799,1.691230401,0.000059126,4.459139064,0.216735928,0.301081737,0.002258609,1.732775249,0.000760743,5.447339514,0.210640867,0.300445314,0.004509755,1.731662651,0.000752643,5.437940717,0.706597304,1.117105855,0.137408035,1.018368123,0.000033854,0.184324689,1.096479667,2.221863731,1.181821385,0.008926013,1.792138245,0.005263044,1.790899959,0.000383780,0.001089456,0.134622635,0.000826732,0.000961557,0.134347316,0.003076109,0.000116103,0.000082967,0.001577801,0.000102038,0.000066040,0.084694824,0.134958293,0.003339431,0.063481783,0.150503863,0.042352348,0.100220063,0.141551672,0.053354824,1.401182020,3.523298312,1.791750449,0.000041007,4.123775863,1.791753668,0.000041007,4.868510903,0.135075361,0.019886986,1.789105292,0.000761696,5.445982872,0.135145970,0.001470914,1.793098762,0.000769558,4.589317262,4.900777874,0.135091816,0.002617745,1.791839138,0.000761696,5.445995791,0.135071820,0.200826631,0.081834450,0.004068670,0.052698666,1.730010303,0.000766699,5.422737025,1.918974895,0.134062329,0.001171380,0.002767069,1.791701810,0.000787663,5.445535037,0.135350480,0.248529826,0.004746598,1.743296553,0.000775751,5.447338346,0.135110354,0.006068614,1.791591768,0.000773608,4.769487400,4.744656396,0.135053490,0.001472819,1.792769139,0.000777658,5.445971807,0.135082235,0.002433912,1.791707970,0.000756693,5.446012683,0.135058906,0.002477911,1.791797616,0.000818633,2.296044648,5.406683832,0.135072654
TPLinkSmartPlug,14,15,1479826566.294140,1479829944.271430,0.002432247,1.792775768,0.000755739,5.445969671,0.136193901,0.002681472,1.791542763,0.001251391,4.927130496,3.681864582,0.021039983,0.007139409,0.275594022,1.732319791,0.000061987,3.935446305,0.135096190,0.002446993,1.792377299,0.005262096,5.443267735,0.135078694,0.230373479,0.006745188,1.747080038,0.023911784,5.443646289,0.135095357,0.002620598,1.792518663,0.000770749,3.438514202,5.302567447,0.135274470,0.002412981,1.791672323,0.000773608,5.441951758,0.135119935,0.002497889,1.791703638,0.000760743,5.081238270,4.264476010,0.428564918,0.728508584,1.145500593,0.810032512,0.000041961,0.184322904,1.344844063,2.259268207,0.121088723,0.009629468,1.792554835,0.000830544,1.791242524,0.000375915,0.001082311,0.134307085,0.000830782,0.000997522,0.134354194,0.003121031,0.000119202,0.000084873,0.001305205,0.000102038,0.000062941,0.084832820,0.134980791,0.002336394,0.064040788,0.157338766,0.034941548,0.099973723,0.141933421,0.041381073,1.932698382,3.563997856,1.791749336,0.000039815,4.168341387,1.791744449,0.000040053,4.812727184,0.135073486,0.002413220,1.792616257,0.000765746,5.445969589,0.135072861,0.002594678,1.791771271,0.000759789,3.257914333,5.332473376,0.135053490,0.002461025,1.791376893,0.000779563,5.446008205,0.135050158,0.001592559,1.792115921,0.000762648,5.036519424,4.365468947,0.135016829,0.194143954,0.070151741,0.002070904,0.066472029,1.731184775,0.000784804,5.445088871,0.134082346,0.001117558,0.001492816,1.792633408,0.004794530,5.443716828,0.135094524,0.239256214,0.000856748,1.745558240,0.000824827,3.848878136
TPLinkSmartPlug,15,16,1479830128.641795,1479834378.049391,5.222355796,0.135067446,0.002433198,1.791989596,0.000778610,5.442847528,0.135015787,0.002620598,1.792218359,0.000786710,5.171820550,3.748323757,0.021607818,0.002583739,0.248328604,1.739262993,0.000058887,2.230976835,0.135015996,0.228856874,0.000846505,1.747967280,0.000779563,5.446850253,0.135064114,0.001486864,1.792911956,0.007367820,5.445495537,0.136062813,0.002608708,1.792121403,0.000761696,4.234881755,5.098473304,0.135037868,0.231026750,0.000854604,1.748975509,0.000778610,5.446920627,0.135110146,0.229967407,0.000852698,1.747917626,0.000769796,5.282625369,3.590221565,0.135017662,0.002347335,1.792445879,0.003620500,5.445969012,0.135067446,0.002381110,1.793019829,0.000757884,5.445966091,0.135077860,0.002466020,1.791926785,0.004047774,4.484812810,4.970951866,0.135073695,0.002518817,1.792495197,0.000790760,5.446444647,0.135035159,0.229019769,0.000845790,1.748209783,0.000762648,5.378159375,2.785442381,0.135253437,0.002378256,1.792081084,0.001143278,5.443285970,0.135057864,0.002458171,1.791938784,0.000761696,5.443298409,0.135077028,0.231099035,0.000833640,1.747503987,0.000764555,4.699800299,4.806320079,0.135057031,0.227631945,0.035019594,1.743504370,0.000784566,5.444175637,0.135060364,0.004105711,1.792435038,0.000783852,5.443728133,0.136258398,0.229078738,0.000851507,1.747815945,0.000790760,1.269765016,3.809780378,0.259784147,1.741474269,0.000052928,1.793294779,0.000350890,0.001083502,0.252974086,1.743568754,0.000798622,5.133380085,0.601345486,0.973221388,1.260727995,0.000040053,0.184284635,0.448285684,0.208584575
TPLinkSmartPlug,16,17,1479834378.049434,1479837806.148329,0.000042914,1.996064680,2.538841904,0.009380788,0.920129333,1.503354462,0.000760743,1.790868420,0.009093536,0.001422823,0.134955793,0.000843646,0.000961557,0.134979125,0.003078248,0.000143041,0.000093933,0.001177333,0.000103946,0.000064133,0.084627790,0.135559320,0.002263367,0.054626344,0.149998151,0.042530586,0.100591615,0.141031679,0.060694182,2.876545170,3.984085268,1.791749654,0.000041961,4.619785047,1.791750131,0.000037908,4.036027467,0.134995789,0.220372534,0.109025675,0.000833640,0.027772745,1.725275596,0.003505754,4.578870932,4.906069101,0.134719531,0.000404991,0.007821410,1.790486975,0.000777658,5.444661469,0.135042033,0.002551873,1.792290644,0.001789398,5.420790572,1.780793903,0.135060572,0.002378256,1.791576943,0.001285204,5.441955747,0.135022870,0.001457820,1.791653804,0.000772654,5.442412879,0.135114728,0.002438906,1.792299183,0.000760743,4.793566701,4.717490139,0.134989748,0.002373262,1.792436230,0.000780754,5.442829769,0.134969542,0.003072306,1.792827729,0.005182404,5.446730583,0.135116395,0.234796242,0.001114463,1.746754757,0.000768842,2.607686215,5.391209494,0.135235110,0.002350189,1.792720867,0.000777658,4.239102886,0.002447944,1.791310705,0.000061987,5.064954462,0.134993290,0.002464831,1.792353114,0.000785757,4.952335491,4.514377082,0.135139930,0.230913390,0.001272108,1.748811966,0.000803624,5.446864574,0.134961834,0.002436052,1.792219194,0.000761696,5.445990869,0.135038700,0.002340199,1.792664057,0.000761696,3.507698885,4.057446475,0.021777194,0.002388246,0.236941430,1.741806494,0.000060079
TPLinkSmartPlug,17,18,1479837942.773576,1479841403.877868,4.924534390,0.134976625,0.002376116,1.791724620,0.000759789,5.446775940,0.136055947,0.229079497,0.000833640,1.748546748,0.000774799,5.082956049,4.273653362,0.134990582,0.229658386,0.000881521,1.747847626,0.001573754,5.446897320,0.135133057,0.000861512,1.792718684,0.001730613,5.445995752,0.134854336,0.002572562,1.792313996,0.000760743,3.968421256,5.192511713,0.134817667,0.002584691,1.792002944,0.002199376,5.445988255,0.135915476,0.004140377,1.792062096,0.000763601,5.198210233,3.948871117,0.135055365,0.230054734,0.000852698,1.749241567,0.000788854,5.446858937,0.134891004,0.002438906,1.792448897,0.004160559,5.446237996,0.134829752,0.227945579,0.002425112,1.749004001,0.001426157,4.287381969,5.076702635,0.134993082,0.002902821,1.791869970,0.000782661,5.445994048,0.560199130,0.917912570,1.320521214,0.000044106,0.183067966,0.059789303,1.948197270,1.866376557,0.009392597,1.793140032,0.000775751,0.936294527,1.491178773,0.003688201,0.001127322,0.217637162,0.000905581,0.000960603,0.217712149,0.003155969,0.000112051,0.000118964,0.006422356,0.000103946,0.000074860,0.084453393,0.221401961,0.002319267,0.070636608,0.228880580,0.039310079,0.107254125,0.224750155,0.057193818,2.995011215,3.894399359,1.791751482,0.000041007,4.524569511,1.791750608,0.000043153,2.197891450,4.102627779,0.217723271,0.002412031,1.792001951,0.000796716,5.446017263,0.221657768,0.002539745,1.792678865,0.000763601,5.445974379,0.217719244,0.252820417,0.191224334,0.000848649,0.030782293,1.699728421,0.000787663,4.160465597,4.102570221,0.022264403,0.007365690
TPLinkSmartPlug,18,19,1479841404.153187,1479845997.960993,0.243196421,1.739438615,0.000056026,4.651815509,0.221293047,0.000330870,0.002495035,1.791308518,0.000776704,5.445917911,0.217658259,0.002398949,1.792375115,0.000779802,5.254514789,3.725061970,0.217901986,0.002469825,1.791910615,0.000779802,5.442871386,0.217861721,0.002590635,1.791490258,0.000791714,5.442881672,0.221729780,0.327222442,0.003727158,1.725073385,0.000765746,4.437487714,4.997600083,0.221574289,0.003128161,1.791495266,0.000781707,5.443309491,0.221578301,0.315080711,0.002358276,1.728526587,0.002279304,5.362384138,2.980436080,0.217733819,0.312329594,0.000887477,1.729502246,0.000786710,5.444212160,0.218731481,0.002592537,1.792963434,0.002105641,5.442850786,0.217715984,0.002589684,1.792096060,0.000761696,4.663822126,4.840709961,0.217729025,0.001462820,1.792547013,0.000792666,5.446013105,0.218703318,0.305909821,0.001374016,1.730501077,0.000801719,5.447354048,0.217825289,0.307334723,0.002753278,0.858256383,1.454229152,0.000787663,5.447384891,0.221665600,0.305864344,0.000854604,1.730250311,0.000788616,5.437877993,0.221542386,0.002512871,1.792592594,0.000753834,4.845193407,4.145981449,0.159082821,1.762503990,0.000056026,1.793787387,0.000371149,0.001100174,1.792829078,0.002203657,0.000733583,0.271036678,3.338707533,0.217963724,0.004574549,5.467352519,0.217582501,0.004471067,1.791297029,0.000767651,5.446025356,0.217675903,0.002393002,1.791556793,0.007543413,2.938193050,5.364960658,0.221419730,0.305091440,0.000854604,1.730320667,0.001133277,5.443769844,0.217519014,0.307439041,0.001125417,1.730283102,0.000761696
TPLinkSmartPlug,19,20,1479846144.371383,1479849744.409849,4.993220465,4.442764381,0.217601681,0.004112597,1.792097768,0.000780516,5.443294711,0.217611462,0.001499958,1.792080091,0.000760505,5.443322777,0.756594617,1.182953491,0.957040611,0.000040053,0.186163277,1.313552667,2.308174355,1.045481199,0.009242133,0.002405133,0.218307045,0.000837690,0.000951552,0.218335027,0.003062323,0.000128023,0.000090118,0.001880070,0.000187141,0.000088926,0.085277346,0.219038342,0.002344242,0.090994521,0.235156637,0.038886147,0.103670417,0.223366114,0.058820439,1.470864369,0.000747639,2.505554197,2.398289453,3.303941452,1.791739641,0.000041961,4.226076774,1.791763801,0.000034093,4.687644418,0.218293245,0.002329496,1.792318643,0.000979420,5.446003534,0.218672665,0.002456982,1.792147063,0.003674424,4.999981664,4.435776599,0.222286403,0.002555678,1.792881513,0.000796716,5.446292777,0.218378532,0.002590635,1.792702526,0.000759789,5.445544428,0.218448480,0.002674338,1.791596815,0.000751689,3.693721213,5.260281959,0.222199158,0.210418931,0.165967792,0.000850554,0.065691370,1.707842179,0.000775751,5.447350594,0.218052105,0.000518902,0.002171779,1.791853958,0.000758598,5.122972841,4.172773812,0.218361092,0.002383964,1.792431743,0.000807675,2.464446352,0.182664860,2.380563659,0.000441930,0.002522860,0.243982416,5.350822219,0.222198204,0.317151205,0.003555645,1.727113029,0.000768605,5.447795703,0.218481632,0.002576605,1.792893500,0.000756693,4.082261588,5.156447420,0.222225504,0.310578397,0.000853651,1.729727324,0.000781707,5.447644688,0.218381790,0.002410127,1.792117748,0.001445916,5.229760971
TPLinkSmartPlug,20,21,1479849789.492114,1479853358.858302,3.830428172,0.218272546,0.002579458,1.792029124,0.001406872,5.446008499,0.218253187,0.307073617,0.000837690,1.730495753,0.001621599,5.447362280,0.222089377,0.002582550,1.792106904,0.000757884,4.359347406,5.040975423,0.218330235,0.304547414,0.001062306,1.731889860,0.001419966,5.447324863,0.219676856,0.003214670,1.792328174,0.009296463,5.326465538,3.299873119,0.222205650,0.002547592,1.791824476,0.001689675,5.446767724,0.222109425,0.002436052,1.791779973,0.003796751,5.445983756,0.222209468,0.002383013,1.791719653,0.000762648,4.577764436,4.909209679,0.222246314,0.306644721,0.000885571,1.730186500,0.000790760,5.447363219,0.218507118,0.002391337,1.792986373,0.000747639,5.415350384,2.078281350,0.218449438,0.010522362,1.790507863,0.000789807,4.398631888,0.190262502,0.002626543,0.245074047,1.706484395,0.000056026,4.986997093,0.222196867,0.306582784,0.000836499,1.730928564,0.002919699,5.447310087,0.218483165,0.003137906,1.792897509,0.000762648,4.756027468,4.758253260,0.714440897,1.127526817,1.053598224,0.000042914,0.184305455,1.133217566,2.235594278,2.342267141,0.009044156,0.002457934,0.222103696,0.000843646,0.000971561,0.222167084,0.003119129,0.000118010,0.000089165,0.001460915,0.000099892,0.000568943,0.084223301,0.222706673,0.002772300,0.077772589,0.240019618,0.037870867,0.100056131,0.228140696,0.053426021,1.469384015,0.000761696,1.191759539,3.538160918,1.791746316,0.000042914,4.140212558,1.791747946,0.000041007,4.836862668,0.218421076,0.002588733,1.792888181,0.000764555,5.382402885,2.699076385,0.218478374,0.279701616
TPLinkSmartPlug,21,23,1479853359.083466,1479858074.811755,0.203074661,0.000855557,0.017411593,1.693474954,0.000792666,5.444661741,0.218023349,0.000330870,0.003121031,1.792291001,0.000953458,5.443305663,0.218452504,0.002491943,1.792958274,0.000763601,4.706442847,4.801138286,0.218290179,0.365872902,0.000856748,1.716681501,0.000982517,5.444190821,0.218286154,0.349376537,0.000832688,1.720280107,0.000819585,5.445122051,0.222274376,0.002597531,1.792111234,0.000783852,1.271906002,5.432566664,0.222276667,0.002368266,1.792545822,0.018876789,5.444880925,0.222129473,0.002402279,1.791774609,0.000760743,4.884272023,4.611491166,0.222192859,0.318708936,0.000870564,1.727382339,0.000791714,5.447792220,0.222465068,0.002510730,1.792207556,0.001122322,5.445982755,0.218456528,0.039534010,1.786645929,0.000755739,3.157540106,4.569092597,0.190079567,1.756149209,0.000063179,1.793784889,0.000369958,0.001096363,0.236003771,1.747581321,0.000758837,4.593468974,0.218468601,0.001478770,1.792905844,0.000760505,5.445988924,0.218356875,0.309059224,0.002753278,1.730573907,0.000768605,5.019624087,4.377170034,0.222337753,0.308071206,0.001109461,1.730149987,0.000780754,5.447286858,0.218459020,0.002409177,1.792617924,0.000751689,5.446878090,0.218536244,0.310294711,0.000832688,1.729473658,0.000756930,3.795113746,5.228287743,0.218527429,0.002422971,1.792762787,0.000783852,5.445992007,0.218497728,0.001545665,1.792815265,0.000753596,5.160147537,4.071372087,0.218447714,0.002602525,1.792588623,0.000779802,5.446015543,0.222178157,0.305681009,0.000835547,1.731557151,0.000755502,5.447299822,0.222172621,0.001444965
TPLinkSmartPlug,22,24,1479858079.820241,1479861184.060240,1.793172809,0.001497816,4.184133972,5.114753328,0.222345580,0.305286830,0.000876520,1.730815723,0.000785757,4.809675365,0.002160597,1.791310029,0.000060079,4.654264333,0.218317395,0.001468057,1.791848435,0.002158694,5.269577706,3.596502289,0.218441389,0.305082477,0.000853651,1.731969677,0.000806483,5.447334900,0.778444230,1.212902740,0.898827950,0.000042914,0.184297127,1.400603716,2.345647169,2.124110374,0.008969728,1.793082770,0.000884380,1.790569291,0.008828889,0.001107318,0.209761718,0.003457998,0.000954410,0.209824154,0.003145986,0.000115864,0.000082967,0.000962747,0.000757646,0.000098939,0.084968826,0.210336248,0.002274309,0.093927393,0.223886569,0.038160527,0.117989220,0.164558950,0.060558648,0.067252078,3.653978230,1.791746118,0.000041007,4.269978781,1.791749495,0.000039815,4.776826051,0.211075712,0.002516914,1.791401897,0.011369203,3.937894042,4.693662918,0.302616944,1.792109089,0.001368063,1.732722559,0.000349937,0.005385415,0.236040112,4.142875517,0.214813897,0.001475913,1.792733491,0.000757646,5.446015430,0.214933135,0.002374212,1.792514494,0.000743827,5.188122260,3.983430975,0.214877364,0.002401090,1.792472405,0.001688485,5.446013714,0.225448784,0.210398647,0.159874975,0.000815535,0.057803830,1.711163988,0.002821989,5.447759754,0.210022645,0.001204480,0.002879761,1.792101581,0.000773608,4.255666554,5.090357378,0.210507982,0.328393301,0.002084941,1.724979125,0.016514043,5.447792005,0.210482871,0.317431390,0.000833640,1.728080666,0.004361640,5.287276601,3.565091865,0.210605909,0.002720467,1.792058918
TPLinkSmartPlug,23,25,1479861184.061023,1479865213.873134,0.000782661,5.445601425,0.210465099,0.309947117,0.002778243,1.730275834,0.001285204,5.437940117,0.210525752,0.306977328,0.000844598,1.730990005,0.000771701,4.513158006,4.955389286,0.210613441,0.300727395,0.000850554,1.732693220,0.001162330,5.447379903,0.210463554,0.002373023,1.792273169,0.000756693,5.386576158,2.663471022,0.210637584,0.002389198,1.792133716,0.002211508,5.446043161,0.210551055,0.002393241,1.792098403,0.000762648,5.446051934,0.210554339,0.002560672,1.791972434,0.000773846,4.702789262,4.803553279,0.188590987,0.001646593,0.248282477,0.142729764,0.210674858,0.000855795,1.673764457,0.000761696,5.448943183,0.210486155,0.002499791,1.791784463,0.000754787,5.446061104,0.210687991,0.002559721,1.791591132,0.000791475,0.701732746,5.441710581,0.210521889,0.002472917,1.791503097,0.093226313,5.445603876,0.210538693,0.297671284,0.001404967,1.732120391,0.000787902,4.866469328,4.639254095,0.210568825,0.002438906,1.792366140,0.000787663,5.443819909,0.214805626,0.002616556,1.792234366,0.000783613,5.442858787,0.211039417,0.002631536,1.791708287,0.000765746,3.108214751,5.345341382,0.214941981,0.002542836,1.792828721,0.000788616,5.443313249,0.598251775,0.966278629,1.267501508,0.000045060,0.184306248,0.411846718,0.253065721,0.000041007,1.979623546,2.257760011,0.008820855,0.003343470,0.134898921,0.000844598,0.001225197,0.134965168,0.003023578,0.000113958,0.000085827,0.001061591,0.001141373,0.000092979,0.083653322,0.135586385,0.006277131,0.081414984,0.149729496,0.037686974,0.098333651,0.140406999,0.039291970,1.474308629
TPLinkSmartPlug,24,26,1479865214.390245,1479869464.660999,0.416807910,0.000756693,3.280713682,3.974501663,1.792482212,0.000040769,0.690930293,0.000041961,3.856253899,3.973314550,1.792329961,0.000042914,3.822855823,0.135037034,0.002622500,1.792975062,0.000915585,5.445963015,0.134918086,0.002490992,1.792045928,0.000773608,5.445994027,0.137209142,0.002695263,1.792068611,0.000758598,3.091155447,5.351312008,0.136083831,0.199866772,0.073077593,0.004846255,0.061380095,1.730053922,0.005382332,5.447360772,0.134543236,0.000359947,0.002370169,1.792290485,0.001164235,5.008422248,4.420567874,0.134938294,0.002479814,1.791758953,0.005549738,3.625064243,0.024406795,1.792188531,0.000818633,1.791172628,0.000384972,0.001096363,0.238483775,1.743288127,0.000036000,5.194546742,0.134819335,0.237482697,0.003079198,1.746392447,0.000760743,5.446881457,0.134900587,0.234701221,0.000829591,1.746765772,0.000783613,3.726651405,5.254881386,0.134877878,0.002336155,1.792417090,0.000785757,5.445980904,0.134912879,0.006033777,1.790784816,0.001697529,5.132236879,4.150012846,0.134765163,0.002499791,1.791943948,0.000781707,5.446409128,0.134799124,0.003252694,1.791390250,0.000753596,5.446005405,0.134930378,0.002522860,1.792097251,0.003610285,4.117228191,5.144204682,0.136062813,0.002536891,1.792450049,0.000780754,5.445975664,0.134815793,0.228944298,0.000884619,1.748051345,0.000768842,5.243932419,3.775615340,0.134784540,0.228664173,0.001223292,1.749018267,0.001398062,5.446874526,0.134769538,0.228261581,0.000633754,1.748409486,0.000748593,5.446896623,0.134778081,0.231080870,0.004425256,1.748089286,0.000762887
TPLinkSmartPlug,25,27,1479869544.526825,1479872801.595652,4.392791311,5.024969743,0.134758079,0.002430107,1.791938307,0.000776704,5.445875017,0.134791207,0.227303018,0.000824588,1.749000351,0.006462153,5.341054389,3.168681252,0.134789748,0.002583502,1.791400903,0.001394254,4.696706709,0.259510140,0.002477911,0.363976187,1.660445815,0.000058887,4.769241636,0.134837669,0.002596581,1.792859206,0.000757646,5.445967882,0.134828918,0.229188325,0.000830782,1.748320844,0.000756693,4.620369676,4.879049984,0.134795791,0.227928115,0.000858653,1.749347829,0.000778849,5.446888127,0.134919753,0.002594678,1.792960258,0.000766699,5.434456340,1.294412366,0.600530159,0.973803468,1.261123052,0.000046014,0.184522558,0.447195503,2.027116919,2.359579981,0.009404642,1.523437664,0.883348872,0.000827685,1.790479614,0.009071800,0.003049488,0.134637430,0.000864609,0.000946551,0.134702236,0.003049250,0.000113004,0.000081059,0.001020387,0.000751928,0.000464808,0.084309866,0.135266557,0.002291437,0.053906639,0.147906936,0.037412334,0.107438081,0.143054033,0.051517764,2.987700855,3.984085383,1.791754979,0.000036954,4.619785362,1.791746475,0.000039100,0.693123696,0.000038861,3.985739121,0.134859545,0.002415122,1.791887134,0.000759551,5.446497007,0.134758287,0.207657902,0.099245134,0.000828638,0.037996887,1.727407596,0.000757646,4.479222479,4.976598492,0.134391922,0.000358756,0.005077088,1.792338818,0.000774560,5.445957901,0.134807876,0.002590635,1.792285163,0.002449133,5.374828746,2.828560414,0.134885795,0.002562575,1.792843209,0.005531719,5.445955790,0.134980166,0.003304499,1.791406905,0.005406520
TPLinkSmartPlug,26,28,1479873032.424801,1479876138.233507,5.446000674,0.134840169,0.243585198,0.000821729,1.744744703,0.000762887,4.681964027,4.829559497,0.135074528,0.002355184,1.792509690,0.000907486,5.445977165,0.134970584,0.002538794,1.791483939,0.003133865,5.446150661,0.134967042,0.230520980,0.001080406,1.495985669,0.826094635,0.000786710,4.936932491,0.022593817,1.787848841,0.000059841,1.794140144,0.000350890,0.001374253,0.250411580,1.743439273,0.000759789,4.364001071,0.135974788,0.002651511,1.791769284,0.000756693,5.445992814,0.135084110,0.001474961,1.792726663,0.000761696,4.849191066,4.655737160,0.135013287,0.004218252,1.791197478,0.000789569,5.446008456,0.135222823,0.002502883,1.791919475,0.002104689,5.445984904,0.134955584,0.004517825,1.792324123,0.001393062,2.981074168,5.361826234,0.134975791,0.002457934,1.791568637,0.000817442,5.446779721,0.134959126,0.002607519,1.792137887,0.001691578,4.994424494,4.445440093,0.391398002,0.675389428,1.069934664,0.970772093,0.000041007,0.185374253,1.097388532,2.161142716,2.414465427,0.012401609,1.792853212,0.002544738,0.142888295,1.765218197,0.016984836,0.005315931,0.222019682,0.001149470,0.001008478,0.222071810,0.003225602,0.000114195,0.000082013,0.001502814,0.000220990,0.000087972,0.084800623,0.222542556,0.002305233,0.035494642,0.234236921,0.037167712,0.107382405,0.227352402,0.038760010,3.229380181,1.792024079,0.000040053,0.692294352,0.000041007,4.033180802,1.791750807,0.000041007,4.984874448,0.222091668,0.297409944,0.208790666,0.000830544,0.015166324,1.689184145,0.000760743,5.448207407,0.221842657,0.000522953,0.002305233
TPLinkSmartPlug,27,29,1479876143.240244,1479881095.960350,1.792881672,0.000790760,0.840957565,5.440264641,0.222120499,0.002881900,1.792731506,0.000751689,5.445980982,0.222043742,0.002538794,1.792342312,0.000800527,4.868756781,4.631463067,0.222051761,0.359141939,0.000855557,1.718192976,0.000777658,5.447802585,0.222126227,0.002565666,1.791870288,0.000752643,5.446615080,0.222102932,0.002454128,1.792835390,0.000759551,3.061967904,5.032527142,0.022208675,0.002813906,0.246625708,1.739495893,0.000057934,3.991445904,0.218394630,0.327582126,0.026744256,1.720670090,0.004251015,5.447793232,0.218430083,0.002558770,1.792420385,0.000773846,5.002538154,4.431278299,0.218360134,0.002420117,1.792370588,0.001251391,5.445999806,0.218312795,0.315116551,0.000849601,1.728919250,0.000761696,5.447350223,0.218233062,0.002695263,1.791833495,0.000754548,3.695174899,5.260568302,0.218258938,0.002519768,1.791639975,0.001605651,5.445972614,0.218255487,0.304890210,0.000834594,1.730687832,0.001131371,5.124493310,4.176172688,0.218425292,0.001491864,1.793118207,0.000778849,5.445986956,0.218237854,0.001460915,1.793075428,0.000761696,5.445998647,0.218256446,0.002507877,1.792449572,0.000754548,4.085598141,5.155309459,0.218259704,0.306756480,0.002927782,1.731025601,0.004322710,4.747041780,0.002427014,1.791314044,0.000056980,4.706906491,0.218250120,0.309345360,0.000859606,1.731045109,0.000768605,5.242732340,3.783087983,0.218260279,0.002591824,1.792567977,0.000750498,5.445997457,0.218230570,0.002711432,1.792468712,0.000758598,5.445999372,0.218241112,0.002808913,1.792374281,0.000896767,4.390051833,5.026276425
TPLinkSmartPlug,28,30,1479881096.204194,1479884647.575905,0.218206610,0.002434863,1.483747707,0.021516817,0.001170427,0.248006973,0.828453618,0.000769796,5.445554586,0.218334452,0.001854130,1.793029672,0.001272108,5.339500509,3.195291165,0.218290179,0.002404182,1.792841701,0.001033487,5.445540725,0.647632910,1.038161454,1.184659096,0.000041961,0.179605304,0.780070071,2.115776460,1.402363609,0.009069674,0.001640642,0.134902253,0.015106440,0.000141849,0.134937253,0.003145035,0.000116103,0.000086065,0.001236152,0.002377305,0.000092979,0.084902469,0.135595129,0.003523572,0.064053087,0.167082786,0.013456945,0.010050405,0.101815272,0.134856003,0.012446350,0.039200502,1.584624789,0.000756693,2.016752391,3.407314503,1.791751125,0.000041007,3.995952247,1.790170061,0.000041007,4.725051108,1.791748303,0.000041007,2.845293153,0.135114520,0.001449963,1.792463073,0.000782661,4.415018904,5.011544101,0.135085776,0.002482906,1.792144243,0.002974374,5.445980292,0.134947877,0.002388008,1.792714873,0.000771701,5.350610924,3.094750392,0.135084110,0.002361130,1.792343146,0.002293339,5.444648316,0.134952043,0.001467819,1.792742344,0.000752643,5.442381996,0.135756668,0.002610373,1.791673635,0.000761696,4.644189956,4.851351159,0.135136390,0.002409177,1.791746157,0.001458772,5.441950117,0.134967667,0.194340870,0.054818435,0.000850792,0.083220139,1.730513117,0.001035393,5.444657210,0.134672439,0.000342072,0.003796751,1.171613051,1.328546290,0.006137097,5.441907586,0.135084942,0.002533562,1.792505362,0.000766699,5.442382849,0.135103272,0.002566617,1.791769960,0.000757884,4.852384350,4.644002112
TPLinkSmartPlug,29,31,1479884647.720542,1479888205.522360,0.135087442,0.228259304,0.000859606,1.749619425,0.000789569,3.923874283,0.263814777,0.002707151,0.169537685,1.706579333,0.000060079,5.178437086,0.134997664,0.002473868,1.791981293,0.000704756,5.445992896,0.135004539,0.002525001,1.792568136,0.004601366,3.032785636,5.356908723,0.134937253,0.002618458,1.792586638,0.006151077,5.445938923,0.135020370,0.230337689,0.000822445,1.748258052,0.000756693,5.002648483,4.433527398,0.134972250,0.229995064,0.005209443,1.748533222,0.001222102,5.446871595,0.135099940,0.006244434,1.791212467,0.000758837,5.446013593,0.134997456,0.002370169,1.791791814,0.000759789,3.700449756,5.260562850,0.134953084,0.002472917,1.792914457,0.001670633,5.445959686,0.134889962,0.002570897,1.792039095,0.000754548,5.125600015,4.167470544,0.134809750,0.228314902,0.002395143,1.749025400,0.001182334,5.446871587,0.134906628,0.001467819,1.792055938,0.000762648,5.445995679,0.134810584,0.002620598,1.792478202,0.000756693,4.096783306,5.151428605,0.134985374,0.002388246,1.791394702,0.000770749,5.446009871,0.483912000,0.810162850,1.252645796,0.487561681,0.000044106,0.184317948,0.586428983,0.000034093,1.472482587,1.993999266,0.008859610,0.002730216,0.221386867,0.000832688,0.000959413,0.221404446,0.003115089,0.000110143,0.000082967,0.000805530,0.001799394,0.000449080,0.083993594,0.221958004,0.002462928,0.079916962,0.236574527,0.038209638,0.103681379,0.226186098,0.056193134,1.090317333,0.865103139,0.000769558,2.975123924,3.712011581,1.791851812,0.000039100,4.329041792,1.791746436,0.000043153,3.375057046,4.125442197
TPLinkSmartPlug,30,32,1479888205.765588,1479892924.780438,0.217711190,0.001804392,1.792231665,0.002540934,4.558622466,0.191341495,0.002778243,0.241973219,1.706466220,0.000060079,4.886350278,0.217688752,0.002392052,1.792396956,0.007284272,5.445977096,0.217704094,0.262034973,0.184313586,0.003699366,0.036131139,1.698057583,0.000754787,4.136934608,5.127268442,0.217431353,0.000335876,0.002322359,1.792932793,0.002388959,5.445985723,0.217682998,0.002500980,1.792795100,0.000774560,5.258130676,3.706443157,0.217764310,0.002787041,1.792154212,0.001776547,5.445992457,0.217763351,0.002556867,1.792613438,0.000749545,5.445997896,0.217697574,0.002401090,1.792633765,0.002686465,4.429382091,5.003604931,0.217656532,0.002425112,1.792240840,0.000796716,5.446450365,0.221492714,0.314769063,0.000820777,1.729363867,0.000765746,5.354775060,3.068960200,0.221462910,0.002471015,1.792256528,0.000801481,5.445996856,0.217584994,0.310416375,0.001985009,1.730218406,0.000763840,5.447335515,0.221509527,0.002667442,1.791727123,0.001254248,4.632335786,4.868111085,0.217579241,0.002653651,1.792515844,0.001577801,5.446008804,0.217615490,0.306002700,0.000819585,1.730799252,0.000763840,5.437898348,0.217667080,0.002388008,0.331735306,1.724889912,0.004375409,5.074279896,0.259372923,0.002574703,0.242789352,1.691098796,0.000061033,4.219053544,0.221523855,0.002999333,1.791671330,0.000755739,5.446328882,0.221507043,0.002457934,1.792355298,0.000760743,4.821581874,4.687306893,0.217586529,0.002581599,1.792062255,0.000780754,5.445122076,0.217601105,0.002656504,1.791413067,0.000767651,5.446025032,0.221385339,0.305151010
TPLinkSmartPlug,31,33,1479892924.787117,1479896248.720994,0.006656852,1.730438000,0.001109223,2.787096968,5.379466095,0.217554306,0.003139094,1.792166049,0.000770749,5.445995243,0.217548744,0.000838643,1.793006376,0.000759551,4.968281954,4.489183637,0.217604174,0.002520957,1.792632257,0.000779563,5.445999746,0.217597078,0.307127983,0.000823636,1.731100336,0.000773846,5.438694011,0.688658668,1.093284486,1.106549371,0.000041961,0.184289592,1.008554054,2.190153413,1.052301688,0.008754445,0.002574703,0.221345213,0.001228293,0.000968464,0.221432532,0.003107007,0.000120156,0.000087019,0.000838643,0.000906533,0.000109905,0.085402129,0.221958959,0.002837918,0.079361038,0.231386992,0.036652088,0.110889057,0.226789659,0.056092154,1.470004531,0.001589703,2.301751544,2.462456533,3.091522925,1.791743137,0.000041961,0.693124769,0.000038861,4.068824632,1.791746793,0.000040053,4.822677154,0.222348825,0.300005264,0.210721208,0.002812005,0.010092890,1.688373643,0.000787902,5.439244556,0.221198454,0.000332777,0.002324500,1.791895756,0.004814461,5.000010840,4.435617176,0.221441321,0.002441047,1.792741153,0.000568943,5.445977517,0.221435016,0.378623423,0.000827685,1.713197912,0.000758598,5.447778399,0.221519079,0.002721180,1.792910488,0.001296157,3.682899482,5.120493907,0.023482902,0.002685514,0.239509746,1.740886423,0.000063894,3.074846185,0.221454122,0.346208936,0.001176381,1.721030452,0.000762648,5.438310113,0.221499019,0.002965578,1.792634758,0.006839437,5.132162405,4.153910427,0.221535126,0.001471866,1.793112215,0.000796716,5.445977691,0.221591100,0.002544738,1.792553326,0.000760743
TPLinkSmartPlug,32,34,1479896479.441842,1479900283.898668,5.445533406,0.221498064,0.002611562,1.791397763,0.000762648,4.110939748,5.146480218,0.221482971,0.001489007,1.791788635,0.001205194,5.446000709,0.221567030,0.002520957,1.791607108,0.000764792,5.240919329,3.783881040,0.221438072,0.002612513,1.791541809,0.000776466,5.446006812,0.221433296,0.002458884,1.791479089,0.000765746,5.446008710,0.221559961,0.002340199,1.791401897,0.000759789,4.389727161,5.025964755,0.221494242,0.000686648,1.792603274,0.000785757,5.445986883,0.221384383,0.306044660,0.003887478,1.730506400,0.001097316,5.339263326,3.210196068,0.221505514,0.002700256,1.792616614,0.000786710,5.445957839,0.221433296,0.003020489,1.791611281,0.000772654,5.446001865,0.221397949,0.011936664,1.790087394,0.000760743,4.603132049,4.890601270,0.221383619,0.002779194,1.791543598,0.002843862,3.491875365,0.020464351,0.007229596,0.160466293,1.757478505,0.000059126,5.272902440,0.221502267,0.002452939,1.791484773,0.000757646,5.427795995,1.625307304,0.221415718,0.002489803,1.792087400,0.000781707,5.446355282,0.221406738,0.005749592,1.790799334,0.000764555,5.446018458,0.221398905,0.002663400,1.792674737,0.000762648,4.782599847,4.730992076,0.459329277,0.773804636,1.206616730,0.645472598,0.000039100,0.183535800,1.516772005,2.072833263,0.008860556,1.220184607,1.284742710,0.004398197,1.790761985,0.000376869,0.001091361,0.135017662,0.002758271,0.000983469,0.134992248,0.003142183,0.000122063,0.000085827,0.001293299,0.000105852,0.000064133,0.084175742,0.135559112,0.002281446,0.063114760,0.145107569,0.039292887,0.107314948,0.140571284
TPLinkSmartPlug,33,36,1479900283.954567,1479904768.256632,0.054392447,2.394251828,3.647434244,1.791707493,0.000039815,4.259186969,4.743062154,0.135017662,0.002544738,1.792621259,0.002034976,5.396979074,2.491844528,0.134973084,0.002488851,1.791567285,0.000797669,5.446003439,0.134883087,0.207549805,0.081584637,0.000826494,0.056573071,1.728165572,0.004565767,5.447316958,0.134617425,0.000333968,0.002316175,1.792455409,0.001764409,4.722945408,4.791754329,0.134851628,0.252137507,0.000861751,1.743008214,0.001053255,5.127742683,0.002184626,1.791349902,0.000061987,4.086062913,0.134954752,0.002478862,1.791928295,0.004564580,5.445977782,0.134837669,0.241985760,0.000902484,1.746160649,0.000783613,1.405680703,5.433974081,0.135768741,0.234512283,0.000839596,1.747918000,0.000761696,5.446872161,0.134874337,0.000837690,1.792215182,0.000759789,4.879830945,4.617281911,0.134854336,0.002405133,1.792676364,0.000796716,4.209865338,0.159139962,0.003091321,0.241183020,1.713843669,0.000059126,5.078152462,0.134877878,0.002534751,1.791566292,0.000754548,5.446004237,0.134854336,0.230578914,0.001352110,1.748194467,0.000753834,3.164288984,5.334331849,0.134946835,0.002608708,1.792772275,0.000778849,5.445973377,0.134890170,0.229839339,0.000702849,1.747962215,0.003814802,5.034055845,4.375501719,0.134873504,0.002685276,1.792564642,0.000783852,5.445977302,0.135126809,0.228883804,0.000823874,1.747943741,0.000766699,5.446907512,0.134891837,0.231599028,0.018042138,1.745110983,0.000759789,3.811578298,5.235989515,0.134848295,0.228362719,0.000864609,1.749330790,0.000785757,5.446872077,0.134885795,0.231068949
TPLinkSmartPlug,34,37,1479904768.262127,1479908092.191280,0.005479791,1.747130606,0.000763601,5.151778427,4.099285933,0.134990582,0.002594678,1.792839240,0.000787663,5.446297982,0.135035159,0.002435101,1.792442544,0.004843408,5.445963046,0.135003705,0.001475913,1.791544273,0.000754787,4.167239119,5.125711999,0.135032452,0.232835545,0.001066593,1.747541617,0.000781707,5.449128536,0.134970375,0.002370169,1.792914139,0.000758837,5.256724299,3.723132488,0.135118061,0.001471866,1.792964267,0.005153704,4.868534573,0.021503050,0.002490040,0.250579723,1.738647320,0.000060079,4.581790753,0.582653580,0.949434951,1.288410225,0.000039100,0.187591834,0.288618738,1.992831234,1.769032159,0.009006352,0.002871915,0.134325429,0.001603509,0.000939642,0.134369202,0.003118178,0.000119918,0.000081059,0.001311157,0.005558511,0.000095839,0.079616031,0.134950377,0.024721781,0.058202049,0.145788878,0.035988555,0.111198643,0.140374055,0.060033393,1.581855378,0.000529865,1.333332552,3.271252540,1.791704155,0.000040053,3.843489955,1.791750648,0.000042914,4.578581798,1.791748780,0.000043153,3.867047665,0.135221365,0.222396737,0.112954494,0.002819136,0.020892195,1.724378523,0.000767651,4.185462331,5.120490053,0.134097149,0.001195431,0.006478024,1.791221452,0.000783852,5.445998694,0.168500569,0.233202312,0.002344242,1.747810382,0.000759789,5.264846391,3.681189285,0.134100693,0.001174475,0.001525669,1.792236034,0.004543695,5.445948367,0.135156592,0.258320554,0.000840787,1.741886233,0.000761696,5.447550511,0.135105771,0.250722975,0.011641898,1.742078558,0.000762887,4.440970879,4.999091015,0.135119727
TPLinkSmartPlug,35,38,1479908092.193753,1479912599.736097,0.002470063,1.792841066,0.000934402,5.445969642,0.135105980,0.002398236,1.791767456,0.000768605,5.359362329,3.002476728,0.135100565,0.004339563,1.792682041,0.000773846,5.445966264,0.135179295,0.002546642,1.791886459,0.000762648,5.445993742,0.135142638,0.002414172,1.792523825,0.001005382,4.651733912,4.852477290,0.135178461,0.002480765,1.791434094,0.000779563,5.446008581,0.135133682,0.002536891,1.791926944,0.000763840,5.446215748,0.135133890,0.002572562,0.591676940,1.647877555,0.004242943,5.160004481,0.020123020,0.001530906,0.256666512,1.737827804,0.000056980,3.982613519,0.136028063,0.002620598,1.792688512,0.063885353,5.445687299,0.135132016,0.003036414,1.791724977,0.000758598,4.827016913,4.682040169,0.135104939,0.228945057,0.000884619,1.748896665,0.001116605,5.446876616,0.136164980,0.002604666,1.791442601,0.000759551,5.446000324,0.135105147,0.004897029,1.791858607,0.000785757,2.816216478,5.375803358,0.135142638,0.001470914,1.792781445,0.000780516,5.445969655,0.136034929,0.229791972,0.002015942,1.747665626,0.001339968,4.975091015,4.457542951,0.135118268,0.002850757,1.792404104,0.000778849,5.445973843,0.135099731,0.229710875,0.000823636,1.747920574,0.001078500,5.446896755,0.136085704,0.002935626,1.792282502,0.000769796,3.648419060,5.269969259,0.135383590,0.002454128,1.791414895,0.001179238,5.446003866,0.518243616,0.860236624,1.312720790,0.215074278,0.000041007,0.185678453,1.791092390,2.474858752,1.606392107,0.009220400,0.003077060,0.214417618,0.004074844,0.000127784,0.216603082,0.003117227,0.000111812,0.000088211
TPLinkSmartPlug,36,39,1479912599.737518,1479916847.112573,0.001419966,0.000100846,0.000064133,0.085499535,0.220122138,0.002357087,0.092558210,0.228180550,0.042046525,0.109619198,0.223209925,0.058978010,1.470587243,0.000759789,2.621728041,3.795940277,1.792023284,0.000041961,4.385143036,1.332071748,1.793369524,0.000038861,4.444900655,0.221944445,0.002458884,1.792989390,0.007138461,5.445939277,0.221777911,0.003026431,1.792856864,0.003443029,5.445957339,0.215138882,0.002445804,1.792585963,0.000768842,3.453595855,5.198927612,0.023295644,0.002598483,0.241240527,1.740548079,0.000056980,2.784083219,0.215175989,0.002560672,1.791804808,0.000768605,5.446036842,0.220105494,0.002499791,1.792257680,0.000763601,5.071506819,4.296101413,0.214805626,0.001456153,1.791890273,0.001010384,5.445588643,0.221318653,0.201547237,0.162104556,0.000832449,0.060222651,1.712973080,0.000766937,5.446887377,0.214901787,0.001164235,0.001568755,1.792087241,0.001151376,3.933185101,5.202704466,0.217958930,0.002502883,1.791805125,0.000790760,5.446018855,0.214891980,0.314680823,0.000831496,1.729079690,0.000766699,5.186899134,3.991370773,0.218790102,0.307810292,0.000858653,1.730135449,0.002241482,5.438561853,0.216973356,0.306125063,0.000856509,1.730845328,0.000755502,5.447362095,0.215343626,0.006948829,1.791258824,0.001126370,4.274972629,5.081141119,0.221588044,0.002474819,1.792183883,0.000755739,5.445997318,0.216328311,0.004678019,1.792538357,0.001072309,5.296845735,3.497002555,0.220438327,0.002527854,1.791350219,0.000800765,5.446017556,0.221504559,0.306208269,0.003322322,1.731052371,0.001225197,5.437866673
TPLinkSmartPlug,37,40,1479916847.352188,1479920189.754561,0.214801010,0.002368028,1.792708521,0.000843646,4.537578549,4.937116425,0.214783893,0.302919194,0.001631597,1.732028565,0.000569897,3.692472118,0.020753027,0.002638671,0.245091214,1.740404611,0.000056980,5.236356629,0.215633081,0.006643826,1.792283177,0.002289296,5.398120153,2.471241953,0.217091760,0.302939799,0.001619696,1.732020086,0.000806722,5.446462524,0.215864237,0.301874141,0.000833640,1.731442102,0.000758598,5.446470914,0.215326710,0.002800117,1.791422050,0.003213007,4.723503417,4.789775367,0.214854092,0.304006610,0.002186529,1.730480882,0.000782661,5.446941105,0.216723835,0.002380159,1.793020663,0.000754787,5.446001683,0.770782119,1.202373335,0.919612008,0.000036000,0.185610134,1.372117877,0.199483468,2.311674069,2.152558387,0.009197485,1.792796767,0.005517729,1.789845800,0.009377953,0.001604700,0.218301487,0.001389015,0.006469023,0.218356875,0.003141233,0.000113958,0.000082967,0.002607519,0.000185949,0.000087972,0.084291678,0.218865577,0.004424069,0.057836008,0.093432845,0.152433478,0.038483829,0.111347322,0.225318042,0.058196202,3.627370023,1.791746118,0.000036000,0.693121669,0.000034093,4.241272378,1.791746793,0.000041007,0.693126676,0.000042914,4.785913916,0.218811749,0.000856748,1.793059753,0.004479137,5.445966384,0.218499261,0.002594678,1.791343382,0.000764555,4.557915704,4.923268414,0.218392138,0.007130650,1.792161561,0.000779563,5.445987194,0.218337711,0.002558532,1.792864207,0.000776704,5.408170945,2.262377076,0.218500794,0.002412031,1.792385916,0.000777895,5.445991541,0.218399613,0.002433912
TPLinkSmartPlug,38,41,1479920194.760247,1479923522.724328,1.792706695,0.000758837,5.445993983,0.218354575,0.002786089,1.792564642,0.001072309,4.744921625,4.769234360,0.218481632,0.002735209,1.792463232,0.000780516,4.164684848,0.155981760,0.002657456,0.146601101,1.735097586,0.000062941,5.097091031,0.218393097,0.201154048,0.145870275,0.000854604,0.082295681,1.712330375,0.000770749,5.438337797,0.218079711,0.000487685,0.003023578,1.792189365,0.000767651,2.133242593,5.413374548,0.218437365,0.002423923,1.792251881,0.000758598,5.446008800,0.218337711,0.002589446,1.792028131,0.003786776,4.914755670,4.569975744,0.218366458,0.003285726,1.791941962,0.001845087,5.446005100,0.218494279,0.004815410,1.791583978,0.000758598,5.446011841,0.218533753,0.002453890,1.791895160,0.000789569,3.333696757,5.321986919,0.218365691,0.001446869,1.792009618,0.000794572,5.446377997,0.218504819,0.001455916,1.792908820,0.000754787,5.048560341,4.344184089,0.407491677,0.698687316,1.102906115,0.905004056,0.000041007,0.184456738,1.211180837,2.204320455,2.123549101,0.009487776,0.002505974,0.218304553,0.000842693,0.000962510,0.218396355,0.003190905,0.000127069,0.000082013,0.001477817,0.000103946,0.000065086,0.085166123,0.219008656,0.002277402,0.090121237,0.235193009,0.039909102,0.103679444,0.224823848,0.057103073,1.471305563,0.000765746,1.557782206,3.504274232,1.791546459,0.000040053,0.693127153,0.000041961,4.086180578,1.791881135,0.000040053,4.433190408,0.002151557,1.791355387,0.000059126,3.683795149,0.219046386,0.002441999,1.791438745,0.000760743,5.446022315,0.219038342,0.002609421,1.791357574,0.004072706
TPLinkSmartPlug,39,42,1479923544.850075,1479928006.021701,3.140946584,5.345704699,0.219138694,0.251563147,0.184889838,0.000923683,0.038950585,1.701066208,0.000787663,5.448248157,0.218118051,0.001169236,0.001545902,1.792092246,0.001111366,5.013536195,4.411458232,0.219159759,0.361896246,0.004497887,1.717043645,0.001015386,4.630264115,0.022690545,1.787988214,0.000049828,1.793632558,0.000346839,0.001080406,0.247492038,1.744652321,0.000768605,4.750846413,0.219008656,0.002561623,1.791703996,0.000778610,5.446360620,0.219177950,0.332857143,0.002988637,1.723409763,0.000760743,3.730844788,5.243601469,0.219029532,0.002748286,1.792839042,0.005638173,5.445964283,0.219118011,0.002432009,1.792795417,0.000763840,5.143594766,4.119027549,0.219090626,0.314569076,0.001132324,1.728735549,0.000782661,5.447334585,0.222971493,0.002553775,1.791471617,0.000760743,5.446000479,0.222867520,0.003579639,1.791241132,0.000780754,4.139541023,5.136125324,0.222972448,0.002858840,1.792924617,0.000795763,5.445961174,0.219014976,0.307253891,0.001050397,1.730527269,0.001541856,5.250407301,3.698574358,0.219023021,0.002583739,1.791327878,0.000771701,5.446031157,0.218759451,0.003226790,1.792635949,0.000758598,5.445986805,0.219129884,0.001240437,1.792937437,0.001489721,4.432893322,5.001596735,0.219024745,0.002516914,1.792789265,0.002163691,5.445996243,0.219008656,0.002603477,1.792138920,0.000762648,5.356699462,3.035074754,0.219052898,0.001659446,1.792783469,0.001055399,5.174963402,0.262753508,0.003297371,0.243379801,1.690112633,0.000061033,3.932562182,0.222996293,0.306665249,0.000823874,1.730272622,0.001448059
TPLinkSmartPlug,40,43,1479928237.160453,1479931563.383044,5.447335262,0.222901861,0.306782970,0.000830782,1.729921791,0.000983708,4.639354981,4.865563949,0.222855500,0.002401090,1.792642579,0.000784566,5.445997017,0.222946694,0.002402992,1.791554448,0.008014899,5.442065111,0.584006795,0.219029532,0.002719278,1.792189047,0.000783613,5.446022000,0.684197189,1.090577497,1.110526336,0.000044106,0.184908863,0.587201017,0.000041961,0.649187962,2.186495665,1.957964365,0.009393778,0.002556629,0.217515753,0.000852698,0.005430234,0.217562362,0.003077297,0.000112051,0.000089880,0.007612979,0.000114911,0.000066994,0.079782027,0.218077219,0.003224889,0.087966780,0.226800872,0.038380127,0.114452138,0.222990761,0.059243870,1.470834025,0.001007288,1.741548603,3.484817525,1.791669979,0.000043868,4.081464824,1.791744965,0.000040053,4.859548455,0.217759515,0.003105106,1.792152544,0.005658087,4.609487502,4.885772023,0.217861721,0.003641405,1.792086566,0.004660221,5.445990541,0.221709724,0.002473868,1.791400108,0.000761696,5.430536472,1.517530735,0.221648026,0.002402992,1.792771640,0.001145184,5.446898153,0.217688560,0.002780146,1.792685733,0.000759551,5.445995765,0.217745900,0.003297371,1.792536372,0.000971322,4.786004021,4.727447816,0.217836794,0.002357087,1.792574806,0.000779802,5.445999469,0.221647262,0.197973430,0.152868801,0.000839596,0.078340638,1.711233761,0.000767651,5.438345768,0.217250251,0.000399033,0.002230538,1.792201201,0.005514647,1.802015872,0.002042828,2.114841032,5.322112635,0.021293716,1.787590267,0.000057934,1.793305451,0.000374009,0.001554711,0.250584362,1.680152273
TPLinkSmartPlug,41,44,1479931563.626465,1479935358.229140,0.217866515,0.000854604,0.106985305,0.000768842,5.466887327,0.217724039,0.313102852,0.000836499,1.729045590,0.003370321,4.950144939,4.521904069,0.217661327,0.001494006,1.792745162,0.001354016,5.445998219,0.217755488,0.306405372,0.001134467,1.731145132,0.000780754,5.437940852,0.217703902,0.307100099,0.000823636,1.731221462,0.000770749,3.539918607,5.291624686,0.222637022,0.307054500,0.000856509,1.731573441,0.000781707,5.447308109,0.221589572,0.003238673,1.792668901,0.000757646,5.085541503,4.264871124,0.217876102,0.003914315,1.791540776,0.003693190,5.446006532,0.217989415,0.002392052,1.791731494,0.000765746,5.446021029,0.221552511,0.002360417,1.792589775,0.000759789,3.978407531,5.190056003,0.224829370,0.001484722,1.792619115,0.000786710,5.445956088,0.221622238,0.006344890,1.791082250,0.000767651,5.199542993,3.944343526,0.217839095,0.002510730,1.792006957,0.000781707,5.446003287,0.221439792,0.002638432,1.791582944,0.001986199,5.446000527,0.217575213,0.003978196,1.792069763,0.000747639,4.289841155,5.074397964,0.217538195,0.002515963,1.792245844,0.000775751,3.977331193,0.020061329,1.788254661,0.000059126,1.793812687,0.000349937,0.001201384,0.241237905,1.745509258,0.000769558,5.102552671,0.555671388,0.911481633,1.326680738,0.000041961,0.183851272,0.005558511,1.939037433,1.884762913,0.008937828,0.004223238,0.217884155,0.000846505,0.000954649,0.217913107,0.003944237,0.000118010,0.000086780,0.003089419,0.000186903,0.000091072,0.083921910,0.218471092,0.002343053,0.089643330,0.228532144,0.040266420,0.110867504,0.223655543
TPLinkSmartPlug,42,45,1479935358.289358,1479939606.491090,0.058474412,1.470379965,0.001066593,0.834656220,3.211168924,3.883954690,1.791754661,0.000036954,4.513408134,1.791741985,0.000036954,2.428246533,3.916468727,0.219032788,0.002618458,1.791646293,0.000801719,5.446669386,0.222900335,0.002551873,1.792213037,0.000755739,5.445981616,0.218631855,0.002405133,1.791379875,0.000874613,4.307040325,5.066477601,0.218553872,0.002372071,1.792983040,0.001887447,5.445980956,0.218575524,0.223729889,0.168323078,0.001202337,0.057019075,1.707526401,0.000756693,5.308483897,3.440905253,0.217678971,0.001123513,0.001538761,1.792511834,0.000731915,5.445935736,0.218592386,0.002648420,1.791459573,0.000762887,5.446021291,0.218589320,0.001444965,1.791681940,0.002162739,4.536906688,4.937585089,0.222854737,0.015158339,1.789817772,0.000860559,5.446358188,0.219210312,0.003457048,1.791516610,0.003293568,5.398841593,2.458026433,0.218643734,0.004107610,1.791154776,0.003802927,5.445108783,0.220674877,0.002487900,1.792478043,0.001074452,5.445535330,0.219010380,0.267128203,0.050213032,0.000809580,0.175134132,1.696139126,0.000773846,4.729355729,4.786002561,0.218197793,0.001148279,0.001756317,1.791506117,0.000781707,4.664437322,0.020806034,0.004484833,1.787404663,0.000060079,0.027617136,1.793115707,1.947667316,0.301334182,1.792379126,0.000781707,1.732640737,0.000339927,0.001076358,0.259820186,4.608836816,0.219066495,0.002541885,1.791883598,0.000761696,5.446104870,0.219173354,0.305584410,0.014938747,1.727824675,0.000792666,1.561070423,5.421771801,0.219077795,0.002580648,1.791444906,0.000789807,5.446780672
TPLinkSmartPlug,43,46,1479939606.740742,1479942936.390246,0.222865040,0.003166901,1.792813280,0.002211508,4.899350762,4.590190864,0.222984275,0.002687417,1.791666482,0.006404352,5.445967359,0.218577249,0.309203790,0.000825779,1.730712246,0.000753834,5.447338759,0.222834704,0.002587782,1.791338373,0.000768605,3.249044774,5.333030590,0.219023021,0.002480052,1.792030912,0.000790760,5.446007752,0.221483735,0.302431427,0.000831735,1.731036748,0.000755739,5.034470363,4.374761709,0.218592386,0.002567569,1.792298666,0.000793619,5.446002301,0.692661523,1.098614991,1.098710274,0.000041961,0.186574075,1.027743075,2.197640161,1.573783369,0.008634613,0.002436052,0.222177394,0.001305205,0.001009431,0.222180640,0.003088231,0.000113958,0.000083205,0.000801481,0.002485997,0.000415953,0.084377798,0.222719457,0.002971759,0.072164336,0.231474385,0.036708856,0.110861315,0.227773586,0.057958637,1.469703533,0.000779563,2.099080692,3.496509953,1.791746157,0.000041007,4.094347244,1.791747787,0.000045060,4.831773554,0.222606489,0.002643663,1.792620902,0.000771701,3.211068989,5.337619769,0.222117443,0.278361847,0.202062027,0.000864609,0.023203633,1.693540274,0.000783613,5.438771708,0.221827378,0.000374962,0.007122601,1.790765326,0.000780754,5.039044431,4.363188621,0.222322482,0.002335204,1.791485926,0.000740731,5.171333254,0.164608903,1.761697781,0.000061987,1.793615265,0.000344933,0.001071356,0.248124923,1.744710301,0.002779194,3.729495710,0.222300720,0.364169350,0.003353450,5.467236025,0.222281630,0.002606568,1.791958767,0.000749784,3.821425952,5.231951838,0.222214241,0.002408225,1.791920429
TPLinkSmartPlug,44,47,1479942936.396251,1479947444.810310,0.005987091,5.445521158,0.222158302,0.329349104,0.002396095,1.725396877,0.003897453,5.156772604,4.079386242,0.222271895,0.009351263,1.790982996,0.000782661,5.441941251,0.222147801,0.001469962,1.791597093,0.000758837,5.442863650,0.222400936,0.002371121,1.792552969,0.000913679,4.206787202,5.105667374,0.222268840,0.006584141,1.791585448,0.000779802,5.442387840,0.222253568,0.310104144,0.000934402,1.730374371,0.000770749,5.280915713,3.579558550,0.219233482,0.002547831,1.792434403,0.000775751,5.443300273,0.222143028,0.003490073,1.792259348,0.000768605,5.443166617,0.222276667,0.004326745,1.792247989,0.000756693,4.499776516,4.961625370,0.222176630,0.308836033,0.000865561,1.730764873,0.000780754,5.447320779,0.222201449,0.002421069,1.792189563,0.004058696,5.382418725,2.726186669,0.218319120,0.002417976,1.792956091,0.000799813,5.445988518,0.222348061,0.002647468,1.791959800,0.000769558,2.775187161,0.156323988,0.001581847,0.242711547,5.376848277,0.218327170,0.002386105,1.792821259,0.001070403,4.694151369,4.816435090,0.222163839,0.006131173,1.790765803,0.000774799,5.445992784,0.222168611,0.309509130,0.000849840,1.729797675,0.000758837,5.447753437,0.222201449,0.003127210,1.731779785,0.300656265,0.000784804,5.445539499,0.223065920,0.308110976,0.002599435,1.730521651,0.000754787,5.437865616,0.722236878,1.137827234,1.036720967,0.000041961,0.184299507,1.168665931,2.249358992,2.211683421,0.008966656,1.793018837,0.000949647,1.570651320,0.777586222,0.000390930,0.001079453,0.217708889,0.001075405,0.000958461,0.217720779,0.003150026
TPLinkSmartPlug,45,49,1479947444.810424,1479951693.208709,0.000114195,0.000087019,0.001272108,0.000247924,0.000088926,0.084888890,0.218223478,0.006669641,0.075386611,0.226802582,0.039920328,0.110877534,0.223044364,0.059187244,3.469107278,1.791935804,0.000042914,4.156365387,0.105749086,1.775189262,0.000040053,4.889690347,0.217741873,0.005627030,1.790876573,0.000784804,5.446029651,0.217813400,0.274906029,0.190264868,0.000829829,0.031973145,1.695742037,0.000772654,5.406468363,2.118564668,0.217423295,0.000446696,0.002411317,1.791946610,0.000781707,5.446022598,0.217720203,0.002509780,1.791631629,0.000799574,5.446026162,0.217811866,0.003659221,1.791281047,0.000760505,4.756022180,4.758779061,0.218692016,0.002501932,1.792818560,0.001186382,5.445986853,0.221696926,0.332753904,0.000835547,1.724378523,0.000759789,5.447335731,0.217878594,0.324338068,0.000829829,1.726862981,0.003280735,2.039381894,5.408846829,0.217693546,0.002440096,1.791987093,0.004758700,3.847143138,0.258180780,0.002817235,0.245502011,1.690798346,0.000058887,5.198369780,0.222000587,0.002441047,1.791545426,0.000762887,4.922075373,4.559494083,0.218414943,0.311141161,0.057703687,1.718896422,0.000782661,5.447809272,0.221574289,0.002357325,1.791760145,0.000760505,5.446007334,0.217884155,0.002748286,1.792152385,0.000758837,3.354345226,5.319643025,0.217738613,0.002863832,1.792646589,0.000782661,5.445996584,0.217841587,0.005241225,1.792153895,0.000766699,5.052115868,4.336977004,0.217713683,0.007856184,1.791622131,0.000791475,5.446001865,0.217826247,0.309506156,0.000824827,1.730387300,0.000770510,5.447359563,0.217769871
TPLinkSmartPlug,46,50,1479951693.568617,1479955484.508215,0.307417127,0.000838643,1.730024124,0.000762648,3.867565386,5.210219961,0.217677437,0.306213886,0.000858653,1.731084587,0.001454011,5.447349111,0.217706395,0.305807450,0.000823636,1.730733913,0.004764632,5.177413233,4.023964014,0.217731326,0.008781388,1.791265702,0.000797669,5.446816166,0.217847148,0.307415549,0.004387277,1.730454858,0.006781894,5.447322584,0.217760283,0.306356056,0.000872708,1.730727874,0.000763601,4.116251430,0.002561623,1.790788515,0.000052928,1.044824336,5.105789425,0.217752996,0.304663802,0.001120416,1.730910152,0.000794572,4.685203337,0.256243301,0.002482906,0.244526047,1.692775808,0.000061987,4.767480939,0.217727299,0.304146104,0.000835547,1.731410024,0.000768842,5.286117266,3.571554402,0.221666364,0.303701169,0.000869611,1.731425768,0.000785757,5.447362163,0.217728257,0.302656052,0.002387294,1.730793550,0.000761696,5.437893726,0.217742640,0.002431058,1.792794624,0.003476768,4.506288426,4.957501430,0.217822988,0.002382299,1.791396888,0.000782661,5.444453416,0.221656049,0.001469009,1.791572293,0.000759551,5.388166143,2.579768162,0.217737846,0.002527616,1.791359919,0.000785519,5.442888310,0.218004753,0.002402041,1.792504687,0.006713454,5.442382221,0.219865365,0.004019041,1.792015577,0.000759789,4.726778199,4.779661667,0.684639123,1.087905494,1.114458761,0.000036954,0.184320327,0.586426861,0.000041961,0.636250362,2.183990058,1.950156416,0.009197485,0.002789181,0.219047918,0.005693647,0.001029677,0.218226545,0.003142183,0.000124923,0.000085111,0.001461867,0.000150908,0.000097031,0.085732616
TPLinkSmartPlug,47,51,1479955484.761224,1479959732.757855,0.225547923,0.002484808,0.076697130,0.227850854,0.037220776,0.114815890,0.232740526,0.047475001,1.470327084,0.001749652,1.738241230,3.480896003,4.158498287,1.791746316,0.000034093,4.862639396,0.220526490,0.001634691,1.792291319,0.000773846,5.390696072,2.600620581,0.228765270,0.002404182,1.792033772,0.000793619,5.446645079,0.222650571,0.006822624,1.790824034,0.002285489,5.445996066,0.218417243,0.004116633,1.791992417,0.000776704,4.709204744,4.802919323,0.219383592,0.229245768,0.169406066,0.000860559,0.056589293,1.705301374,0.000792666,5.039554333,0.021069398,1.788127050,0.000061033,1.793782589,0.000352797,0.001080406,0.257429830,1.742435463,0.002211508,4.121317727,0.226108892,0.000626606,0.010747172,1.790463978,0.001728470,5.445974188,0.218339243,0.002510730,1.791549440,0.003525948,1.502506575,5.430848079,0.218229803,0.328443774,0.002722132,1.725496788,0.000759789,5.447767764,0.218270054,0.001531857,1.792526644,0.000717859,4.882190280,4.614238307,0.218375274,0.317336788,0.000879616,1.728226675,0.001966925,5.438777636,0.218477416,0.313759844,0.000830544,1.728792343,0.002701445,5.447352954,0.219178908,0.002619409,1.792875519,0.007538443,3.220565043,5.336462318,0.222164793,0.002460788,1.792185393,0.001121369,5.445993957,0.218434107,0.002641524,1.792513541,0.005832794,5.029682204,4.381240665,0.218207377,0.002735209,1.792756793,0.000787663,5.445988234,0.218379490,0.002875719,1.792762629,0.000761696,5.445989860,0.218520915,0.002931823,1.792662707,0.007041164,3.798418691,5.236900603,0.218353617,0.305507828,0.002402992
TPLinkSmartPlug,48,52,1479959737.400239,1479963293.796878,1.730306680,0.000801719,5.447726464,0.218382557,0.016759783,1.789865030,0.000767651,5.148652840,4.104924166,0.218241304,0.002615604,1.792631740,0.001114463,5.430941609,0.022330854,1.489172412,0.218373740,0.000835785,0.843209765,0.000760743,1.789408205,0.000334922,0.001071356,0.244659342,5.439152254,0.218349017,0.008935938,1.790897930,0.000762648,4.158207307,5.129156861,0.218349593,0.002440096,1.791981770,0.000787663,4.787615993,0.002245526,1.791617640,0.000056026,4.680530000,0.218348826,0.306800689,0.026840584,1.725501076,0.001572801,5.256353178,3.670732945,0.218320845,0.002481954,1.791842952,0.001682534,5.446020149,0.659175120,1.055012878,1.160625394,0.000041961,0.190596549,0.851027461,2.138654346,2.066799332,0.008920106,0.003033325,0.135130350,0.000846742,0.001748463,0.134785165,0.003169040,0.000118964,0.000086065,0.001921000,0.001192336,0.000090118,0.086903109,0.135391502,0.002329257,0.045184642,0.144835947,0.037783172,0.167354282,0.144005979,0.075616534,1.571413063,0.000771701,1.400657243,3.432440749,4.109314944,1.791694458,0.000041961,4.751941895,1.791688100,0.000041007,2.741615860,0.134811417,0.002519768,1.792956607,0.002647468,4.148010029,5.132923190,0.134825377,0.002400138,1.791893650,0.000781707,5.445996412,0.134833294,0.002288344,1.792496031,0.000762648,5.254122561,3.724995807,0.134667229,0.003818840,1.791206304,0.000787663,5.446013119,0.134682024,0.002589684,1.791830953,0.006381610,5.445968977,0.134669938,0.201214489,0.061502290,0.000831735,0.076519357,1.730050540,0.000765507,4.424212972,5.008558306
TPLinkSmartPlug,49,53,1479963293.940699,1479966393.420228,0.134374413,0.000426917,0.018745060,1.790123454,0.000780754,5.445970854,0.134715364,0.009757207,1.790587114,0.000764792,5.352791024,3.078534142,0.134682024,0.242343761,0.002851945,1.744756782,0.008697012,5.447286014,0.134738075,0.002192476,1.793008519,0.001642785,3.778551654,0.021143865,1.792488367,0.000755739,1.789189674,0.000324912,0.001076358,1.791557628,0.000040053,0.007612979,1.793106540,0.265763977,5.128339921,0.135264058,0.005519626,1.791276873,0.000759551,4.633390813,4.867272970,0.134659310,0.233831848,0.008515712,1.746561084,0.001069212,5.446876888,0.134666395,0.002584691,1.791728792,0.000759789,5.441115205,0.653286137,0.134824543,0.002557818,1.791955629,0.000769558,5.444198129,0.134838502,0.001471866,1.792053436,0.000762648,5.445996516,0.135077860,0.002646518,1.792388776,0.002176775,4.815415082,4.694999336,0.134844544,0.002707390,1.792422609,0.000783613,5.445974084,0.449200640,0.758933543,1.185404793,0.707503600,0.000040053,0.183694739,1.462026169,2.311222684,2.134993544,0.009239298,0.002675289,0.217582501,0.000836738,0.000962510,0.217884155,0.005902479,0.000125162,0.000087972,0.000976562,0.001083264,0.000095124,0.084091139,0.218170382,0.002282397,0.090493946,0.226269953,0.039161070,0.114440443,0.222529006,0.059796041,1.469967308,0.001002524,1.902989827,3.620397864,1.791686789,0.000041961,0.693124769,0.000043868,4.215180015,1.791384565,0.000042199,4.670689752,2.078164979,0.217686451,0.002464831,1.791772821,0.004095501,5.446007131,0.217615490,0.271499290,0.206107201,0.000835785,0.012964484,1.695144137
TPLinkSmartPlug,50,54,1479966393.423067,1479971286.215089,0.002835065,5.448254995,0.217354810,0.000336828,0.002288582,1.791660282,0.001744417,4.754368432,4.759979649,0.217627573,0.383934992,0.000859606,1.710613941,0.002964628,5.438376508,0.217566390,0.002392052,1.792296681,0.000754548,5.445994505,0.217623545,0.002571849,1.792730831,0.000782661,2.266044946,5.406916125,0.217617024,0.002566617,1.791650307,0.000758837,4.619722988,0.021257539,1.788081864,0.000061033,1.793780090,0.000345885,0.001083502,0.242859110,1.744902458,0.000761696,4.749465265,0.217670917,0.326492539,0.000831735,1.725733467,0.000767651,4.931088352,4.543197744,0.221434251,0.002589446,1.791374906,0.001705622,5.441968112,0.217637162,0.002607519,1.792821894,0.000779802,5.441958064,0.217604941,0.002440096,1.791732965,0.000760743,3.481083829,5.296874511,0.217622778,0.002419165,1.792948431,0.000787663,5.442852140,0.217632368,0.306208971,0.000838643,1.731053596,0.000772654,5.085644592,4.257388679,0.217726531,0.306795425,0.000862703,1.731056256,0.000783613,5.446452568,0.217587488,0.002386105,1.791730978,0.000769558,5.442427971,0.217554306,0.002482906,1.791980459,0.004036851,4.001906485,5.178402893,0.217606668,0.002687178,1.791521141,0.000784566,5.442432139,0.221426036,0.002419165,1.792692681,0.001363064,5.215460006,3.866831373,0.217637162,0.002490992,1.792726981,0.003123170,5.441944209,0.217546442,0.002350189,1.791898140,0.000759551,5.443325350,0.217623545,0.008227267,1.791445900,0.000763840,4.361077269,5.036716971,0.221533598,0.002453890,1.792356291,0.000778610,5.210780790,0.305475331,0.002581837,0.236764769
TPLinkSmartPlug,51,55,1479971290.587549,1479974888.645119,1.681285883,0.000056980,3.797488047,0.221430813,0.306095571,0.000829591,1.731089020,0.002412031,5.331354476,3.274105862,0.222272659,0.307210403,0.001584704,1.729898964,0.000791714,5.447343387,0.221418775,0.305308792,0.000829829,1.730389074,0.000763601,5.437905216,0.771096547,1.202374552,0.919474079,0.000041007,0.186065302,1.372423615,2.333177630,0.281232901,0.009284652,0.002489803,0.134313338,0.000833640,0.000959413,0.134384210,0.003160009,0.000112766,0.000086065,0.002871915,0.000188094,0.000090833,0.084424909,0.135023702,0.002269314,0.079422921,0.151008910,0.038100858,0.103678585,0.141707079,0.053197494,1.583715322,0.000860559,2.659009106,3.644094622,1.792491186,0.000041961,0.690876648,0.000043868,3.244146969,3.803467254,1.791744330,0.000039815,4.634469053,0.135088484,0.002480765,1.792152584,0.001554711,5.445985166,0.135238859,0.003025242,1.792604108,0.001278299,5.342517498,3.169025783,0.135123476,0.001480913,1.791750966,0.000789569,5.446296279,0.135206369,0.002538794,1.792460055,0.000802672,5.445978959,0.135127641,0.004171243,1.791127619,0.000756693,4.615816056,4.880996529,0.135102439,0.002404182,1.791761456,0.000790760,5.445992866,0.135207203,0.002333301,1.792552810,0.000759789,5.434295049,1.306340311,0.135086817,0.002526665,1.791454605,0.000770749,5.446006371,0.135191583,0.001445916,1.792183367,0.001336158,5.446004875,0.135044742,0.190080553,0.047287180,0.000811724,0.090035392,1.731862775,0.000762648,4.797250091,4.716272055,0.134022920,0.001212339,0.001414966,1.792688711,0.000780516,5.431814942,0.020194753
TPLinkSmartPlug,52,56,1479974891.877200,1479978452.623929,1.442693819,0.135099940,0.002072807,0.965581677,0.000765746,1.789408882,0.000338021,0.001613744,0.250412322,1.742705603,0.000041007,5.417066526,0.135078069,0.002366126,1.791677450,0.000898672,2.578603100,5.392041284,0.135104313,0.229716181,0.000847696,1.748390480,0.000777658,5.446883047,0.135093483,0.004326745,1.791166466,0.000765746,4.948926634,4.519689388,0.135117227,0.002610610,1.791983597,0.001039442,5.445990011,0.135049115,0.002523812,1.792622410,0.000991568,5.445975064,0.415449185,0.709021970,1.119720283,0.872221813,0.000041007,0.181419570,1.263237572,2.225275678,2.200418017,0.008978707,0.003038316,0.217772363,0.002067811,0.000963462,0.217819152,0.003106057,0.000126115,0.000085827,0.001282346,0.000103946,0.000064848,0.084329370,0.218356875,0.002471965,0.093846433,0.228017138,0.038983146,0.111384008,0.222849014,0.058747151,1.469861335,0.000798622,1.497519723,1.745411286,3.377444502,1.791745641,0.000039100,4.127911066,4.875053794,0.218607714,0.002559721,1.791479765,0.000760505,5.444901490,0.218567476,0.002738062,1.791382101,0.000758598,4.910049863,4.566978386,0.218482399,0.002402992,1.792366458,0.000794572,5.442856697,0.218480674,0.236553261,0.178945061,0.000837690,0.045190338,1.703602160,0.001253296,5.443765062,0.217542414,0.001166141,0.005588385,1.791343740,0.000762648,3.386523852,5.310944625,0.218557896,0.002465068,1.791428410,0.000847696,5.441979701,0.218646225,0.002521908,1.792324123,0.002889983,5.069327256,4.289478017,0.218468601,0.002552586,1.792545028,0.000979420,5.442400256,0.218481441,0.002549733
TPLinkSmartPlug,53,57,1479978457.630243,1479982244.462058,1.792811256,0.000976562,3.800003990,0.020604262,0.001543760,0.296557635,1.728441372,0.000061987,5.207699289,0.218606948,0.002981505,1.791345688,0.000766699,3.970048715,5.187474233,0.218582039,0.002616556,1.791653288,0.004362352,5.443757921,0.218602924,0.002556629,1.791582269,0.000760743,5.204855915,3.906875095,0.218493513,0.002635579,1.792508856,0.000786710,5.441951961,0.218581273,0.248963191,0.072009937,0.005726599,0.150664038,1.700514409,0.001241390,5.443769727,0.217563130,0.001292109,0.001360206,1.791849627,0.006905026,4.334259788,5.048102900,0.218482399,0.002577556,1.791935446,0.000786710,5.442417130,0.218475117,0.002471015,1.792209184,0.000750737,5.326979218,3.299500442,0.218865577,0.002526903,1.791367711,0.000777895,5.446025808,0.218615761,0.303648552,0.000823636,1.732410494,0.000772654,5.447339217,0.218594685,0.301719695,0.000834594,1.732048390,0.000760743,4.576272624,4.912568375,0.218464577,0.303229452,0.000864609,1.731680501,0.000785519,5.447351632,0.218512866,0.002513823,1.791747469,0.000773608,5.413290315,2.135879758,0.218925148,0.001471866,1.791742462,0.000797669,5.446020840,0.218467835,0.002569708,1.791532946,0.000767651,4.710587516,0.021624383,1.788020682,0.000060795,1.793794565,0.000363045,0.001746559,0.256934109,1.743091153,0.000763601,4.669966987,0.710506171,1.122326185,1.061935512,0.000041007,0.339282543,1.046640534,2.228727235,1.507792889,0.009543510,0.003050200,0.209773897,0.003112950,0.000159966,0.209841163,0.003126022,0.000112051,0.000086065,0.001756317,0.000104184,0.000064848,0.088894302
TPLinkSmartPlug,54,58,1479982244.696390,1479985945.245639,0.210529808,0.002279543,0.016125144,0.220655756,0.037872703,0.121374686,0.216311604,0.036611406,1.502296043,0.000761696,2.201584055,3.530823438,1.791826105,0.000042199,3.934566380,2.498500843,1.791716434,0.000039100,0.692970139,0.000041961,4.786865422,0.210644150,0.281373268,0.202522814,0.000862703,0.007779538,1.694928605,0.000786710,5.025460693,0.001946936,1.791386752,0.000057934,4.332221035,0.209594690,0.001146375,0.001522812,1.791770794,0.000775751,5.407465302,2.280169234,0.210542170,0.378544561,0.000854604,1.712008394,0.000714761,5.438411289,0.210640867,0.002463879,1.792754332,0.002368266,5.446009628,0.210490983,0.344450407,0.000832688,1.720994285,0.001269250,4.758652014,4.759351555,0.210638356,0.002409177,1.792250014,0.000778610,5.446046961,0.210483837,0.001446869,1.792361970,0.000763601,5.447066697,0.210602046,0.002479100,1.792744646,0.000792666,2.039896732,5.416754100,0.210486927,0.308207156,0.000851745,1.730972312,0.005118836,5.447362508,0.210580993,0.003107007,1.792142574,0.000762648,4.907048841,4.580879747,0.210585050,0.304377730,0.000871517,1.731346119,0.000783852,5.447393458,0.210528263,0.002501932,1.791778105,0.002062100,5.446053979,0.210484416,0.297687748,0.000832449,1.732466194,0.000773846,3.284254529,5.330138351,0.210965667,0.002552825,1.792789265,0.000781707,5.086873345,0.020758164,0.001668491,1.787887177,0.000061987,0.031472392,1.793689273,0.270874849,1.792110241,0.000779802,0.527607164,0.020884490,0.001136372,0.269106847,3.999476180,0.210489438,0.002351378,1.792945097,0.002446042,5.038399283
TPLinkSmartPlug,55,59,1479986022.996891,1479989345.705076,4.366294175,0.211502455,0.001472819,1.792816932,0.000778610,5.445582943,0.210508947,0.002576605,1.791759787,0.002004045,5.445605158,0.210517640,0.002818186,1.792320946,0.001410205,3.829620242,5.229446771,0.214850823,0.297331847,0.000851745,1.732940930,0.004283777,5.447357890,0.214809858,0.296978122,0.002490040,1.732328773,0.000766699,5.157220784,4.081948579,0.211000612,0.000861512,1.792013432,0.001056590,5.446056631,0.210499289,0.002407036,1.791780291,0.000765746,5.446059535,0.210973003,0.002480765,1.791606790,0.000758837,4.179821983,5.121323788,0.210635266,0.296217820,0.000857700,1.733050666,0.001137325,5.447397959,0.210649945,0.001743465,1.791648122,0.005288895,5.261682812,3.689729145,0.704556338,1.114488877,1.074301836,0.000041007,0.184979805,1.086813959,2.218338226,1.231036926,0.008947753,0.002671484,0.134301040,0.000842455,0.000956554,0.134338561,0.003092271,0.000111097,0.000067947,0.014529967,0.000118010,0.000074860,0.084993573,0.135006414,0.002312131,0.068272493,0.145519296,0.040369011,0.107272972,0.141074125,0.053889471,1.582682594,0.000779563,2.297297750,3.519514587,1.791744290,0.000040053,0.693132637,0.000042914,4.103240577,1.791747111,0.000040053,4.793752975,0.135039534,0.219927937,0.120490557,0.000849601,0.014452185,1.726351413,0.000764555,5.438309661,0.134070044,0.001079453,0.003016448,1.791538113,0.001327110,4.216498463,5.106147786,0.135953978,0.284042255,0.001430918,1.735904888,0.000791714,5.403549371,0.020133068,0.002909715,0.273645774,1.733680743,0.000059126,1.782569207,0.135331947,0.000836738
TPLinkSmartPlug,56,60,1479989350.710242,1479994345.277974,1.792620108,0.000769558,5.275771330,3.618632238,0.135044742,0.005866927,1.791923607,0.000778610,5.445450501,0.135071820,0.252757647,0.001221149,1.742948550,0.000768605,5.442780692,0.135044742,0.001487817,1.791641644,0.000852698,4.482855376,4.967144980,0.136009541,0.241297844,0.000858653,1.745094038,0.000782661,5.443792739,0.135086609,0.235445124,0.000847696,1.747529780,0.000766699,5.383415833,2.676246110,0.135139097,0.002393002,1.792900485,0.002567806,5.441915663,0.135079527,0.002508828,1.792797283,0.000761696,5.441929539,0.135141805,0.003327311,1.792415620,0.001013480,4.720639400,4.785410997,0.136026190,0.230630597,0.001029438,1.747858255,0.001434965,5.446821653,0.135070987,0.230287505,0.007967121,1.747012597,0.000756693,5.443257047,0.135213451,0.002342102,1.791448285,0.000794572,1.722177300,5.421899600,0.135039326,0.006814809,1.792173715,0.000755739,5.444939887,0.136375314,0.004235108,1.792680850,0.000753834,4.903737175,4.585240961,0.135065780,0.021428610,1.789019907,0.000780754,5.445986736,0.135179295,0.002577556,1.792753657,0.007002337,4.026838088,0.258817245,0.002616556,0.248013299,1.691074318,0.000052928,5.145911765,0.135149511,0.002505974,1.791696445,0.000758837,3.292231003,5.327517245,0.135064738,0.002577795,1.792285679,0.000788616,5.445984696,0.135033493,0.002872866,1.792811415,0.000766699,5.042979313,4.352635800,0.135029118,0.002491943,1.791474399,0.000775751,5.446006113,0.135040367,0.002411079,1.792063447,0.000757646,5.446870539,0.135040367,0.229624086,0.002256468,1.748048605,0.000913441,3.850292570
TPLinkSmartPlug,57,62,1479994530.306177,1479997856.859650,5.225898291,0.490840165,0.819977575,1.242174525,0.489768838,0.000038146,0.184300299,0.586449143,0.000039100,1.472711025,2.396350797,1.281156318,0.009134172,0.003037366,0.222232759,0.000840549,0.000962510,0.222229704,0.003088231,0.000113958,0.000082967,0.004102625,0.000107998,0.000065802,0.089042407,0.222745981,0.003593418,0.076800025,0.231893836,0.039758120,0.107633992,0.229906216,0.050881246,1.467575491,0.000765507,2.592005418,3.712012140,1.791749654,0.000040053,4.329050293,1.791747787,0.000034093,4.568192853,0.223014797,0.299040256,0.212617961,0.001608746,0.009935450,1.687834941,0.000769796,5.018878737,4.382311656,0.221993331,0.001247343,0.003717893,1.791969772,0.000786710,5.445982191,0.222858744,0.002347097,1.792151909,0.000782661,5.445998594,0.222859507,0.002521908,1.791489424,0.000752643,3.796620485,5.237909194,0.222894612,0.002500980,1.791864964,0.000789569,5.445988501,0.222901861,0.002510969,1.791872950,0.002563764,5.149780745,4.103392078,0.222985038,0.337731553,0.000863656,1.723837273,0.000793619,5.447751159,0.222874770,0.002669345,1.792018597,0.001381159,4.563534225,0.290929360,0.002503834,0.272189631,1.675415729,0.000060795,4.882113892,0.223027578,0.321312052,0.000828638,1.727006539,0.000773608,4.153088454,5.132900666,0.222965199,0.002376116,1.791553772,0.016924124,5.445928877,0.222869809,0.002625592,1.791449914,0.000760743,5.253179484,3.729448682,0.222943450,0.002362320,1.791401738,0.000777658,5.446002761,0.222869046,0.308521031,0.000825541,1.731248226,0.000763601,5.437854405,0.222958903,0.307921219
TPLinkSmartPlug,58,62,1479997856.860494,1480000947.891029,0.000843646,1.729837963,0.000797907,4.440340259,5.000052290,0.222841954,0.307658863,0.000861751,1.730553165,0.000783613,5.447328650,0.222880302,0.002438906,1.791741310,0.000978706,5.356250425,3.039686192,0.222906058,0.309729897,0.000852698,1.729510746,0.000789807,5.437888665,0.222932195,0.002538794,1.791890631,0.001646593,5.445986012,0.222972257,0.002494083,1.791813112,0.000758837,4.659428665,4.846167456,0.222958712,0.308309982,0.001132562,1.729832637,0.000787663,5.447356550,0.222853974,0.001472819,1.792493886,0.000761696,5.445963650,0.222927616,0.307543524,0.000878425,0.503154964,1.608247591,0.014713234,5.438194559,0.222973020,0.307489181,0.000825779,1.731310323,0.002201516,5.087367304,0.021022474,1.788144119,0.000059841,1.793755503,0.000372817,0.001225197,0.241924553,1.745358758,0.000771701,4.028084131,0.222875533,0.002522860,1.792395090,0.000813630,4.838930240,4.668045346,0.222984275,0.002378256,1.792338301,0.041683897,5.445798233,0.775223803,1.207161451,0.909856906,0.000043868,0.187615946,0.586723256,0.000041007,1.163170196,2.339445807,0.808894807,0.009319375,0.002666492,0.134614924,0.000834594,0.000808627,0.134649725,0.003718131,0.000133029,0.000086065,0.001167331,0.001546616,0.000094171,0.084667222,0.135265932,0.002644378,0.077089664,0.149634044,0.039643551,0.103844718,0.140352093,0.054867861,1.582616620,0.000784804,2.602331322,3.650764366,1.791828449,0.000043153,4.262788308,1.791745283,0.000041007,4.634727086,0.134673272,0.218535478,0.111672758,0.000857700,0.024520797,1.113488477,1.273919572,0.000796478
TPLinkSmartPlug,59,64,1480001179.024070,1480005904.950241,5.447310661,0.134379625,0.000344933,0.003628340,1.791487595,0.009076761,5.445966109,0.134708279,0.001486864,1.792434443,0.000759551,4.837648300,4.669590418,0.134672439,0.264899619,0.000874613,1.741267241,0.001791540,5.447605382,0.134849128,0.002767069,1.791693981,0.000765746,5.445999699,0.134686400,0.002473868,1.792368959,0.000771701,2.883217618,5.370423670,0.134842878,0.238879832,0.000912726,1.747202900,0.000779802,5.446865984,0.134801834,0.001446869,1.792363281,0.000760743,4.981635639,4.467234698,0.134703070,0.233919782,0.005129747,1.747169994,0.000781707,5.446870289,0.134698694,0.002591587,1.792025112,0.000760743,5.445992862,0.135619486,0.002411079,1.792466528,0.000959651,3.626240354,5.274620531,0.135691098,0.002476008,1.792357602,0.000784804,5.363449110,0.004565530,0.002663400,0.254977027,1.740760190,0.000061987,2.664789681,0.134759953,0.002492894,1.791457427,0.000797669,5.109379106,4.208626138,0.134823710,0.229330125,0.000826494,1.748277185,0.005468884,5.400974085,0.002122770,1.791295200,0.000064133,1.841418908,0.134909337,0.002558770,1.791834489,0.000788616,5.446013791,0.134733700,0.002399900,1.791833138,0.000744781,4.052294279,5.166469539,0.134784331,0.002551635,1.791457109,0.000790760,5.446010370,0.134669938,0.002462928,1.791957138,0.000740731,5.223503326,3.855585766,0.134697027,0.001473770,1.792442424,0.004377308,5.446263566,0.134809542,0.230876105,0.002403944,1.747299118,0.001704432,5.446897794,0.134817667,0.002508828,1.792466726,0.000769558,4.348611066,5.046347995,0.134855170,0.002538794,1.791371407
TPLinkSmartPlug,60,65,1480005904.953154,1480009700.034260,0.002908763,5.446000190,0.134711822,0.002461977,1.791989119,0.000755502,5.325057740,3.310814003,0.142701858,0.221029311,0.001923142,1.750751191,0.000784566,5.446834156,0.134690984,0.002468874,1.791776953,0.000765746,5.446000019,0.503625079,0.838109048,1.287579790,0.342136216,0.000039815,0.184289790,1.729465327,2.442003674,1.294391784,0.008803130,0.001140420,0.222177394,0.000845790,0.000958461,0.222214241,0.003133152,0.000118010,0.000082967,0.002459123,0.000809580,0.000096078,0.084753748,0.222766588,0.002333301,0.081142203,0.233834868,0.038748542,0.103002376,0.228372206,0.052889317,1.470963609,0.000747639,2.662063435,3.760842097,1.791663660,0.000041961,2.648259776,4.202302962,1.791528614,0.000041007,4.491342893,0.219112266,0.002491943,1.792180031,0.001993099,5.446601319,0.222992478,0.000828638,1.793246691,0.001087313,2.710908724,0.182728812,0.002937766,0.268224773,5.225190821,3.477206793,0.222976453,0.002551635,1.792880679,0.000781707,5.445966726,0.222958712,0.003187816,1.792588465,0.000773608,5.445966169,0.219000612,0.001493768,1.792050774,0.000766699,4.524072781,4.946070063,0.218578781,0.003184013,1.791778304,0.000776704,5.446017647,0.219141949,0.209506330,0.151349156,0.000836738,0.076481370,1.709163207,0.000755739,5.393883192,2.398654976,0.218110192,0.001138278,0.001835330,1.791415253,0.001826286,5.446021965,0.219162822,0.004319623,1.792546497,0.004311789,5.446366070,0.219117053,0.005541677,1.791972434,0.000768842,4.731716383,4.781958781,0.222916360,0.002500743,1.791582309,0.001089456,5.445998396,0.218578781
TPLinkSmartPlug,61,66,1480009700.036596,1480013282.710237,0.002333301,1.792366617,0.001482817,5.445996943,0.218653505,0.294670619,0.015803449,0.000838643,0.204084715,1.690091387,0.001047301,1.660071147,5.428826091,0.218103674,0.001143278,0.001531857,1.791975930,0.000759789,5.446015460,0.219076071,0.006871403,1.790898089,0.000770749,4.888809764,4.605540167,0.218782823,0.002606568,1.791699982,0.005664962,5.445995872,0.219089860,0.002594678,1.791552103,0.003146937,4.358377205,0.022350439,0.002519768,0.251527181,1.738420427,0.000058887,5.008561244,0.218760409,0.002617506,1.791875493,0.000764555,3.201942626,5.338247804,0.219211844,0.002445090,1.792389252,0.000781707,5.445548377,0.219197291,0.002619647,1.792959742,0.000761696,5.027887856,4.384711052,0.218777267,0.003198035,1.792775451,0.001276155,5.445533277,0.219104223,0.002591587,1.791817960,0.000909630,5.445564472,0.219203801,0.002644615,1.792308635,0.001275203,3.797470594,5.237715163,0.219090434,0.004197360,1.792060427,0.028980848,5.445875251,0.404829600,0.693149088,1.098615627,0.916272803,0.000038861,0.184297920,1.193208605,2.197229028,2.357526865,0.009472898,1.792941287,0.000781707,0.882867482,1.520862865,0.000375915,0.001077309,0.218356109,0.000822683,0.000935593,0.218418010,0.003140044,0.000110143,0.000082967,0.003010505,0.000116818,0.000065086,0.086491450,0.218928213,0.002314272,0.073795817,0.229709170,0.036981852,0.110863022,0.227526745,0.053883823,3.324605529,4.174389331,1.791745998,0.000042914,3.810480813,4.574639667,0.218645459,0.002392052,1.791627973,0.001118511,5.446019062,0.218809259,0.001509004,1.791652294
TPLinkSmartPlug,62,67,1480013282.710994,1480018178.457658,0.000756693,5.446023431,0.219072816,0.002441047,1.793001375,0.001061353,3.317380206,5.324163465,0.222887552,0.228871856,0.181928924,0.000862703,0.046988550,1.704565360,0.000783613,5.447776422,0.218128594,0.001198289,0.001434965,1.792032262,0.000763840,5.043615686,4.354168049,0.219412693,0.002527854,1.791716950,0.001158282,5.446011660,0.219069751,0.333699061,0.000828638,1.723708997,0.000759789,4.636705567,0.021069398,0.002456982,0.246678804,1.739756657,0.000061033,4.828973910,0.218663085,0.002552825,1.792826062,0.000764792,3.836035188,5.228342941,0.218601199,0.002337344,1.793033481,0.000805530,5.445984361,0.219173929,0.002480052,1.792806572,0.000571802,5.160163352,4.071299352,0.218614803,0.312475956,0.000857700,1.730135068,0.000789807,5.437881415,0.219101733,0.002491943,1.792969069,0.000653768,5.445981971,0.219082391,0.002530945,1.792935929,0.000938452,4.216712907,5.106034877,0.219110542,0.002451987,1.792871352,0.000809580,5.445985214,0.219092158,0.305033975,0.000988471,1.731836238,0.003347272,5.276509612,3.627688924,0.219187717,0.001490911,1.791537755,0.000783852,5.446023768,0.222874770,0.002671484,1.792155205,0.001732516,5.446003443,0.219301647,0.002573751,1.791874619,0.000781707,4.465003849,4.982949283,0.218620359,0.002527854,1.792907154,0.001205194,5.445984645,0.218640669,0.002601574,1.792821259,0.000758598,5.369581154,2.893336201,0.218885690,0.002586593,1.792698040,0.001225197,5.445988380,0.222850730,0.002441047,1.791825310,0.000749545,5.109784429,0.021661713,1.788014818,0.000057934,1.793781914,0.000353036
TPLinkSmartPlug,63,68,1480018178.458748,1480021562.010233,0.001089456,0.250064997,1.743511709,0.004054897,3.954582368,0.218759642,0.002432009,1.792604108,0.000765746,4.668462916,4.839181350,0.219158801,0.305559293,0.000861751,1.730999379,0.000779802,5.447350093,0.218694315,0.002360417,1.791782278,0.000598967,5.446023245,0.601919098,0.846925313,0.280944366,1.256996822,0.000045060,0.184478348,0.466577144,2.031190060,2.133552662,0.010404630,0.002637482,0.134922461,0.000856509,0.001007526,0.134982666,0.003187102,0.000114911,0.000085111,0.003124120,0.000153768,0.000088211,0.082693487,0.135556613,0.002390148,0.077744134,0.147314110,0.038381044,0.108950417,0.140651035,0.071482230,1.578811238,0.000782898,0.582589806,3.314015950,3.988929456,1.790917935,0.000041007,4.624818547,1.791745800,0.000041007,3.731484577,0.135071820,0.214365089,0.120567699,0.002329257,0.013618771,1.725983925,0.000761696,5.437896035,0.134679524,0.000413809,0.002204609,1.792526843,0.000774799,4.673310288,4.834477485,0.135029952,0.002290485,1.791421891,0.000780754,5.446009602,0.135049949,0.269575999,0.000833640,1.739266134,0.000759789,5.437885347,0.134992248,0.002422020,1.789368613,0.021004031,0.000765507,5.446297275,0.135004539,0.250606074,0.000830782,1.744168779,0.000759789,5.447324966,0.135007246,0.002427966,1.792743495,0.000760743,4.856989253,4.646183023,0.135084942,0.243570248,0.000855795,1.744853027,0.000796478,5.447346497,0.134967875,0.002601574,1.791884472,0.000753834,5.445997623,0.134938085,0.002410127,1.792413119,0.000763601,3.015541520,5.358585698,0.135006414,0.229695716,0.000859606,1.747663342
TPLinkSmartPlug,64,69,1480021562.011028,1480025266.611329,0.000794810,5.394256394,0.159496357,0.003145035,0.166271692,1.730325441,0.000061033,2.066980737,0.135035159,0.002422020,1.792322495,0.000758598,4.998837857,4.437751887,0.134992248,0.002682423,1.792869010,0.000779802,5.446297948,0.134987873,0.228581467,0.000831735,1.749022456,0.000771701,5.446884490,0.135495402,0.003109147,1.792904018,0.000779563,3.689568592,5.261610415,0.135014954,0.230726764,0.000855557,1.748329725,0.000772892,5.446880322,0.135025577,0.002374212,1.791613944,0.000761696,5.123280329,4.171929652,0.134977458,0.004149399,1.792580127,0.000791714,5.445973546,0.134995789,0.002360417,1.791667793,0.000960366,5.445996659,0.134846211,0.001462106,1.792593269,0.003798889,4.095468448,5.151870659,0.134811625,0.004389176,1.791032545,0.000778849,5.446423740,0.134931003,0.001467105,1.792769615,0.001340207,5.236481169,3.802558680,0.134941627,0.002530708,1.791520625,0.000784566,5.446004837,0.135057864,0.002355184,1.792116398,0.000758837,5.445990588,0.134958293,0.230674328,0.009674096,1.747245069,0.001114463,4.383132274,5.030081099,0.492367853,0.823989488,1.269763074,0.422021988,0.000041961,0.180201001,1.685929397,2.325005474,0.008851576,0.003923340,0.134879545,0.000844598,0.000959651,0.134969542,0.003146223,0.000115864,0.000087019,0.001383063,0.000101084,0.000064848,0.084465225,0.135511226,0.002300237,0.084895241,0.153858677,0.037584796,0.101249849,0.067188323,0.078423085,0.053042852,1.581683704,0.000773846,2.861063714,3.736719023,1.791745641,0.000037908,4.355684970,1.791746157,0.000034808,0.693133710,0.000039100
TPLinkSmartPlug,65,70,1480025353.260596,1480029836.141812,4.473343248,0.135221156,0.002427014,1.792163070,0.000749784,3.277322371,0.020434920,2.396749167,0.000328725,0.002578745,0.249219849,1.742893557,0.000039100,4.994167156,3.801429308,0.134985374,0.002316175,1.792541177,0.006475892,5.445958487,0.135083276,0.005453945,1.792431266,0.000758598,2.150102004,0.002074710,5.412702908,0.135092857,0.202545594,0.072068727,0.001255201,0.065944961,1.730109204,0.001025628,4.383451220,5.016194472,0.134634097,0.000522001,0.002087796,1.792090737,0.000797669,5.445976695,0.135101397,0.243833712,0.000858653,1.744661901,0.000796716,5.347343360,3.139557166,0.134994957,0.002278591,1.791632782,0.000788616,5.445997995,0.134983707,0.236928826,0.000824827,1.747105634,0.000760743,5.446880029,0.135125975,0.002620598,1.791565298,0.000781707,4.621130166,4.876881445,0.135084110,0.002496937,1.792172524,0.000787663,5.446781177,0.135072654,0.229290316,0.000846505,1.748481688,0.001267345,5.435747636,1.242958221,0.135085776,0.002491705,1.791997303,0.001010384,5.445991378,0.135103272,0.002568758,1.792551182,0.004705783,5.445959785,0.135220323,0.002380159,1.791502103,0.000780754,4.799441814,4.713016047,0.134917253,0.001481865,1.792270667,0.000797669,5.445993492,0.134889962,0.002439145,1.792571114,0.000758837,4.611296561,0.271257013,0.002674338,0.236984885,1.692595482,0.000054834,4.845749150,0.134860378,0.002397046,1.792438930,0.000762648,2.603171422,5.390520324,0.136265264,0.002466971,1.792893024,0.001004429,5.446720350,0.134990582,0.229372774,0.003198035,1.748748416,0.000769796,4.951461366,4.517970178
